champion,d0,d1,d2,d3,d4,d5,d6,d7,d8,d9,d10,d11,d12,d13,d14,d15,d16,d17,d18,d19,d20,d21,d22,d23,d24,d25,d26,d27,d28,d29,d30,d31,d32,d33,d34,d35,d36,d37,d38,d39,d40,d41,d42,d43,d44,d45,d46,d47,d48,d49,d50,d51,d52,d53,d54,d55,d56,d57,d58,d59,d60,d61,d62,d63
Aatrox,-0.2829614843640229,-0.26579588674770127,-0.07772989570051672,-0.17586453586334455,0.04152073981977992,-0.6090918346395355,-0.055544199329443114,0.12163816643336237,-0.2322209441555715,0.1244302995897551,-0.01306684708635569,0.0628612463356491,0.5497463168441198,0.013935113980507811,0.10043741734724533,-0.45527016573562085,-0.004225209177340787,-0.06488750761582052,0.6044615511211883,-0.16069050749561212,-0.012234510470616088,-0.3569027933288792,0.2677915093856162,-0.32273074282577324,-0.4254025806083193,0.04405823400041853,0.2528179179993612,0.19163183825095753,0.26688553544570087,-0.4723304020646346,-0.1469676372874945,-0.22554417148243205,0.01445746248343197,-0.05432811011054074,0.41117849143363455,-0.11946384856770119,-0.23432272089904313,-0.24363161495186586,0.14443278902185494,0.33478992220622655,0.21125585821628687,0.02603543098570615,-0.10037113154604758,-0.11682678313170883,-0.17957733168505768,0.19751849488770232,0.160758211510454,-0.13948709354577096,0.061261572355366035,0.26873492193996695,-0.05765024692291348,-0.17205077839437552,-0.06443181751297745,-0.3151974201047126,-0.25665847638374495,0.3232499020096854,0.33395139388564926,-0.2252126881190611,0.38561037502240814,-0.11762994397543255,-0.10240705212125087,-0.5675616299842035,-0.2387779687681958,-0.0889311768388574
Ahri,0.1945303600242314,0.14712695014484126,0.34855539396518465,0.13418309467887865,-0.405271596715798,-0.2806382711435226,-0.0459346392286551,-0.4032523431749192,-0.057659496976905124,0.32034002298241077,-0.18609911326643439,-0.06976731540345903,-0.034512851717429856,-0.1350223593247578,0.27518747377563363,-0.21474126775041258,0.3481975701864314,0.08622250663858788,0.19927052405880186,0.03850890888761854,0.2463364814636377,-0.3709090656042772,-0.10456397523947675,0.5117536903337339,-0.26943771336688926,0.23131808165630666,-0.10417103043331057,0.42698455554714304,0.19431688852267975,-0.33653956980011734,0.44891052657046926,0.02527155881083214,-0.07457477865001137,0.1976467730654397,0.20366456964028845,0.36555648841611904,0.5473920297583477,-0.34032189417528536,-0.051738486801385,0.009682804788670509,-0.13135105825043636,0.0637106727293556,0.09820844083582175,0.2995294371703136,0.3212441897242843,-0.37466643351163353,0.3137243171660977,0.058590983102213494,0.14537856514349826,0.0484706747782553,-0.539839356822065,0.006440494020219578,-0.07740703781299246,-0.5616308926939131,-0.3711950590793624,0.10734229184495256,-0.04442088556875919,0.17252393083610554,0.5617938280009864,0.5706694139617137,0.19619423815987097,-0.08897476518863735,-0.351803585331847,-0.330832252837897
Akali,-0.13683700831818824,-0.23428911683164555,0.405471828824835,-0.15278354272326353,-0.241950329565703,-0.45520157023834135,-0.04022657242492362,-0.10240805833983072,-0.3547299551043356,0.04331117055051993,-0.3563635111435686,0.04987997667432744,0.20200048684701227,-0.12367333573482642,-0.2402778388299994,0.009866392928334324,0.14215453706972062,0.04387689350899799,0.128509750038716,-0.003275737197568025,0.19064471646444778,-0.1919124310560584,0.12593228259650316,0.30873844868982747,-0.40415606151815336,0.26973225038708964,0.0030804969703523803,0.3499347277466797,0.5600040315482357,-0.22155347778888657,0.14706960815731573,-0.13378648461923603,-0.20012684758066668,-0.03328911315678298,0.012219021338263844,0.46183014313679266,-0.15976682178353924,-0.569550921162194,0.27842268728627717,-0.039814064149464985,0.20032851601156276,-0.005988878301739366,-0.2373337116860044,0.0648134528914588,0.4323899769849878,0.05555039112605078,-0.011178767915656364,-0.20853957790438182,-0.2438258832502485,0.1422173514055625,-0.26081878314002716,0.1478546781607531,0.40326061063109014,-0.18309687300527058,-0.20000314880553216,-0.23992970608366535,0.05664989267939143,-0.23131407593074743,0.7712624694933897,0.6426409835424501,0.09951874760096678,-0.46377408966226724,-0.20026844626064094,0.11265459473473444
Akshan,0.3566502291284595,0.010448551909577124,0.07566281440487543,-0.08773140597601638,-0.186403675268601,-0.24447559975931357,-0.47012543062342266,0.6069139102768626,-0.14028459297471507,-0.09787995002496895,-0.10165555037412409,0.014876414626550368,0.41283326762598815,0.21727702590982317,-0.13375744597804015,-0.22358889726698478,-0.23783930231112224,-0.11149640203805534,0.07893018833553826,-0.09495480270508828,0.11510253759864565,-0.5356655351453395,-0.23840136783782448,0.0015832563089948452,-0.058819792812266625,-0.1018593855569939,0.3762814941518277,0.0342920930364,0.4536486211646766,0.08102405020561708,0.3677046787672388,0.14744851423429398,0.350314179129303,0.17646003286030473,0.20490211788828944,-0.2614762456821287,0.03367526177792699,-0.15624984047496548,0.12326266406270948,-0.012346948553255866,0.03707182078509762,-0.04809270739979441,-0.025802286457286036,0.05230904450651901,0.02399702104507156,-0.26238196270365743,-0.07084904300717888,-0.18945374778561264,0.048201508888699146,0.3232438973719525,-0.633674875702696,0.12863895417988142,-0.06922230060478078,-0.48376146695823014,-0.3653737623596374,0.19705667922429876,0.12793136555785453,-0.3717510359083475,0.4852258167879188,-0.10524997886425254,0.016771811260907078,-0.10385400296312476,-0.2336904189365993,-0.12968205641540734
Alistar,-0.3544772442557112,-0.2186420941294483,0.10838099304895156,-0.12330443273428239,-0.0031349463084604265,-0.6642513338456779,-0.575491159483248,0.0983781733785001,-0.0992807897462731,-0.12392260079993073,-0.37041179075141023,0.00852178243572587,0.3468549054709378,-0.12513941031148335,-0.17241520157840756,0.22355233889377663,-0.23424734560491015,-0.05295904591132272,-0.08436154124569765,-0.10912864555264323,0.40805904960667494,-0.5291018965946006,-0.2101912229618226,0.4366283714017191,0.27836757446019456,0.027659086972370954,0.5233840547194386,0.18650429331619747,0.09670858121239206,-0.1887657550681304,0.24686639502063748,-0.05972426350802906,-0.17368300337343295,0.15779964896811444,-0.049772822778872156,-0.17558787473414364,0.042619983267795904,-0.4104232906684046,0.3384453504728215,-0.09179048173907768,0.10135908733657759,0.3013736843462074,0.17158136988982287,0.5139972954627878,0.08809779557715874,-0.4934580957533581,0.1186501276137315,-0.26387895584645,-0.33982386883022736,0.27649861549142835,-0.054408826096690587,0.45025498095544597,0.035779717424552555,-0.34641458500790223,-0.3366014880303747,-0.07784146690472471,0.1537896627950023,-0.08121451979611746,0.2371224066916561,0.24851052398666376,0.13655533282272853,-0.18904778256260224,-0.1327420384576691,0.16681786990262926
Ambessa,-0.31924191077812564,-0.07087153486782831,0.1292670877003998,0.08230522713204141,-0.4618489603537185,-0.3928437140342209,-0.3140150088061709,-0.15910761012534486,-0.2562960071180662,0.3363193976557039,-0.3183733747839736,-0.04975230435394769,-0.290883384895571,-0.14854495728368938,0.5774434270488085,-0.2982803973988043,-0.331906894890832,-0.03682803989521558,-0.23287131567887412,-0.274248888431714,0.35632769608726306,0.020927424730379347,0.03638430808751565,0.08294455275721957,-0.28835113854546934,0.044813646706844686,0.08354801852252065,0.10631987091162695,-0.22480931317656647,-0.29366030099776125,0.25672759272625073,0.10089665391190754,-0.5066947966282092,0.2372743071087239,0.19273956249654048,0.23519163033694537,0.00938868471481796,-0.18500653915060306,-0.09427985258046023,0.18980681099453287,0.01830321476442421,0.47495429386986254,0.008948302801825696,0.022438721373020044,0.39184692548397876,-0.3689834749561142,0.2425230154004952,-0.4278603447270394,0.17515597226692908,0.3371376378166337,0.010359960321348059,0.3072290311148762,-0.037802646862729224,-0.4432692853318429,-0.3915467527423885,0.5295841993286761,-0.2117575083181973,0.08114909908256,0.6251706879018161,0.2092539158224626,0.1127511902763842,-0.34799113003863336,-0.17330047884394276,-0.04342317676652857
Amumu,-0.16748467061366354,-0.21553135514109512,-0.1250496540391104,-0.07645231889698778,-0.06967211828330008,-0.2924621963008414,-0.2531921365997499,0.020326253247846763,-0.22642552432633808,0.24495426484382474,0.12713956261218157,0.12003457364744448,-0.09527683581892538,-0.24942521941180798,-0.02040970065787994,-0.2139586034411178,-0.10347298162486741,-0.11637706998618681,0.12217284869889335,-0.0008171562859623025,0.45536295850765335,0.0359107302734567,-0.21406141193301664,0.16972776765588063,-0.01921249901259967,0.008426026704802513,0.4197395712781107,0.17684847358043213,0.2424263088038803,-0.1474064765068486,0.27839858781052534,-0.14050539521064315,0.14275161241740902,-0.02158598582481262,0.005063851594188905,-0.06607574339392715,-0.3814987131721908,-0.6069741064166905,0.18283518921655728,0.4049838113949687,0.02130100585118496,0.31772175331664787,0.12010884328621373,-0.12544097079664182,0.004708171709857748,-0.23392057300512556,0.19540358774552266,-0.014648368910105817,0.023308618481517357,0.1878695070048639,-0.2796559042849842,0.21390510823147374,-0.16029735042124463,-0.24498218224247287,0.0008146123519059711,0.24398245231921126,-0.03782244846598996,-0.3472794923641275,0.24002762367063613,0.28927257910142096,-0.17425693025191008,-0.29154435084858815,-0.35042604089021123,-0.263356729755567
Anivia,0.2610498096432779,-0.3036729174320936,-0.23693251847899857,-0.06396947505948458,-0.36038674855335157,-0.5456401497916792,-0.14250808495442674,0.22862875468614585,-0.6080403619212017,0.1284672209574769,-0.24266610808357036,-0.02256571295243849,-0.28395745275999573,-0.298155278147874,0.030146473718911677,-0.33250884499355116,0.40143255226799424,0.08353470825524868,-0.008973446208542627,0.3482846340621258,0.22666032732010893,-0.21612899313038395,-0.28961270448722903,-0.02120860449801981,0.2757278331018728,-0.11858350735649814,0.22348519983914847,0.20884564858587712,0.27194434493293634,-0.1332529068289272,0.29451440629201314,0.00620875138869396,-0.13269490491799293,-0.19930133667637434,-0.18791038201446614,-0.10945728067909055,0.0914507210933474,-0.3940811946627848,0.2565790723896869,-0.0291954451372572,0.0071341256498339296,0.24224909579735385,-0.09249235719240415,0.17663221855415415,0.11712738611793867,-0.25055799732029,0.1591770914223154,0.15060385073233543,0.06279320034292549,-0.002411603779464684,-0.4722175260409057,-0.07048318265199048,0.21353203773098034,-0.25327818895201787,-0.46873928402931253,0.2618006461142278,-0.23026485933433946,-0.019635137259701424,0.25260685147949735,-0.0868110524121155,-0.051712039457165355,-0.4040076293795404,-0.16255527988012475,-0.009216170630252193
Annie,0.12873553976053612,-0.13553773917584974,-0.13455337927219888,-0.22858084545071647,-0.0010057982650434436,-0.531067540055009,-0.2118910572357079,0.1800879684917044,-0.39012671822061407,0.01560559601315598,-0.259084867910522,-0.10104865975752614,-0.07844201386983041,-0.05477412128448962,0.3358929058879742,0.1357587895587819,-0.03739310774596227,0.1289548915690551,0.19548130283150442,0.026273153217555308,0.1742998905826447,-0.3021170045172485,0.06473878656520578,0.06343329476742103,0.1300791938484575,-0.1006484642818923,0.33707878266918717,0.21353564262688046,0.03689496155935308,-0.27503241127765343,0.24167513583182265,0.11549969935581415,0.0780767947397305,-0.18661967326957957,0.13041553780816056,-0.13566587029893296,-0.16056692278528215,-0.026416275562300286,0.04368000991889451,0.15017615180382732,-0.0022817144715522168,-0.060720036659199506,0.1416666974751521,0.1619870265545047,0.333050938917345,-0.1392560957966188,0.05032534413346965,0.08502035236119992,0.12460891023773223,0.11780821759838918,-0.44396263844018746,0.04366159736282302,-0.0906477039476876,-0.3389396543833049,-0.42720454047415934,0.05530827063423292,0.019383722430843093,-0.13497316293367642,0.3328112645459842,0.18013994243681433,-0.0016495836089636285,-0.46310750507009113,-0.3295013137701507,-0.19149554200445645
Aphelios,0.40565023646131976,-0.3027595881227266,0.11296567711512084,0.046814767078091284,-0.15784432857355754,-0.669466935613022,0.05171159913185741,-0.3596783893773231,0.017547374977218217,0.5257918338350263,-0.3903444297333743,0.042434960387086065,0.24653901795317112,-0.0006796525912498222,0.27215151344510236,-0.3231508787652962,-0.18245228503637265,0.4569120941162104,-0.37977599305706033,-0.4372221000097256,-0.21521146786917025,0.41184650094854003,0.3492944132934013,0.06603424095191555,-0.25322183525719305,-0.1376303385551692,0.7523870891072201,-0.11733986544243875,0.2627119335902437,-0.0568574057974534,0.45236528324007275,-0.03341045843776348,0.423122030635788,0.2013249958414328,0.1426795172524646,-0.3689087497454611,0.08407619517327551,-0.263855314997149,-0.2544795332346294,0.3986336185119116,0.1940466211924472,-0.3146106954779019,-0.36395636475558374,0.3881542241398974,0.42210571450075185,-0.44824751133862917,0.23843460146223755,-0.11071501052832583,0.3625609734807142,0.29740845148502165,-0.36054910091004827,-0.27924424901710226,-0.404347001913333,-0.17446554045704796,-0.49134113992474304,0.11233041337555867,-0.3573529487648634,-0.5319631014539358,-0.019011288931961145,-0.014851588953932713,0.38703210220870093,-0.703573390271918,-0.15359883094606333,0.07724311050057439
Ashe,0.19416900526814262,-0.44542654156170364,-0.10085006537960714,-0.06940452047804635,-0.07189346944948675,-0.3775830418609673,-0.40203550655468784,0.20900750679495195,-0.32648720185089164,-0.06717931903699824,-0.17319762375650638,0.14454457167789397,-0.18228450866067636,-0.307548789876242,0.1908214314988663,-0.14610825201509112,-0.4598785821765367,0.6887473120848444,-0.20895007663119022,-0.16324376317002315,0.11592813194954803,-0.2635831912544806,0.1695063089041884,0.2857356527746847,-0.34127084661034235,-0.5947311930299379,0.3784903396093256,-0.13201946997989608,-0.3109430051308121,-0.16345784647894912,-0.3271634227944518,-0.014618679249604066,-0.16103964376443086,0.560975296858398,-0.10602810122983139,-0.03288349238425423,-0.12642407230310018,-0.24966370224985543,-0.37469867175259597,0.21836510127062322,0.04784393522214482,-0.22573851388481347,-0.5579790489405951,-0.26102205176055276,0.3390411768817883,-0.5171235581443573,0.2701743404188998,0.1686887890915273,-0.08248549442412187,-0.3590078981427866,-0.6261753418961516,0.4513381699675948,-0.21350892452797732,-0.011364058762029259,-0.20686110932564444,-0.117181618094711,0.36320189776009515,-0.4141058958199475,0.2612383752626421,0.04249087448051137,-0.09881916223659272,-0.33548529451524567,-0.3138673236453313,-0.19330975117965776
AurelionSol,0.07968982452459734,-0.2352235908373361,-0.10432829492211086,0.003292389208655827,-0.25744295813155726,-0.3309206739024306,-0.4445461319308024,-0.011370162961371312,-0.13707079522836368,0.00783928609320329,-0.027029993195183927,-0.18112762722566927,-0.18869661896087292,0.08453677614411376,0.28819527982547827,0.052050828751608616,-0.003406857104187483,0.17237743342015327,0.18288559772278173,0.030934424881278243,0.2536869603117101,-0.19503666012995713,0.053986341041296695,-0.00902216431603136,0.13629768076264567,-0.183016978352589,0.09337202154457842,0.0410679982585001,0.5742542076780655,-0.42012507856119036,-0.2091378458546129,0.03815939273353773,0.05004489363742258,-0.03093431247645728,0.010034537123163987,0.4596822949885063,-0.24380061692021687,-0.24138286003880388,0.3834513870381609,-0.1402856898355793,0.11738711565537245,0.24081887397405805,-0.3307775274531364,-0.1354433135572966,-0.020933853665879444,-0.4248576769123036,0.059555208877052894,-0.03320113072561326,-0.02931250722810598,0.042118236256583105,-0.13844141364556103,-0.012499355593519019,0.23913427421743438,-0.2395357062363735,-0.564401343483505,0.37935072740651377,0.3053905335928832,-0.12570978949840467,0.6950753316746316,0.04797493660396841,-0.23372701905630805,-0.4614811861677706,-0.20731749843361058,-0.2139306732263103
Aurora,0.1589280089583228,-0.6226860293709147,-0.13007697609581859,-0.013594979677169168,-0.1645498171531541,-0.3476589701970436,-0.1020249687230205,0.23972982147864375,-0.3705935230494729,-0.08438645242810454,0.06258885929776066,-0.5494718485957856,0.588450038776643,-0.011237405663360898,0.10114692465774854,-0.14577571928341473,-0.14647704993044997,0.008564116296023898,0.06780309294550921,0.09778934493223476,0.31404715029493174,-0.06914746166359798,-0.19688108076856126,0.22752407323996654,0.14507185601956663,0.24267184624420368,0.12951355815218424,0.038582515427725665,0.4819059532365859,-0.35325366722571866,0.27224647914018385,-0.03956389015368857,0.046620066464520896,0.04201751563600014,-0.10981202323945746,-0.26123063498491567,0.09689828752864016,-0.2905991511760897,0.24697205236488956,0.1984077132759042,0.3968656864497242,-0.2490556269775752,0.20310208522874051,-0.07632276167893155,0.20605422682877256,-0.2362800533228909,0.15041556538541026,0.13548769177636014,0.08004698159839396,0.25235770056104023,-0.4883626484912752,0.012310919986747194,-0.044908259717366145,0.0029653333005541732,-0.3338556659917649,0.14582273948894367,0.09103874953008871,-0.017348662196490925,0.07566546550448953,-0.10097587211801312,-0.18238125907262714,-0.48720021142583386,-0.21612377831381577,0.05441366658976777
Azir,0.17365166067563678,-0.1955548719722448,-0.1236576086859979,0.0046303428609795975,-0.18419418170831042,-0.2506666198161455,-0.004507328870314472,0.3237524587628547,-0.24747625195885067,0.11738630172174574,-0.027877438838474853,-0.1222419869032244,-0.09776267577639738,0.001930907247285349,0.12313289580029202,-0.11008752698232055,-0.06714034170781558,0.067390983126096,0.16717704188728288,-0.035828619993304,0.02124542206884999,-0.08867541356797405,-0.09155766799845973,0.27632084027027753,0.018266211263490557,0.08189305954989308,0.05565412508933112,0.05390447071816447,0.34218429346048906,-0.15680322601369118,0.07409400388376194,0.038370458574379374,-0.054959939891619784,-0.03768609752479071,-0.11754738907901581,-0.14121676037598357,0.08681805919520508,-0.431204470533167,0.1778500332647047,0.24287131464578698,0.24605507760533896,0.21383170250399655,0.008374944692133868,0.05160972467301543,0.28070962115336745,-0.29579705464231537,-0.06270875593426725,-0.011025017079806663,0.050885614069127075,0.21212338086914428,-0.24063219125393676,0.08017647710244087,-0.13032748588038046,-0.4892844158528495,-0.49201783276687283,0.14266353243868232,0.1285224353393115,-0.2005026982242317,0.28493279063114474,0.12723831779972164,0.032418336802545925,-0.34578277393974066,-0.1322977407992225,-0.0032219137362046037
Bard,-0.396462068632582,-0.04161233975089745,-0.28387934336746606,0.03163436752609581,-0.18612842001147417,-0.3516601379053646,-0.20075547994026186,0.24175246559729952,0.039811490355049564,0.35261825525903884,0.033759553622324134,-0.24960771486034108,0.2944736932937113,-0.11147901804478376,-0.07881778750226286,-0.0654970629191197,0.2438756809097214,-0.09885801626340567,0.573770347329151,0.16610698844597196,-0.02975638569901401,-0.5501574922205565,0.19890757904354575,0.573736982036401,0.02653607544814388,0.09307004542825925,0.5766934602951346,-0.36606869354153737,-0.06315805945484554,-0.3017074126306594,-0.19804032409646166,-0.07963841773180386,-0.002812229206493637,-0.12530913587984172,-0.09719454184353497,-0.16155511391040084,0.17744230229390426,-0.6500381796594131,0.1707613096567754,0.06304874334493256,0.048487894403227136,0.29850044035160755,0.2928711539914194,0.4159476104392739,0.33856791117298624,-0.26289667414207507,-0.1599272740576335,0.09363451014781392,0.12184071647237558,-0.15788967202573853,-0.3648301935101265,0.19783427877567525,0.12994937875511486,-0.41328288800316293,-0.4735394174428651,0.47015819197449465,0.2703723141940661,-0.0023226809968957497,-0.1600725931977872,0.3053949878114663,-0.05704592862455506,-0.5037097600006316,-0.5228490705920502,0.32943807301541195
Belveth,-0.11516702934050929,-0.16970489043482923,0.23244566963401533,-0.003384769471714731,-0.12260927670539609,-0.13872825123479227,-0.02408375928236989,-0.1565484884849315,-0.3892757003615824,0.025104510014888216,-0.14370439657185535,-0.008338250331624351,-0.0986225221059514,0.05712796835306347,0.34054177006443537,-0.10415237644993186,0.06030010991562988,0.02279155384015501,-0.12480149822181719,-0.12273233846660249,0.2809866557518631,-0.15081758384491561,-0.12063811103658868,-0.011074041511676895,0.11110978464158651,-0.3103350196154661,0.12520341382076267,0.28625156635655363,0.28625123824956195,-0.06990967740275439,-0.02210617029992198,-0.11105788386523908,0.030118314484017198,0.0722470366653557,0.1312523978679102,-0.2707517496845704,-0.2531911928804748,-0.27483638744423844,0.0631589107546996,0.16634703785283042,0.1822897685589377,0.1548673454228175,-0.1259069031118718,0.23276731696285696,0.07984446528996061,-0.3480215214452674,0.24849287113793986,0.07026421482590696,-0.13293658551405604,0.12041048662423585,-0.43605741487119964,-0.10853538160782711,0.2796590222294483,-0.4476703449676908,-0.2821518717070641,0.2071884736106522,0.26170495517918935,-0.1303473425773007,0.49482807454622585,0.10909308198540084,-0.007969528701007445,0.01637456162322614,-0.20366159063200742,0.045460791648272394
Blitzcrank,-0.10788436355245368,0.010616995412255617,-0.05345671175066373,0.03814883546895158,0.16486496638260525,-0.5051078103221149,-0.05727807918233159,0.10835861381659409,-0.5062175104323478,0.09216444753146293,-0.19956726483716977,-0.3608464659948335,0.21614333031116903,0.12587474709514196,0.03348634174895869,0.05982557999744825,0.16687642185363866,0.06638465176011177,-0.16576758821210144,-0.13676259457075074,-0.053906354207335826,-0.06570799481614219,0.20081074488048611,0.235136639556833,0.17732545958638596,-0.041016337180725386,0.01982031481381162,0.0649220444763028,0.5234473752291889,-0.24150538469157007,0.44989559098398085,-0.2987109988579469,0.18184499770716653,-0.07512546690350404,0.043618832588782436,-0.35638877617568754,-0.5169715116558448,-0.1460444376352428,-0.18131341932308956,0.2404934824227602,0.14995752205268603,-0.1249477500289658,-0.15023844845610856,0.0511282251556228,0.10520138250413286,-0.020288909882310333,0.06201757314668503,-0.20318131390099256,-0.14192353300498325,-0.04413023764609382,-0.20200725990050836,0.2878500366589102,-0.11297677692867432,-0.6153821687997982,-0.14850365635433152,0.17772029638302983,0.3827024384613726,0.2148331257680642,0.46334021044197427,0.3792003181774843,-0.1533737706192,-0.1535704445252352,-0.30278272765928577,0.17723275474876252
Brand,0.3712967797857033,-0.2728899259779538,0.7811767374801537,-0.09415315125951529,-0.009394157525607698,-0.3200951593671559,-0.21199880272319951,0.5284014015767368,-0.08378222324653198,0.002004311840904612,0.2788466648325518,-0.34600082879266514,0.31836827004529705,0.359132611440475,0.1889053231875767,0.07372151173685147,-0.22167215568048126,0.13682193644418064,0.028440170731785216,0.01416092514076616,0.13363785953026658,-0.2999354950363113,0.28860284231117217,-0.10455616370210147,0.11075823243401657,-0.2816466319615259,0.38007294882111703,-0.1143730173913008,0.03834366472927098,-0.2080259281934039,0.2646432323168447,-0.11931351860167666,0.43152180824158015,-0.049646521606618935,-0.0129240944402884,-0.3431313142743654,-0.1285767264238686,-0.43780125365440015,0.04656191070189756,0.32911647729469523,0.4707253795641709,0.5190181571274991,-0.2738818110296893,0.07608412641693249,-0.05833945014817156,-0.5484815669496935,0.04716296327319455,-0.00417411104294859,-0.09296224751653574,0.21680403971648093,-0.4490032150878586,0.06988697765966197,-0.03507319918838643,-0.24468167459728102,-0.10943157880564347,0.3184979829742157,0.23169992567940528,-0.265614219248504,0.45847594591989355,0.1146633626208837,0.32393326355153973,-0.2894222149642126,-0.2880516584889275,-0.05083887037881606
Braum,-0.17824164052598135,-0.05772400732038112,-0.5025795231827427,0.30134140825780936,-0.32461816408812516,-0.21687020392227854,-0.3861511076377492,0.11103035578507159,-0.35558821300901317,-0.1486801563561626,-0.2625475040664138,-0.20180209705769625,0.12388899379511069,-0.3913113976335557,-0.13358981573924933,-0.1413059529135085,0.07600960460091756,0.05333009251985074,-0.013992107374315664,0.011165083568437232,0.5300070150007602,-0.1927857726710618,-0.1020889646535419,0.4097822611768587,0.05130669432319318,-0.2435155209587045,0.29858184065919796,0.17125022293205108,-0.08923498668185008,-0.23233169713005353,0.10668681799994782,0.24214995418324936,0.015410366365365556,-0.1945365511513012,-0.15235871867702974,-0.16116374609949316,-0.23585926092105503,-0.021181233743776253,0.0734687812902403,0.26271306693415497,0.2898711612939452,0.22307938216294074,0.16577541910015986,0.027985992731465684,0.031611858551499165,-0.1781047659357827,0.050406145255087687,0.025152982655998406,0.08125038837166015,-0.20411930086485114,-0.20318727092624303,0.46141795430748367,-0.12474402128241319,-0.44286947463701,-0.371260390079935,0.05217189419249678,0.2320728556457756,-0.34931954308024266,0.0764865069567793,0.3650176206758031,0.006372818949440503,-0.06782194024302322,-0.6855086784492591,0.02434712691283479
Briar,-0.050085602165915566,-0.18544294326726157,-0.07152794690175718,-0.07084245018257207,-0.028778458211846863,-0.053610155347686865,-0.09827202522835113,0.18116416329903434,-0.12402569773439809,0.2505713390071728,0.16329997165182328,-0.14726177426991532,-0.2896087915810885,-0.04752402124909955,0.2850332211645657,-0.023411983274644815,0.046412156620427206,0.1147781363190345,0.08584410455466893,-0.23671735118458953,0.3566028218246215,-0.45666424916894593,-0.11631898448801849,0.23749433295733868,-0.2415585471454174,-0.044657995178710636,0.34500691122149635,0.2677792036849977,0.4135300249303919,-0.26275391552844624,0.18202745589043873,-0.2543229101296958,-0.08976568871590236,0.1345909606324002,0.1466631885370795,-0.26973541305148546,-0.10863223927437717,-0.06523202555108208,-0.025887364419776165,-0.10826455117547609,0.030521144996779905,-0.035117970482481775,-0.08640496622791194,-0.04881636820238456,0.024897844906748897,-0.2758716699299444,-0.09735657786235367,-0.23322185406750556,0.19410871934789276,-0.035378991880597455,-0.264381380432574,0.057934359610890926,0.21656490272403553,-0.5800152095357455,-0.397361146453171,-0.020837264540598872,0.1271166699197084,0.1847095789049068,0.6572851955073066,0.34928814803951685,0.0335362953386849,-0.16780532834458625,-0.2524419133459275,0.27195521070515505
Caitlyn,0.05696085999314463,-0.48242645137170603,0.284084626467079,-0.6315798291949567,-0.1365696850980861,-0.48574056705733887,0.20703638595249332,0.14204763689620195,-0.5071516784766251,0.20214666465038483,-0.19051164789558278,-0.06573518293468451,-0.33461094144139586,-0.38849464283933965,0.5404577853479072,-0.4237323261040448,0.12149340106167221,0.6751901114343535,-0.1915809240813776,-0.6246241406969577,0.33991611943616606,0.11209375747118085,-0.06918497258921712,0.3371355472570508,-0.14621019412318004,-0.6319683016987282,0.6658897208395711,0.024487126020966806,-0.040155949796026706,-0.15293859179494448,-0.039820947272210944,-0.06798593113391052,-0.05546135737861163,0.03240532818057306,-0.004215851478591379,0.017365998103532947,-0.41973278595261004,-0.2970469757912786,0.30381800431381756,0.34307803534643466,0.3594116414880734,0.1609217155871115,-0.0625662745748247,-0.08898787499347413,0.023967073160415443,-0.051530363481295534,-0.07118381883911504,0.05573662422252321,0.22013117440330418,0.07503161900259729,-0.5723316142863409,0.3316670348749462,0.2955218785316936,-0.2635967043805751,-0.06688612657236905,0.20568757612638527,-0.3832687364798744,-0.6962737328486052,-0.0526854347344211,-0.134823480919574,-0.044584129113908966,-0.20904259016916937,-0.08834185309530553,-0.364601478628701
Camille,0.1956414767221664,-0.4474051211889122,-0.4360312477015844,-0.14595324200058357,-0.00039825767597710226,-0.21769926115962682,0.004402643725263828,0.18405283431918146,-0.17767718807993083,0.33564319511404606,-0.1936834835255562,-0.21936284618322996,0.10028383128570081,0.0794036256221585,-0.031548136600400525,-0.2792642543882237,-0.07980006967202448,-0.13277391336507566,0.24027496489391303,-0.17606390424835378,0.2920885543082326,-0.31319595632462527,0.2902561857380204,-0.19792774381997663,0.004521396269407825,0.08866965347412199,0.4026190086079803,0.36062237028244926,0.3736084581601426,-0.4827163633678021,-0.22893735756686218,0.053847398696419524,0.06734650223385764,0.27453760606510347,0.14778801791137888,0.04618158890817119,-0.017404262046093126,-0.4055666437496621,0.03688581280270441,-0.00038739902687295993,-0.22062915257298948,0.03435451465377109,0.07780776472562549,0.21473857935317023,0.3435236238257233,-0.20615575286610927,0.20726920205661978,0.21272247293400567,0.18384804177521005,0.14439514030407655,-0.05976706119082431,-0.11988976172522295,-0.07901820280825485,-0.1866166460344926,-0.3801863297919532,0.4555477070845041,0.42840952752673034,0.09049689120038536,0.415948102301975,-0.16404020549805237,-0.20416394701015433,-0.4600526192421337,-0.15243025635203525,0.20912384432024128
Cassiopeia,0.14223698353655798,0.02763144441304178,-0.3217839384434117,-0.14872589946242096,0.10434883274100763,-0.24026613847980793,-0.11764267029099622,0.035738074037594054,-0.10569068047292092,0.02878673089611561,-0.15298818229614847,-0.14113066390483398,-0.18313052652694148,-0.2811847799954661,0.013756717164329182,-0.19338824847270664,0.2537614006420653,0.2354884869707653,0.14592911442481407,0.21042402222625456,0.36936783232975384,-0.15235014001525332,0.18122402007942773,0.20806854329914212,-0.31650388453317463,-0.0912766741403229,0.27773538351694477,0.2113909978794298,0.3371057085746302,-0.39082555852386186,-0.04326565460307445,-0.17619120629007431,0.020099431837282182,0.27170789938938417,-0.09160706087821513,-0.11794777221021761,-0.102608504327261,-0.5054520218071143,0.11021299526540335,0.28647980083958174,0.2618128711624889,-0.1332613372160212,-0.14352121851714603,-0.09953250177444668,0.2339918323912265,0.08527784600430614,0.13352896007368295,-0.07638564310805133,0.051261003677577806,0.3855769523138989,-0.3253893906021501,0.29221836414721547,0.017192026765699066,-0.18388877369782677,-0.5145366790240756,0.16261605226415377,-0.05091775288843357,-0.19686744867857708,0.20996359175416507,0.026689640446060217,-0.14085760096809796,-0.15441730018172758,-0.28531911280697875,0.15605275986016337
Chogath,0.0827457701165335,-0.1880902870518161,-0.32792155808375706,-0.049277045496693525,-0.045924473140569876,-0.43759402829342864,-0.22963873330723125,0.0956417927933193,-0.15245393635139384,-0.131035656440916,-0.00018751329665394516,-0.012722037652322916,0.23490870102532682,-0.4595774266723564,0.3278928273438066,-0.2462409807897021,-0.16665199281132922,0.04400594800084109,-0.08533459562459263,0.059635947566614715,0.2447426585601654,-0.22877701584860008,0.15460216374023614,-0.15388008591586633,-0.06383908131664376,-0.1046877858017286,0.3835466611467267,0.12856281490277263,0.19017653138419763,-0.21706743176672078,0.13033201685305665,-0.022559915962659872,-0.04084365239774676,-0.012433754553381724,0.08853197286845946,-0.26538680972996875,0.03948816244729839,-0.6316946410899172,0.4391347841884785,0.2639096346717517,-0.20500986745680758,-0.04121761675663846,0.27430437544528197,-0.40956893089837443,0.2636166987394226,-0.23810499365498297,0.02055306150365661,-0.2593763809631437,0.01659807522168192,-0.0968040721712493,-0.3874221472978023,0.3964354124024291,0.10339176096853252,-0.26337928441407865,-0.4617008715380306,-0.2408334221368166,0.13402826100309218,-0.06514871298127849,0.2829930978817447,-0.21485810241432604,-0.12366257863566893,-0.5324735618268818,-0.20064170882999666,0.2734322864455362
Corki,0.11366389247046364,0.026662900448113723,-0.10272316513193475,0.009845918414354473,-0.47688039939995563,-0.1814559773192997,-0.2647719793370636,-0.13082875968758376,0.17404095361486022,0.4333177698446768,0.10557311473238569,0.3660803774242667,-0.31848057683712044,-0.17012779697099287,0.14344454836179357,-0.22569862729012433,-0.18689930142163805,0.21247084153631346,-0.19277121931156332,0.09511708492986151,0.0918944187280325,-0.22587362825902046,0.1671730171497148,-0.4303264743746098,-0.24440902206411821,-0.26140989032320794,0.5933684193579253,-0.010576398926359637,0.41108615848298213,-0.4404827914209897,-0.17174109543062283,0.010979903200943941,0.1283213475311743,0.08515374417118707,0.37467085308709286,-0.03425514063886099,-0.4277877182726031,-0.46483149246671773,0.0362929433712797,0.22522737670329207,0.31239732407405135,0.08147853304172066,-0.1092518521890036,-0.15065728194320344,-0.019035043560468277,-0.42652734318275604,0.06953268348890396,0.07645441512183918,0.2126366256231161,-0.30955314191822164,-0.5380106827116009,0.2569536189863584,-0.08535196149882296,-0.3031176305974439,-0.20791201139712448,0.06519187693147528,-0.36360145768380864,-0.3378075274034575,0.6020178025939074,0.031908517777009766,0.04517136341017658,-0.3586521025934605,-0.14322194245374278,-0.15130495389665996
Darius,0.12316644819926338,0.0036351619411373,-0.46796270416131486,-0.06363387718549374,0.21629078520112804,-0.34100289384665805,0.059265067947433255,0.20640572405285323,-0.18769730213155203,0.28680238499520727,0.04976594182287704,0.1485055615458047,0.20083002048191506,0.08722800611235543,0.13081186647134702,0.12620873145652084,0.12535770104879004,-0.056451713406050666,-0.10482444918548488,-0.010190540561015092,0.15073699798075646,-0.2501554911893674,0.11284942599354367,0.14093789862946934,-0.20854784838241336,-0.15425300237479553,0.13674104888519323,0.26401671553780265,0.4933494052545858,-0.5207678153350999,0.27538180989800387,-0.10431225196693147,0.04967860139128706,0.229858507229654,0.26073038608984356,-0.052062541473316626,-0.5057881477131702,-0.3868103213179983,0.3141820779625539,0.149182653100932,0.10442132135683917,-0.07704813822887273,-0.31042657294778875,-0.17491580074573368,0.31899708293490386,-0.17696061183809292,0.11970148455542186,-0.07813193149461094,-0.05526107295593355,-0.09940858405764051,-0.17127663428400844,0.17613370257465166,-0.2514427513895442,-0.47860370181034645,-0.3049157561863888,0.015291755053683362,0.39241568484667083,-0.12732970324279455,0.6747386548020919,-0.08466499482181855,-0.2692296705216329,-0.0493703675696679,-0.2715599875978606,-0.032955253094154285
Diana,-0.24614400857771274,-0.33158335342099604,-0.11801690632202584,0.2891260098511186,-0.14978887539935293,-0.18967437186893105,-0.07532101971813257,-0.3261790031418446,-0.1903706942709598,-0.2709641560922347,0.10529318153758913,-0.08310560556293116,-0.35187456703862807,0.00311884592067092,0.3158983698110483,-0.23840300423445873,0.2487112899915955,0.08001527268624828,0.032964927091926145,-0.05845792955809092,0.3159489203536042,-0.06497269429890949,0.22765866523422992,0.2645055221134938,0.0019390592730823763,-0.35429831969256725,0.21595859451129026,0.3269386723636514,0.06934816784044448,-0.25866103742676294,0.6717277934789485,-0.19377441322058697,0.16079062348916537,0.04259888374702944,-0.1585233657791384,0.005958675089955702,-0.30322141691558574,-0.20482235467036589,0.14341604038765923,-0.1332931677039082,-0.04763719597262199,-0.0783579631169609,0.08589662382915474,-0.15768302014918356,0.3135177324200203,-0.42420045552595864,-0.005825702538670935,-0.2092673488916617,-0.3450985506494303,0.02280203029277305,-0.2659341155339419,0.3621952975274923,-0.00525741295288837,-0.3130305340183603,-0.16227957390540929,0.37566279488749765,0.3264865813632046,-0.15026176673335082,0.6166883954323235,0.35755846884591513,0.13703092070594983,-0.3078799039564796,-0.23759395507764108,-0.1497616817799956
DrMundo,0.16618720773771012,-0.26736357523632764,-0.26152893101527136,0.12540560292633676,0.18712353884950692,-0.42112983290998235,0.06363158038401746,0.02084259315378164,0.05110030373831802,0.3000765638273391,-0.20572597150746785,-0.09267899948655788,0.2783761536621022,-0.3590724974756164,-0.2411508839343189,-0.45578784547223977,-0.16933511719101144,0.09106050263880762,-0.1981663907258975,-0.12646026724142023,0.16962711256572047,-0.44317176106347755,-0.5015043295607309,-0.02610491481810426,0.0857285650199618,-0.21496035937630034,0.10813833711909747,0.3938055842812701,0.0991634911938042,-0.176751443371917,0.6805773086013204,0.5169991728396933,0.15860985159965105,0.004321353761771481,-0.1508718631073643,-0.12023124901165305,0.27398903507261296,-0.3714098360808143,0.04673948469809958,0.0353769856005865,-0.10909761330639577,0.3637089391202753,0.22377023117595396,0.17706032470391797,-0.092482744094446,-0.30500692209804386,-0.23328369884362768,-0.30530781520791334,-0.06838421289947161,0.49738204264972286,-0.3835644136167979,0.011027771810259924,-0.23055593557251253,-0.4172617224755349,-0.5861264535666668,0.22587471196510753,0.615057160984527,0.12882179516907408,0.6904797369496094,-0.34919894321575556,0.19058707407024192,-0.21327733270771349,-0.09675795073533477,0.26789952286335056
Draven,0.37893090349836606,-0.35328198208700945,-0.39035695705517803,0.05805992070503344,-0.1036005861823022,-0.5891880626078725,-0.05872090929889606,0.15316566772893964,-0.3621861399960847,0.28315210926017653,0.2294883397716675,0.06504038154607437,0.47664942417243,0.012642351086553108,0.002012943972572097,0.02332850652956675,0.09713312412083146,0.0363508591851234,0.036851409105060434,-0.12133023066822739,0.0032796467336449237,-0.12340323932827069,-0.12166321905602288,-0.018861107064821657,-0.2990029484807529,-0.4235560764188411,0.2129273316581473,0.046086113353470896,0.25243268675463365,-0.42614379885162146,0.4426663957498852,-0.3368334009139072,0.1469054069803204,0.05822297661640056,0.3226690051918495,-0.12852231476176226,0.0474331584393769,-0.25701138600178086,-0.058999666155691306,0.1334564157179592,0.13994711341598434,-0.26079619971626683,-0.08708894610383446,-0.16897440871159194,0.3463330075551805,-0.4694408971429068,0.3534191719593768,-0.2794828236087176,0.30458718623664355,-0.011638565823951529,-0.5081110144376684,0.07145484734612403,0.04366469641045823,-0.12736014480120622,-0.366430183969804,-0.3150196964058612,-0.1806489921522168,0.031008308676464254,0.37565787931305916,-0.11339299123431047,0.5229035262115631,-0.3767401195897274,-0.027938119770019813,0.15994452684248575
Ekko,0.11953376425653693,-0.46187678149797357,-0.17669589587043463,-0.017154047734209903,0.2017579293719247,-0.5650397860067041,-0.2663543783436498,0.39463546826787305,-0.4653284173562956,-0.2880156303214544,-0.28667290427641823,0.04630707597819876,-0.07166111382371748,-0.39399393600443194,0.39545363803669864,-0.08417216420362293,0.34677544096095575,-0.2477830797993919,0.25921499911274926,-0.3547990835109208,0.14235424967691024,-0.11761868800540191,0.04496007083894356,0.178142224351215,0.00018146908132944962,-0.2666488268640382,0.11353909531685658,0.25635513502446855,0.29065325735416736,-0.2379585889598433,0.3653943476007118,0.004482196782748043,-0.0597481674052511,0.13898401622540926,0.08968483086377915,-0.063309661713932,0.00025761409703681037,-0.07711956941798187,0.070567982538885,0.08913024813371247,0.08184509779929089,-0.30449123797055433,0.09195662290431078,-0.20268500952136737,0.037271876708033676,-0.3135169079079829,0.08672265751140104,-0.7275241652398755,-0.14496171554993206,0.28411074477988735,-0.06012995829393021,0.08371689484276572,-0.0457019700244526,-0.5743629302880195,-0.3909397252722606,0.2210866620937476,0.22638054504936742,0.4040958358800992,0.37355016093529453,0.3456356551447643,-0.2065308914583789,-0.10302099437514758,-0.39571513023658694,-0.4412611629650168
Elise,-0.22019999345920122,-0.375908823548999,-0.08449983362093971,-0.11011398017474189,0.092392983667918,-0.5434248151786142,-0.42202680753860605,0.23939625299840436,-0.23300034949934725,0.11458952138763988,-0.14918883283284873,-0.24702080409325022,0.06640757094121853,-0.04729377904194535,0.21213022491995934,-0.29731078198076955,-0.04664362194493129,-0.12576832215170256,-0.03347589453482378,-0.1453832900539882,0.0514775643171424,-0.293239759674151,0.10081102394919175,0.05229326806202125,-0.004113624661768993,-0.10351231893250087,0.1875701106669384,0.1431866790055494,-0.03816383933655529,-0.11606032899533174,0.22916422023857375,-0.37041776894557565,-0.35710531013466146,0.09329982922745561,-0.15101260269912775,-0.4666309957462513,-0.12843982918063107,-0.017686729246029195,0.33396988258306554,-0.04857005160571967,0.15400610000561304,0.0348558969231926,0.46867858902534426,-0.16669974412231484,0.15806074541972784,-0.24586448601137892,-0.08490581313448822,-0.25868591539439556,-0.20513943983195573,0.18579078304941168,-0.5115803347948538,0.05619370865132441,-0.3569147939586964,-0.2472226394423748,-0.22871791222104101,0.3258680690372053,0.3018908381303073,-0.09573028640541503,0.2546171648696416,0.24611728331392851,-0.15282037752131863,-0.33109870774800304,-0.49135205634393636,0.28522112216424156
Evelynn,-0.306018940511126,-0.3274700262336733,-0.35381201783271893,0.2289997327405591,-0.23523030134579806,-0.3258845181723192,-0.1317576617226276,-0.14293065065769153,-0.2519557186424209,-0.1049352378695701,-0.18684849742482948,-0.007842386964386458,0.1936075063807816,-0.2874377252318856,0.06477169409546214,-0.26752104086550943,0.15503171354490733,-0.003810044159523892,0.29645325447961063,-0.02418155105966556,0.3787498421521421,-0.17991309274755862,0.062345422429520486,0.09958628500571817,-0.06884841548508927,-0.24791492914049704,0.18589812352890386,0.24523131653849686,0.31723630992154916,0.02083650884354597,0.1277809173383516,-0.1718942182400468,0.0786644244732022,-0.06604250070292277,-0.06620357876754616,0.2465960699417315,-0.20752363963986714,-0.2646583111481375,0.1267235836922583,0.05045745173697312,-0.1744456744624186,0.035417618324444455,-0.15124659309097474,-0.1630538676697615,0.12501363486384498,-0.10162387145499013,0.23543240199064625,-0.08699894789364652,0.010283879554452929,-0.03502245104634553,-0.35411688029337185,-0.04716255325198746,0.03883651749524134,-0.3733928637761197,-0.4084612732952904,0.2899882492199035,0.23313136392087203,-0.020644215926482894,0.46835906151084084,-0.031241035654825347,-0.19016015171569634,-0.3287241864788822,-0.3447157450832826,-0.13256183867310808
Ezreal,-0.038582499733300225,-0.4622032819989131,0.10816344133565718,-0.5366672336611616,-0.34524069036484095,-0.9011271340053438,0.35930287256453824,0.19130408259457687,0.529299212474575,0.23103065465728834,-0.4436391945071358,-0.11945550309784682,0.13157782942143612,0.00023311208306736557,-0.16156835653626536,0.36726727204431775,0.24141112502276202,1.0974638466189686,0.038564778369222764,-0.10470782233872862,0.21721274760922368,-0.06308519290993825,-0.4314036903420294,0.08582834343575466,-0.14062459308272665,-0.7922005753443044,-0.003324108105616778,-0.12129104949131535,-0.2951648509288246,-0.21045892143959444,-0.35167349875520626,-0.07601440675835114,-0.2746561163357358,0.18754959469088073,0.4010799948076391,-0.028241276622909477,0.05391871382006374,-0.32220404034741496,-0.14469879147285783,0.09455525279946869,0.2052978148461377,0.2966683251376548,0.06634767751459385,-0.1675052597434532,0.2546764361625965,-0.4370052789941908,0.11384667518486044,-0.11008612705573091,0.25418005025533635,-0.19367811902766247,-0.4923665953096648,-0.09601767097505592,-0.10961975520104776,-0.30110586661645894,-0.4903280194856679,0.002848573035328349,-0.08134128352507815,-0.3097269294116086,0.4848482663877361,0.17977664662811044,-0.253802764906648,-0.7475547190121494,-0.24832960468137277,0.4440790286758739
FiddleSticks,-0.28978148787881103,-0.28063772461950165,-0.401516425601108,0.21492725703988835,-0.29460545601390703,-0.2712922728308386,-0.09743425669067673,-0.23311119931062999,-0.23009314129543315,0.10143579888021999,-0.05649191005819459,-0.5086280311535937,-0.15051943612656482,-0.26378570325538525,0.17847573062595934,-0.18506791625085628,0.2003967533415139,0.27194846057856636,0.3586637631718009,0.01806312277661274,0.22691595011365265,-0.2819023305910503,-0.11685724642981649,0.22652319447137237,0.066996514316234,-0.025119428456050266,0.3790855577978067,-0.16015296566318526,0.46645239316004183,0.05449484629208273,0.2654710700262369,-0.18066960137285556,0.10504548446602947,0.16003798395951627,0.0861738236932081,-0.2392365379009649,0.024186103426830998,-0.4032791552901559,0.2677882030789525,-0.05713019157679917,0.029803373674343728,0.16263959585805243,-0.19606874239130404,-0.21672600354138677,-0.03246819664050529,-0.08020063757041458,-0.015955506149987714,0.294273896151462,-0.19153002778182646,0.027476877764408176,-0.3632028451527693,-0.09336756425610762,-0.04247681818761834,-0.34830274935843497,-0.5929234653832179,0.0861645616147056,0.0027882598861198515,0.12525357091527256,0.44784561545556884,-0.0003407203378228333,-0.4516155985170226,-0.502099972731086,-0.3127423898924917,-0.17516514028687835
Fiora,0.36647439553282557,-0.24591567583255772,-0.22999278852944446,-0.16641814558317888,0.2062908458437854,-0.13510822781271115,0.11752164124086455,0.3904225914005132,-0.055874399933954946,-0.12567938967705028,-0.23362347963968186,0.006292466915246274,-0.12480382744688144,-0.2674015475092863,-0.11053091252015954,-0.2329944706312505,0.045153417863709425,0.0784460886844453,-0.11265118635101583,0.11839017709442917,-0.13816242637669718,-0.30468057666111675,0.03757348709187852,0.2664343164571782,-0.3151391987773358,-0.07229424955348647,0.26957307470051006,0.412306761789858,0.6478482379124271,-0.23944733873688467,0.8293041173361189,-0.13113812750420362,0.0760422349702197,0.1755336426605522,0.17304411813936293,-0.02164912758086153,0.25819069267701733,0.03547290224753794,0.2042219078906202,0.012212454198749693,-0.010659361313818616,0.3953648647559159,0.19608616102836868,-0.4010215038734243,0.11821965139807127,-0.279737123920557,0.02377576628260021,-0.4251758071804352,-0.10480478225351594,-0.13489699479679387,-0.3424382084683799,-0.10744830126903082,-0.006251567488051283,-0.4256632566394709,-0.19574243642696118,0.13606492441087342,0.3759086707380394,-0.21932462267936476,0.8773254458261447,-0.0020936271539922884,0.23471002970242053,-0.15730228924981335,-0.26181324171369974,0.1682875791697099
Fizz,-0.34357821588611526,-0.4284468912899515,0.06576170359535431,0.005884629681342878,-0.1850953593914697,-0.31504250953062385,-0.3321884838293705,-0.15901114136647765,-0.17191523328714092,0.11168125723646748,-0.1375770014388319,-0.2817673466984521,-0.06292785048712228,0.00993629793251574,0.1658232949096754,-0.010650940913439683,0.008525265662987327,0.08762834887215393,-0.14437385492395216,0.15072470046038675,0.36507725670968794,-0.37421432105673796,0.3563846220100644,0.22263126106154962,-0.14977343784451502,-0.08063230800239618,-0.1135008515908459,0.30802852979322204,0.38183762668195037,-0.17023276185962885,0.5914459897631119,0.16839859706835775,-0.0664529814942684,0.16336874187669298,0.19159972555446605,-0.29241255700226426,-0.06258778987347591,-0.1567178706384574,0.2937145775329244,0.046467722945849284,0.10494439810405656,-0.1509596174910608,0.18473285103796397,-0.13069985122881972,0.15977356922099947,-0.4395432386938873,-0.128842707011401,-0.09694301100056163,-0.36750756217405783,0.1149916359337088,-0.5330327890188216,0.07591534081951011,0.272870704765164,-0.6151001130632345,-0.5893401997910204,0.013438895004086316,0.19008414238981441,0.051726770088136524,0.2942761290620693,0.15777670387099388,0.10986529693354274,-0.0266318234488087,0.045203032889861536,-0.2773285079662587
Galio,-0.11116179130185426,-0.5438696052539876,0.1450646350468015,-0.021127165686074527,-0.09862682574549565,-0.43961727351012103,-0.18641604403911027,0.37790709529232813,-0.13575728291231223,0.153489007608058,-0.12148756469862347,-0.32351903363858925,0.5611623686895222,0.19321334805583656,0.31364571827968113,0.11313602295468803,-0.018330548612624627,-0.0290802402154646,0.23489268108156786,-0.04471932200656651,-0.3050213097608406,-0.30325861644789726,0.13944973907301117,0.2635898580983211,0.03162265957362876,0.24276830483575904,0.20350912451713607,0.4630045115325408,0.2301598245831785,-0.13852359267491443,0.5203364818547176,0.11680395754352703,-0.11973722457569218,0.033581587567613404,0.22273285627357156,-0.3056274110448615,0.16105752667746698,-0.11271708601350183,0.1937140796453051,-0.03903589670703911,0.38039879924856157,-0.43086010255626217,-0.04178353494870849,0.23904622036918347,0.33271128717005727,-0.23793530519494566,0.17059475536504812,-0.04072209235079873,-0.1760158901594692,-0.09597218460895017,-0.4046193385982408,0.17800009884705972,0.1967628979213251,-0.2877616814512174,-0.39086717741322885,-0.32906959181825474,0.020603894260220565,-0.4690781191889428,0.2736362223621726,0.22306036780516458,-0.009068457058212217,-0.5370781065624326,-0.17387576267360735,-0.054624883085171626
Gangplank,-0.12620128028630268,0.0976994481203412,0.15380726530323735,-0.17777893317890475,0.3711396184035652,-0.20177319100289753,-0.3072675322580332,0.023038235504113286,-0.19301759302580832,0.05667812933723353,-0.4124796225762353,0.19589772310020298,-0.06235295388049959,0.06727700135943092,0.5710301656205696,0.22954272530738035,0.033856177480212975,0.014114132556984496,0.20941368368835334,-0.39037731800290715,0.4543860901967383,-0.20275921155188337,-0.1944518765906588,0.1029789797237951,-0.1130859287448573,-0.3891443719817771,-0.1660325708352177,0.04461524309482161,0.33902191432049744,-0.610951007459474,0.08378970440917148,0.2242708642220086,-0.3807055543616887,-0.1296270908395097,-0.16357356153040467,0.2108512566272782,-0.5294992347611888,-0.32947682019841207,0.15215625337863314,0.24733414615961347,0.13059349945229204,0.4578691211993441,-0.04655560884301248,0.04794094295008094,0.023625130939294442,-0.11662388404504363,-0.06581752136501058,-0.22731213340695938,-0.12184174433198434,0.41465886624731296,-0.46234487191387763,0.14061845770353426,0.21887210725256562,-0.43848231962658574,-0.3502414843785149,0.2776553156408795,0.4836831149104308,0.12830622803098507,0.49719377054501757,-0.03230981687134006,0.13697108737531738,-0.20747059234421691,-0.2536034352170958,0.06812661520052224
Garen,-0.06662057029017403,-0.5683804362836363,-0.1897300309684614,0.10916627075629444,0.12700968187364894,-0.6005575568988033,-0.26398692635013543,-0.2776226523636899,-0.11671301075619957,0.05364340091998749,0.13267394817550734,0.16266093306701782,0.2721803840087744,-0.1921450946634724,-0.3544931538373535,-0.05365030811583513,0.1938996380332685,0.030600521386430254,-0.17024953645879967,-0.1536192765803669,-0.16582630895823786,0.01809721737252752,-0.0887022223189877,0.09588594018973312,0.05869447636104867,0.139723517166281,0.062428941019566704,0.2885235528835738,0.2812962885494317,-0.5378451022174451,0.4219677107895063,0.14183002455635485,0.32172015306878626,-0.38446694698829587,-0.08495719023052475,-0.14893802872075557,-0.4947398213491089,-0.4730697222162182,-0.07583148338460625,0.1000976281641687,-0.05437806200982722,-0.1800445483075682,0.034383382591665713,0.04217318883386377,0.30104462089957273,0.15958149118258338,0.03283773918298963,-0.08628212756306503,-0.004095815931571722,0.17524688284509976,-0.6350242778378422,-0.01642023091347067,-0.3126050714160864,-0.3293509857489446,-0.2506345954680661,0.1925064793140815,0.37615945746879265,-0.13390075646350358,0.7615522503402208,-0.13538234770607926,0.01222933313658299,-0.073450155432559,-0.12894290321877147,-0.12793584748853085
Gnar,0.3213633170344685,-0.14415954489562546,-0.2076394198005214,-0.03183883092748455,-0.05755803162299196,0.021662286906389557,-0.22735097965603232,-0.04904840017974915,-0.36227361134023495,0.398934885820617,-0.3952161438664388,0.041617354529526536,-0.07803784885335123,0.02028009896659049,0.22519990092832967,0.22833217026391753,-0.14958794961638963,-0.12667231825006606,0.2122916787498044,-0.2785621223913299,0.10267892225302065,-0.2751492038439977,0.2531730810404517,-0.13192314326164747,-0.29861874179645137,-0.19543278587870686,0.2616726997813045,0.26977434647517995,0.28770556889186644,-0.41785441482564006,0.19384995186965578,0.26301722113436765,0.2245832653444946,-0.019117052920708557,0.0024964382645413833,-0.16429906732543556,-0.24900743178867235,-0.5208882797858585,0.3203514965329523,0.1303838629978305,0.14930889294453792,0.08688165478736676,0.02582935552635947,-0.2228901294170923,0.3167628791666352,-0.3399586305075826,-0.222100646384982,0.12326899251601686,-0.3991935004897205,0.02297897623611783,-0.1254472334500423,0.43326063255397457,0.08395832701122648,-0.35046421668798133,-0.04388669842670848,-0.04283631905220508,0.2945671908595419,-0.415341871395435,0.3274365768519869,-0.013963857468501453,0.045441527150422475,-0.4583782045029676,-0.36448778067501336,0.10981268789409157
Gragas,-0.3478222283820682,0.06995497301746217,0.005230706008557802,-0.06537950936956002,0.08588936869657067,-0.42432293751927946,-0.15700652099082313,0.08038783465965624,-0.3909651771570786,-0.1752725914908351,-0.4031599419812354,-0.17618426369317905,0.062282079394159015,-0.01210023076390838,0.47738140946739493,0.06512560846867099,-0.2964300788114227,0.06640760322001245,0.09594598655792172,0.07066398814532272,0.20790158372463963,-0.07505275030727063,0.03168395392142105,0.0927589922774546,-0.02005285292532524,-0.2736665496904458,-0.08613582427671193,0.31706216205063975,0.26397238928778965,-0.2535187563360171,0.1505856671297539,0.050518204971209436,0.12372811239988428,0.35825128111042714,-0.010374400516198467,-0.06068860772552315,-0.2243285998939516,-0.37986982733190955,-0.13331132226335055,0.04555388728133939,-0.08759036803598842,0.23242560870160975,-0.08593029670518136,-0.22197950514104636,0.18851762784561396,-0.17044562465903887,0.05163665469217088,0.1140872742338336,-0.04155743709006387,0.1354954031907219,-0.0406770607705409,0.20753158654631634,0.14036914690680094,-0.44761983306641684,-0.5045662120474362,0.04123442736065815,-0.033097086172621755,-0.10651586041971534,0.7487524913027901,0.43942901060441264,0.09479496441371779,-0.43797417046586123,-0.13753718834723735,-0.022432646426096027
Graves,-0.40778742759706194,-0.2559503523951055,-0.1334533771942291,-0.014654452890922563,0.31758525141269756,-0.2691291817760339,0.05226674548282947,0.03142690243499897,0.035380581347294084,0.20459765505287322,-0.020654340443473446,0.10522479296664057,-0.47089710017782316,-0.1976885486911868,-0.17691831246842238,-0.038402076835080234,0.026365884910265373,0.04467465661210524,-0.03613614972969074,0.116547400218251,-0.3477754365198538,-0.29349469501810305,0.004630119492444093,0.35898505839234224,-0.05188846882749085,-0.2690276700980982,0.36987499129416224,0.4439700614729642,0.06819452234964761,0.005034552780360598,0.30281051885686383,-0.17693944687552804,-0.19330698183489692,-0.44035402265414614,-0.13519741196089805,-0.26579150047161243,0.012242467643699526,-0.4859200834066946,-0.32653508616538574,-0.3599558084799986,-0.026410727842006116,0.09233541926442511,-0.03184910104108363,-0.29709977165696544,0.27441445261699854,-0.09430815760782228,-0.06505053525914006,0.08532160679138039,0.1314994899418315,0.5412988867911721,-0.035359027394540644,0.29323621003188355,-0.18799940231886225,-0.639136438887541,-0.3333593008126111,0.38245974650652487,0.5473439354783429,-0.03652644637785373,0.8288467940141213,-0.06655087220141648,0.1631691482058576,-0.8229863641564938,-0.3471576821144787,0.07618515715485182
Gwen,-0.18209764860650154,-0.39737474356873875,0.15856514749450704,0.0045163955868975855,0.17448886319131743,-0.3259188173995218,-0.5717878907689181,-0.6140450207039826,-0.18986039093116358,-0.2679753207851835,-0.18418086266891562,-0.01949281846433746,-0.12093912494384261,0.04343325976712508,0.0961922756974552,-0.32882554183745116,-0.32896077629885523,0.38929766239554603,0.13309978466314532,-0.33190340135646734,0.29908057529845905,-0.40869365883916553,0.0722532332209718,0.23336833110817876,0.05412846676763336,0.16821592160962262,-0.0778786730714652,0.5645475882753643,0.3795062825297984,-0.45037098201437764,-0.14773974267435408,-0.13742237491015236,0.005554171191256732,0.40255685759440835,0.1095936814217889,-0.059923507762562486,-0.5647047817342588,-0.33642000108947484,0.15681011853114502,0.12883359550583728,0.1169044622201435,0.05319270397291544,-0.06645014673553122,0.04793313946325268,0.3414224109308989,-0.19128585665111744,0.26464266118418217,0.55157978072068,-0.413555286559751,0.21610530931235983,-0.42587383718332733,0.0817586737561208,0.08436528420847986,-0.4442818881691257,0.25597182676388314,0.10031743691631524,0.34839395115801425,-0.07626616522657433,0.5702791625954924,0.2264896526171482,0.21793628832604434,-0.14178422266639795,-0.26743514615149616,0.16772880307188132
Hecarim,0.11211267234949913,-0.42836760657772616,-0.28224414014990606,-0.15210157786194434,-0.3684010517300791,-0.4945997509126356,-0.03662335936849899,-0.27951135481758,-0.056043667591898653,0.18110030843973185,0.014907182740434151,-0.03284455155672535,0.3162591893627043,-0.07138808534760414,-0.1308388243569946,-0.4803545393341538,-0.10640579841491504,0.1255127946390451,0.011210425794754836,0.16374954188662766,0.2415546326199491,-0.27627986797118326,-0.08469576985187245,0.3463361387576054,-0.32119639100303315,0.035258867487399564,0.24518177680515335,0.5735244951826877,0.2514660331887346,-0.41858656219364754,-0.02466609973933706,-0.28111996373316694,-0.11184175924296569,-0.06671969121618347,0.33244139980374793,-0.2554256573837913,-0.4993347642449306,-0.10428654431133914,-0.37678481339566994,-0.15081880016867807,0.0993902436498372,0.48363605724985353,-0.12735967747110405,0.005208201244166315,-0.07303353855629842,-0.17999838164839288,0.0844172796422685,-0.38337957958564817,0.3625237810597071,0.2909156206309939,-0.16961404904367022,-0.0770358352416267,0.14761787482161978,-0.33490982972207,-0.3757962230285847,0.38346159830514837,0.1126671447804968,-0.12936042032214365,0.2647017088734138,-0.09915321519523794,-0.1981407011928767,-0.34706704495949586,-0.32275017998096145,0.11673707765448445
Heimerdinger,0.08134536096648429,-0.23374547711902485,-0.28928745916137427,-0.07371382487584563,-0.13744413474904502,-0.3918653793899987,-0.16292811950659927,0.03067204986068257,-0.043168167220385224,0.21686760405588779,-0.16955314049008685,-0.025527840194094206,-0.09171300500131789,-0.06049217667418025,0.14894713660809988,0.06733752992394829,-0.0056997240307604035,0.011408803846773523,0.16245459746367208,0.046568419507880696,0.20497776533156045,-0.27253241194910083,-0.07641418657858971,-0.014818763333706799,0.019437582415787604,-0.2382830581975166,0.14867644330217084,0.26929701008670187,0.1618521573239607,-0.21971128022939038,0.156413575923817,-0.08754698621993054,0.23015073578408948,0.1455786187618236,-0.11480111614850493,-0.03754689156663115,-0.2239592242980843,-0.4229120078738273,-0.058251697344788904,-0.058724354593887036,-0.13564659980477517,0.2121526338406756,-0.1193595526416748,0.1326199145819266,0.18748510343020772,-0.3012687514399759,0.11995786116467028,0.01641076583384353,-0.01695507184018515,0.13005163166871017,-0.13287646547557155,0.22257582863014116,0.0016097143930785146,-0.2418406597506223,-0.4361763169955036,0.11127029136268035,0.3247363655064372,-0.12883015018013488,0.35636911166308133,0.12359831222822534,0.08621830148513135,-0.3940149601270912,-0.43759034771394717,0.037937982874001075
Hwei,0.08887595838660774,-0.40387844267713185,0.05075070487259257,0.17858951858526217,-0.27673080217315216,-0.058955690860269416,-0.20124558374899565,0.15478140991408174,0.13754995249405244,0.1417811951333417,-0.12670355600655744,-0.06480097073066442,0.1351198302681635,-0.1868557491934669,0.23137320293727978,-0.1787971114457907,-0.1216825927937276,0.23743500196142683,0.08260406687685325,-0.27954029476623693,0.06056147897866324,-0.27967795192669503,0.0639733449631862,0.3562179774930753,-0.1935699761630808,-0.004910034167289599,-0.008244414971622233,0.17179528135535016,0.2506493818428044,-0.2284458975743298,0.2459871252445645,-0.045090781909409315,-0.09099136566685224,0.3263568540663515,0.10024349093183835,-0.02094093231566524,-0.07659834280785087,-0.42967803823633816,0.20478661193797137,0.06717051177909643,0.07975973203822566,0.1186601859805942,0.08557684313251641,0.27887397829760036,0.17201173176281084,-0.10721966474085454,0.3213541622082461,0.12112927188047039,-0.08614684329631665,0.4712581527001926,-0.47672267704810134,0.23817465989978212,-0.01581290027897419,-0.07862402377017616,-0.11559260434801803,0.2338385859197102,0.017805932869609818,-0.24957104832610905,0.1261500647604796,0.22935340396933238,0.18002640835007033,-0.3887762027051574,-0.2090006657720606,0.3355867382935314
Illaoi,-0.08839338443778075,-0.2859403097595393,-0.23410361316125755,-0.10152456348050358,-0.34929818506487514,-0.31278368568288767,-0.14367242776122,0.06750762148488267,-0.26065374373804956,0.20274202933742272,0.037147294238770265,-0.0007354353009996175,-0.01487645076562242,0.04140900987147897,-0.019365155772353652,-0.17154726283336524,0.03505279918380659,0.07918898525601238,0.16051102382954285,-0.12951296067258106,0.18273986221896632,-0.15423264769007983,0.10732042739163974,0.2431856200449222,-0.28381823963559943,0.02324285173626916,0.19679569162367988,0.08687877671673239,0.412091295987809,-0.29738734216055424,0.190766451084184,-0.08176609742297758,-0.13331590388632794,-0.08857175160524203,-0.06515307809983532,-0.05042633905914752,-0.026740509827658448,-0.28703208456931606,0.28563226124906155,0.14214749541639646,0.07858736738418577,0.12445370011023447,0.11331219644111916,-0.24030339778821463,0.3368455165152199,0.09100922511404633,-0.1509486566261668,-0.1197870385462899,0.06785535337342088,0.107942937805545,-0.46336489753229,0.22470938641969623,0.2571096914470798,-0.35955246916577155,-0.45417628107400415,0.276889928105339,0.08421738425277811,-0.18060705625829324,0.4481747967279429,0.051322088454317856,0.08709082674644775,-0.43910618650120997,-0.1256404669088411,-0.08921261941495798
Irelia,0.21433863180776921,-0.27866673689571003,-0.1184947556097584,-0.044371320034459004,-0.06274636380630606,-0.1114839524404334,-0.45137357481256446,-0.14731692229795787,0.06552245204755903,0.32318770629372495,-0.22656775181272332,0.00984756755249696,-0.11000516185648793,0.3174620907988673,-0.015367388664557662,-0.29372065752633003,-0.19134105089022213,-0.12979865595357765,-0.08987269856129276,-0.149051022741812,0.41196575907234034,-0.3199329659229567,-0.08043971784182805,-0.052903664342743656,0.051311423865021515,-0.28466877011865177,0.07198104555448144,0.39033797409820625,0.4667806889873951,-0.38606266742805206,-0.024470376418836603,-0.015101979530045802,0.1425777008454565,-0.15028606137752373,0.29932226281350494,-0.10121854437806399,-0.03573181892286992,-0.19125621501637186,-0.13682723994007492,0.2377127697371485,0.07570697780236858,-0.03905236463921572,0.2123766364865772,0.28764143819168586,0.2298003655527931,-0.08324448388895954,-0.042215407206699494,-0.13175137655527663,0.2417665806779535,-0.21126541532986481,-0.6988447374113708,-0.103680767632218,0.19235006631901758,-0.13661766921442461,-0.08122715363785338,0.3031957767401056,0.38750603100769515,-0.2662863710142842,0.37910357315276416,0.27593474844285293,0.1484568319227018,-0.18386106206072653,-0.5751845232486018,0.4314407658610314
Ivern,0.25953288662146606,-0.23187798100821158,-0.05202124682766381,-0.040496923097513286,-0.19672943625151162,-0.43242552359070896,0.16041497982256006,0.2556961310440873,-0.2664259547015939,-0.12206816188919671,-0.4977839929868311,-0.14852378158319823,0.15320502094015653,-0.3734232216924279,0.3438562027538583,-0.23117133385606756,0.06151870854291727,-0.047818413938083636,0.36814571692030484,0.07580343812674689,0.45056882768124856,0.09793883274670491,0.13648851186938188,0.07331913038299855,-0.12806201141841467,-0.008534442890147624,0.34514929096156743,-0.051018928684257225,0.270372762395807,-0.2292026510097152,0.07988116972731187,0.0696629498824231,-0.07143049756055792,0.029277105612867418,-0.1113930446055514,-0.0430218124200539,-0.2061211617408778,-0.2766874241224189,-0.19323294706759464,0.16230966906985048,0.3553769519418345,0.10399543287508047,-0.026246529467704498,-0.14080319247249998,0.23429622166116124,0.023203867313899378,-0.25762048876367166,0.26886641503371694,0.24219472068974365,0.18212372290848738,-0.2540026598313025,0.19984685338555808,-0.10430399756842765,-0.3368231706363481,-0.5773935552782625,0.15104274455750233,0.2678630679553041,0.13298126611756492,0.274170404218889,0.0051342224450698914,-0.027640897835729927,-0.3405391356336983,-0.3059524620560244,-0.074240735313615
Janna,-0.2806176832206849,0.10961641442547655,-0.4546603667761056,-0.25851340534434897,0.01359457401363468,-0.5413698985801054,-0.44812324743784654,0.21120313139427907,-0.10776459927935735,0.15013760795347036,-0.03661935972941556,-0.3445543503819785,0.5216632280846498,-0.01176947847824388,-0.1645519665309231,-0.37185761383003924,-0.09151124723130658,-0.049868659388984285,0.07128863915641248,-0.3810720677511392,0.13425738172414614,-0.08707183330654651,-0.19789081353266494,0.09315540536151166,0.011461480025229294,-0.17214662546303416,0.19463473307579177,0.0019014599620593698,0.4620236182352961,-0.5371146722208429,0.2006701130705028,-0.04246778429371606,-0.36471866464232067,0.2698672278058203,-0.12466870196951438,-0.0015711346783185494,-0.07753728256188369,-0.17976946344937303,-0.01306101955502939,0.23300287701063516,-0.2731902422034187,0.46070940261389276,0.054398671158051366,0.10216073215315298,0.2377453005645938,-0.05883842526225796,0.31308184784012366,0.053331234618064036,0.21679278177994,-0.21351044045994924,-0.3829172417303108,0.27935053733522996,0.29482629322605275,-0.5805374686063456,0.15132216013554894,0.008982770130956698,0.26601138686356124,-0.06761204367412539,0.42122595600233187,0.3812132751924412,-0.1488216887588493,-0.13525098688775533,-0.64068618813221,0.060263397881173325
JarvanIV,-0.40480629774231514,-0.1496422959038234,-0.2921221724966715,-0.27780608480868524,-0.10375096912788932,-0.786851448259254,-0.39634088796193645,0.04453941342383817,-0.30966483032416603,-0.2208186471234977,-0.06836248613982106,0.2964201935979548,-0.14776735079392783,-0.18821277360835909,0.33308813056295283,-0.06238727396034088,-0.1819529717385655,0.24299446516164375,-0.19410691248721354,0.14389691919319197,0.11806398887043904,0.052312110024436295,0.16329623390977288,0.5261903892240503,0.32566162248769565,-0.1984963331232313,0.3673694302293025,0.2847333924485492,0.3677691883865357,-0.36201929945562267,0.1617892366448439,0.14970496169783432,-0.46069552241693906,0.09583120242310247,-0.25038181101212625,-0.36259546236055457,-0.30027785541198315,-0.05805295670806765,-0.12907510640331596,0.06541815233737726,-0.42616076901873584,-0.008724684557234429,0.0912204181823706,-0.018385756043598305,-0.1755004780765649,0.3257567753765854,0.3218630350138782,-0.002981343975024457,-0.0421333078513381,0.3777177399579455,-0.3878418064630468,0.050540728792744405,-0.4251532239669416,-0.6977552081152936,-0.01005802128560797,0.4898647810622573,0.16039746669959334,0.2996788642980567,0.3992232587990803,-0.12476277538309692,0.0062029292921977975,-0.6385493731982468,-0.14416638190049694,-0.33297760843033725
Jax,-0.09468929977474853,0.1615303225282798,-0.2706299867110359,0.06753546276235577,0.1817972123841319,-0.16666547848439592,-0.416218091071473,-0.0746477112620396,0.12366053799435671,0.05548929575775018,-0.33531772157441375,-0.29649734817740353,-0.06785261587167113,-0.2510719790979814,0.10315825518591042,-0.016503193704151393,-0.12767637571711227,0.12872265896428317,-0.240561791737872,0.3490486138032697,0.3888414942261952,-0.5339079728922971,0.2760254381000547,0.009293052928772642,-0.1006133900545472,0.06022811810229685,0.2543933784822491,0.13869324547591466,0.44873072072184156,-0.372448921582177,-0.06379542978681807,-0.17263118641636005,0.44491096605224906,0.16582459271527483,-0.004268613776590042,-0.29132558069773773,-0.6087598930638953,-0.21139539451693548,0.011875825289190971,0.0005222907865294684,0.09229972446910141,0.18050311082006193,-0.07053738110426529,-0.30800352923110824,0.3380086418004752,-0.006808256404316507,-0.08396244848945329,0.4400813855392812,-0.12192806576313807,0.3222214664742812,-0.3891216095692236,0.37520846225883775,0.2757096908885341,-0.37614389325556663,-0.01058734775836274,0.07668309822403875,0.07663616457096165,-0.28627061406245613,0.5313526558104557,-0.18978927643762958,0.014439308480806799,-0.5075688617899488,-0.3517031797146546,0.19777661728759474
Jayce,-0.2859501544670791,-0.6610180819886343,-0.011166140402003135,-0.005177985468769267,-0.213648050090256,-0.12032752631585705,-0.26079882476836547,-0.39764844122488935,0.15176441539427818,0.032427630031937334,-0.06374652563910808,-0.16210486419013637,0.1295047722657741,-0.2550810722094974,-0.3429069431129055,-0.27088090921085567,0.2849417787364107,-0.1915139777683464,-0.13113441833696912,0.12853554218093097,0.33626013475566746,0.2774185785107344,-0.15293737560826276,0.14759251341302052,-0.3085807528072064,-0.2645430770815391,-0.13445429998026864,-0.02348129475563649,0.37518432839786964,-0.5023451252866651,0.5537916219184622,-0.15274375890091432,-0.5081815496478304,0.08140438605917233,0.19301801598233875,0.306506841098161,-0.27787380808390366,-0.31773187707306655,0.1815659802686174,0.3676328779727054,0.11869176849143652,0.41988136329166936,-0.07449511653000913,0.08656006732488263,0.2965885914940856,-0.0314176226810582,-0.1948378776493293,-0.4419518050452097,0.11275311467421906,0.6540877658850557,-0.45318732604937534,-0.2886561454064821,-0.33095870229208607,-0.6171190638793286,-0.3430450816547821,0.11675174175625608,-0.08284500851161523,-0.05270191275578472,0.48253001339588464,0.32105834946027073,0.0491329764599228,-0.38146498525998485,-0.16640626916167683,-0.1379458539737038
Jhin,0.32451857812279516,-0.4955823706942795,0.3911358511997807,-0.7631092620901928,0.07684138553141891,-0.4347943553897962,0.11065725606744306,0.40109004398000514,0.13787516698478328,0.16915777567420623,0.28527832053554625,0.043666932264876356,0.0980653486860944,-0.31994528269881245,0.18721722400902424,-0.2935317709471445,0.045339841912621165,0.15353352819730431,0.05692916380511453,-0.3428669293392591,-0.08007344056269586,-0.09376111656535412,0.2259416181219079,0.18829965959469008,-0.17981853549839782,-0.23465218332572513,-0.06576322962961789,-0.1639144012543237,-0.05092576100570076,-0.2848543829598562,0.25650270547566967,-0.5440301761178454,-0.12452210878497107,0.4177875750484287,0.2547228430040481,-0.28476764892756135,-0.2431835119976025,-0.27728239401318006,0.18760588618466456,0.31038863914666465,0.1877105564685001,-0.05093426169538835,0.07607466732492868,0.10388015237036194,0.3067462591616662,-0.38397036527532385,-0.09272925477365634,-0.137081138686677,0.7020991187395361,0.2770056918045873,-0.5449665178264214,0.2985942172796844,-0.05884846837965397,-0.39331192391239544,0.13578635752235094,0.5627013882062326,-0.09462488381973942,-0.06009727154667658,0.49210994493626975,0.5327171707802054,0.3503745934461205,-0.24674137662413725,0.01650465923576291,0.19341926524768652
Jinx,-0.41316311651496074,0.15068330064761576,-0.20340575431202498,0.2058339287347732,-0.1601224166001001,-0.1967169687188486,-0.42584015841783474,-0.1580113035125237,0.24267939117282378,0.3341085865810671,-0.08929036031970457,-0.0784240169881859,-0.059604288384782295,-0.5225596832595646,0.25673956783308993,-0.29428242621841005,0.4298309500902028,0.19196014889514923,-0.1209357248723193,-0.1615818068363013,0.06574145921772831,-0.2634424809684887,0.09599650148141181,-0.08401703241626482,-0.23773927254448346,-0.24971975834802088,0.19672072673796315,-0.1768351222644363,0.2867363324533011,-0.21222864354428242,-0.28275087088521617,0.1470202180503279,0.086641041496981,0.497348767675725,0.17980448388324097,0.4761554353112564,-0.07095847914268577,-0.47060235367030834,-0.010325273947023053,0.19495994291689853,0.422411926085129,0.47851498531701664,-0.12230588009725786,0.014116889640153115,0.20512611981086035,-0.19580747245917343,0.26126206956732023,-0.30641098350306645,0.4664881763204621,0.05598833167020252,-0.6892155335519637,0.02670083899970338,0.07758021112304804,-0.7250706404390342,0.24986322339885803,-0.1870669159672475,-0.06133904273208297,0.0047260317865202356,0.31326371922822177,0.13399938688630278,-0.02686421463058751,-0.5714288391094973,-0.5933507544955527,-0.021662370201663086
KSante,-0.08209823754320934,-0.4073984502653202,-0.4820188800866112,0.08943663913146666,0.10972889322266334,-0.6864034265455784,0.008337990816320274,0.03585873985657043,-0.057194677655044074,0.14345523469493004,0.08303716759014614,0.2345634842756172,-0.1687787237818136,-0.15493688299530556,0.07854410941886196,-0.3866158180675938,0.4154834168712456,0.15390359710563753,-0.3172736383281858,-0.049702904420252485,0.4038402956657739,0.008642557399153627,0.4044260716853136,0.20278511021241397,0.021670806477943852,0.0021402639156629455,0.27550865626519283,0.5835950431532836,0.31008709511727284,-0.5456724829948582,0.12108658830581467,0.10628390912406391,-0.6320454424548066,0.13911655643491774,0.001334348604745267,-0.28042590447972837,-0.5190441887970665,-0.6201901096812378,-0.087381670486781,0.3529637022777867,0.17550488256518565,0.05827022664964292,0.0035091123433298147,0.18913300842607159,0.42375372476067324,0.10937841634268913,0.22356912522423994,0.08143798560900888,-0.1550036036940654,0.1454928574360836,-0.350754688231301,0.11051388749698998,0.08561665907578037,0.06001609604811049,-0.14178165357848785,0.1827287645802715,-0.03921953368525649,-0.15959676453597574,0.1134863407127215,-0.0557861034441692,0.1559784416394046,-0.17317688767893674,-0.30656137121119836,0.053210772046410656
Kaisa,0.03335843442872672,-0.40378345562973567,0.08657378233969103,-0.10504260393468808,0.4732843179284034,-0.7088653760844962,-0.12327527055006346,0.39402189648458374,-0.240154822193548,0.07177979920085223,-0.012419343408652138,0.255164140268144,0.22243230880259332,-0.49012378416668634,0.2397105566696364,-0.13921510450417152,0.2623515539772544,0.6651675303088608,0.031877793661008375,-0.4432059029454262,-0.0954031707837856,0.28102937829644153,-0.0544174667623872,0.01785244002870612,-0.1801710096435057,-0.1909927413411682,0.382765928799659,-0.13951823372144198,0.1617397683566487,-0.213223456779351,0.015858402594669543,-0.47000634467495866,0.42298600942892045,0.09155537361029682,0.18270941872314891,-0.13381636251879556,-0.42816277184726304,-0.3994175209169726,0.21349197011550064,0.46740029483510787,0.1830994680161819,0.06948772411250936,-0.03773080521405232,0.11580607979860455,0.12496729608843854,-0.3554192233184449,-0.08978038710555136,-0.24805151494143474,0.44597697503349654,0.11974273482428495,-0.14557309019351417,0.13477200795821973,0.33739576106902447,-0.4983857028634835,-0.40070265944521694,0.06133801602198167,0.03828370538958811,-0.3295740458263815,0.3397336779929104,-0.03997502489801945,0.48037515359492383,0.05202586329651801,-0.10466587322477222,0.05134597922434
Kalista,0.09090058446785058,-0.182269613488949,0.006066108614452747,0.1677374243048011,-0.09196484858040352,-0.43285173694419554,-0.026615584914336802,0.11133372534562998,-0.26610306997231,-0.11750205265259239,-0.13914089157398443,-0.1360135664538627,0.07710496828016886,-0.14197634392282085,0.13960680539671014,-0.048774680578976715,0.13867673782532233,-0.01403652806301073,-0.14088669246014007,0.04947254918129292,0.2508360200015555,-0.15269845740984908,0.01324553882595785,0.045345734321235134,-0.03985179997637021,-0.30307338722041177,0.3566182913487797,0.29005735088312284,0.3570183101126097,-0.08831082717882296,0.26190413837785725,-0.10172817887162343,0.21682717442772104,0.029050465030325674,0.15026232808339982,-0.12450579933055866,-0.1878946284666854,-0.040131214499075696,-0.010947986969645806,-0.038655705656413186,0.047225251814494676,0.21407297086815302,0.08527543794513556,0.031354737574396094,0.2110410667688311,-0.21972144898873322,-0.06533258609014503,-0.0625489774346339,-0.15828384188152558,0.13144539113336978,-0.3272660470366564,0.2839279006570513,0.09397072801637081,-0.25953066861956287,-0.12372864155379105,0.196215135577475,0.08160077991186064,-0.2861389060506677,0.22282200772368316,-0.08966831136810818,0.023191852335021523,-0.4063204191407398,-0.3173080053874425,0.08711232315728076
Karma,-0.2479941110278468,-0.32212522853677283,-0.42388456355036,0.01911362119827224,-0.3696983656889605,-0.502105275269572,0.2043634050869493,0.30744624756162625,-0.17768052721923028,0.04130851076690008,-0.28544790709355206,-0.1607249555782502,0.2575720393777628,-0.5983276843699425,-0.1989877689664733,-0.47929137832805285,-0.15368428762180542,0.17057463911840334,0.6203228031923564,-0.21189841537836557,0.06329371737532306,-0.2907348369575739,-0.07605522858426181,0.5384424018637647,0.1463575602641828,-0.1793936375909456,0.37062991694382885,-0.3455493121739633,-0.034636894515047034,0.00828633670767259,-0.02674544997237566,-0.5617684701113347,-0.005615512319340279,-0.024793182430929896,0.1355609831859225,-0.5136275034277634,0.17301785245459708,-0.8465388080711589,-0.015495788657357259,0.2277152467458209,-0.21458059096805618,-0.0576820026635048,-0.3072115417316841,0.4957903134422697,-0.11392181665163344,0.3529938083195485,-0.2659368242007228,0.26778694028528965,0.09190654530365343,-0.4894890627587015,-0.010833419806231145,0.4216098655117597,0.3589035855316513,-0.6579143212354179,-0.6155020883254444,0.21812405624798126,0.20085784026421116,0.10667823189205826,0.11503086160687126,0.33392716049262183,-0.2575445797825252,-0.1043515244502159,-0.4272980717398761,0.13708088330231138
Karthus,0.008818068726823084,-0.42871447160590265,-0.3066419598499315,0.10749855392332701,0.05150651786755882,-0.24978197252420417,0.062469891813628685,0.20475100276396288,-0.2999758982562621,0.1241507053651791,0.008812743305794452,-0.011371556904523673,-0.030154532867400483,-0.20869253963570475,0.22130082097948728,-0.14919196158437142,-0.0836502736011973,0.17293498067559027,0.17362716472083348,-0.11982160312058002,0.28767456080643855,-0.14161210817031278,0.14817948712805626,0.32220127034276347,0.01968109113753267,-0.2444490806475863,0.3218409906924673,0.2636810505177392,0.04922900027465629,-0.1460025799881623,0.2172987747116112,-0.0769078100025886,-0.026716560228049448,-0.2544121618662759,0.10734552674826324,-0.39103059235290416,0.0832263191791504,-0.18157443137897333,0.15743190720523628,0.39096248322478794,0.07816400164306997,-0.12982573834548747,0.09059288715273547,-0.0448225407027105,0.20964419090489847,-0.40738668711102466,0.1384827267645411,-0.2004318315529978,-0.02576427328862863,0.07992894714461905,-0.3925918206293223,-0.020808797187230946,-0.38381180855465,-0.17368950604135033,-0.469437069913849,0.21295263593064268,0.23349235811155122,0.01838700276023601,0.4684400326910505,0.0073975561150270265,0.08454660403120842,-0.2668698615899769,-0.2724469118629009,-0.10437291823858098
Kassadin,0.20920415794217612,-0.2425594954839719,0.3896690715107608,0.30947078499156777,-0.22850069927703778,-0.2882373768892822,-0.276615913119727,0.05119797071981413,-0.1678033642707642,0.14174532709094367,0.11323637014471422,0.13844283767811807,0.1804765183448873,-0.544776294823607,-0.14652035693013318,0.06496836304035492,-0.24939022621905257,0.07449975049586596,0.16748070107366014,-0.10914985741202379,0.3614308234955637,-0.33585693891726603,-0.1041246234624591,0.35917905802421446,-0.3131473258690359,-0.13350539502173578,0.2324351828730421,0.15696863967083766,0.7623435573379562,-0.6961741665695212,-0.10450768239748347,0.14522153727536685,-0.12148299151873221,-0.09313834039303641,-0.34160500697853186,-0.11258980505376885,-0.33174231456511516,-0.33837131488894284,0.7848904792633153,0.0485062573171511,0.007621663923874172,-0.03903182508487998,0.291464415247376,-0.09124019306457973,0.20593556753510464,-0.1957948101381208,-0.19995518285466965,0.11373645914182827,0.12838690791138832,0.37028880170097267,-0.5741017912823745,-0.12721469071734542,-0.16158261366803836,-0.13435341719934954,-0.4442319943219563,0.10896210458830621,0.026000821866498776,0.15437284696823675,-0.08885102144056159,0.27373073591946334,-0.039494029500198036,-0.18654797023554692,-0.42664550590853456,-0.15631212564542618
Katarina,-0.1296207642741862,-0.4759536037568767,-0.3051166485659926,0.3138812145895433,-0.04904753593427345,-0.4529855024169803,0.09680318750732791,0.2839973186750077,-0.21883721518155852,0.23643252641768508,-0.31102681977099367,0.31715761826723127,-0.0014853238727494385,-0.45036632736768795,0.02561902906034702,-0.05489703285900236,0.005753258845117523,-0.08970892168385226,-0.0782251612906938,-0.02007411665961345,0.2564766579310991,-0.32392106342648536,-0.15989143201539774,0.05970583145763883,-0.34866984747810165,-0.0899811433312491,0.22873730768919814,0.41038489659247934,0.561576889662901,-0.14460692280824775,0.3558354570306589,-0.229463687929891,0.17814999500628753,-0.1753820775492027,-0.05904041105582912,0.054972255177694634,0.18242156074570004,0.010984586631918076,0.4438948070777737,0.11754012663190501,-0.16819614099170582,-0.11451986738348394,-0.19196841457043431,-0.0779113237883644,0.13955710626820114,0.01788606078440616,0.0952903997506568,0.0357681889543674,0.1373483412307851,0.2086882797409573,-0.10808091310008018,0.06823534954917,0.389690988634665,-0.3779106265698747,-0.2331829189272892,-0.12931163282405894,0.1753791935797396,-0.0776266535120063,0.5691290572251322,0.25517067810549804,-0.09943264062041868,-0.4652088637164776,-0.1944836314695708,0.13118835334018555
Kayle,0.3163339701024506,-0.22317347823508302,0.2111541407369775,-0.028854464955881023,0.33866798660547803,-0.4433708686916804,-0.1715124104169184,0.161033798357198,-0.34431407702609823,0.053165345009146416,-0.20936709316360202,-0.2534793529218535,-0.0903611384303033,-0.32844758663763224,0.20822111451876293,-0.015453622992699728,-0.04545278419726476,-0.014041188474981153,0.14429573194029446,0.1073376311160722,0.19101708472563605,-0.3860379734317121,0.0549014799923102,0.2909906428164932,-0.21653593120399253,-0.03992059235920583,0.22712018681397542,0.05603567164960042,0.31340442028006205,-0.14412658384263213,0.32929458134693446,-0.27561421775879463,0.027722757037579603,-0.31968173940414535,-0.03303478007821977,0.10547338959225891,0.03667435585527892,-0.061807437569143656,0.2116183015715815,0.21800280577224987,0.14816953259601728,0.13220136264077412,-0.11529269763520744,-0.1967528549075625,0.35176704164712064,-0.28948261617215826,-0.15067148862154475,-0.016726050663857617,-0.10254739395960313,0.18482625256713467,-0.30385260118302276,-0.20069636706171343,0.04942760425017698,-0.2549341606418323,-0.23862291753690607,0.3432696448519404,0.47834878505997785,-0.17176487358981368,0.45275977853875804,0.31544115619526536,0.3252330576796569,-0.3690534348221541,-0.12820802839420858,-0.1909626631606624
Kayn,0.08153217015053263,-0.3520169198089043,-0.03297779333798706,-0.1815372909012363,0.13989257298996483,-0.2763507521723921,0.016486054320757355,0.49347392222636444,0.044999060026338245,0.05964774648460114,-0.05827401102710589,-0.1496506406666696,-0.19915337776711814,-0.5151952198348515,0.15958823115511786,0.10318104422698177,-0.14131531986882037,0.03214732467962287,0.06865725547733334,-0.06229283745266391,0.08441721287621866,-0.18526560841604686,-0.03213147489227631,0.22703753190571627,-0.16977749145990578,-0.13570836580056594,0.3197328402869175,0.27966327365655397,0.270858838805481,0.05332647761132499,0.4875310033205599,-0.08026852964806064,-0.10353516553976798,-0.13882484183424795,-0.045805123047311616,-0.032863472886280436,0.12829841467588413,0.002417631248141191,-0.01220335906352961,0.28304723636241025,0.33732167405488,-0.0504152567299384,0.05755785439642612,0.002775689430675765,0.15268233485913565,-0.045479732099028385,0.0947697570869231,0.1408876572029585,-0.22837460101699078,0.06359776000591104,-0.525576793159645,0.010661302693297455,-0.02549394193014717,-0.5969366271691571,-0.2306069953391797,0.2281346694843505,0.014732408076214742,-0.13489184650426386,0.574902120032396,0.19762559556784196,-0.05508819656494801,-0.20051109150211183,-0.36364453245045386,-0.20240507630408733
Kennen,0.025764109591055365,-0.4101837189323786,0.009571434230463187,0.06369983652518438,-0.23113023435079047,-0.47294865191050806,-0.23426001359732262,0.2635411259992477,-0.31553119387176126,0.36751875807454415,-0.20968550740535633,0.04976658116658392,0.11320587231552276,0.1610882674587516,0.28152855675324534,-0.4016789271429924,0.16475397582433576,0.11343294097334271,-0.2789093860954271,-0.09625245445224197,-0.06692696400336158,-0.28685543042679845,-0.17153100701687296,-0.016324321931628208,0.061378195294005906,0.01513738860032268,0.14981707911407405,0.26996489793060074,0.22852955488752585,-0.16315815474301362,0.2035921827251176,0.13020001664884892,-0.10731742960659896,0.012126882623362017,-0.04216707718476028,-0.17309256851804242,-0.26933594016436513,-0.4162425886306441,0.13256615996032248,0.25618439081846545,0.0809626946501125,-0.13054587469451923,-0.06269836216523099,0.18749038393923098,0.0838077560742134,-0.1010257952131389,-0.03788762186960641,-0.2058978818993798,-0.13546957534731902,0.1340470527232921,-0.45220218008168084,0.30870737025491185,-0.19148995545795888,-0.30065238526621935,-0.13390660977741067,0.08107714606244645,0.004162407689207379,0.0679700792037091,0.6310819530433889,-0.07075322072122806,-0.09355183615239725,-0.18287718600422062,-0.1918298926690441,0.111043557306755
Khazix,-0.08161676279480556,-0.4997450069507802,-0.6507854240253298,0.34360715807450254,0.05084565920824006,-0.26657794664206824,-0.3967840480895737,-0.39252664831848655,-0.08839964901650424,-0.1721767072343973,0.24372577477816687,-0.25723280227762835,-0.06531574492248268,-0.3287609623804735,-0.04926684182486649,-0.10376025882366151,-0.17271523005458378,0.02153517954707326,0.04414648934671023,-0.021217049072819266,0.3740633711309235,-0.036936045246221134,0.018701441680623113,0.10451401996570976,0.018438108780771525,-0.1414371005673953,0.3228733051220335,0.27016603050743077,0.2757764258851138,-0.3679730529925376,-0.17875083837690525,-0.1282199949992836,-0.4124339309001326,-0.1411526222561505,-0.1889916945027924,-0.5600303884302527,-0.06755763012185691,-0.5363773913717735,-0.14172932205348,0.2683769076592635,0.07886780293395933,-0.027728432540165923,0.20054777788019126,0.23049604484522407,0.14413440457493046,-0.15541799899344688,0.24282485194243345,0.25305701178893525,0.07161632480189076,-0.038031784799809704,-0.5775589857196979,0.015611620931121685,0.05912549399461973,0.31503194208528873,-0.25161812221676455,-0.05343650018125186,0.19144355255169618,-0.2903483353462646,0.5248638085599554,0.042884102499375444,0.05504930957494943,-0.3518287806878899,-0.38771942201099846,0.06195819749342526
Kindred,-0.07093462369060734,-0.29550908739358667,-0.312888753765197,-0.11560235016830366,-0.12012466173319523,-0.523800588238737,0.27050606494122154,0.12456603279526016,-0.0915557843338093,0.1883664407128697,-0.19724796471150327,-0.2786197565029944,0.034507229394746056,-0.021139461751346338,0.3100297782491889,0.013933435610963413,0.15747882421612716,0.15673367837482463,0.171392577411168,-0.02305303011263401,0.15990048546911825,-0.25259902789274247,-0.12061033379881239,-0.09838398573428803,0.0166311412137343,-0.3160640735816766,0.30168759964368613,-0.13909942886919316,0.12454641435218293,-0.3275366620107347,-0.00428343241600478,0.035037682768825795,-0.21108591259786752,0.1951476721456502,0.0318405408222027,-0.332862273959288,0.1746223370094741,-0.2941371566790081,0.18576857365785876,0.1468351210053653,-0.10445315470370098,-0.16003510052097553,0.3664133062046338,-0.3009641908974456,0.21652274010851716,-0.0949450479302231,0.023963847810080537,-0.05786922135357277,0.1709300263885552,-0.07018294738523495,-0.42141157630077136,-0.07853543943330936,-0.2525965587064411,-0.4072630504919864,-0.7284689234424798,0.0983131929133906,0.2756525654655467,-0.017272513947060177,0.48292130592615023,-0.03996803549915946,0.15316076659042677,-0.43005337730813104,-0.3660825502866391,-0.20537833590445256
Kled,-0.04146636691541409,-0.021218152917783315,-0.14206047411679124,-0.13458469792738398,-0.4308306885973574,-0.28335037883963893,-0.13230696352557728,0.0006636440466886448,-0.11437149809746122,-0.0549963138524703,-0.018579468191219826,0.03134129351181129,0.07892198154665989,-0.3268724083109156,0.07586405379589549,-0.21186863033327974,0.038980247358552586,-0.4125338191419112,0.26782009453429834,-0.14287999997363568,0.292492875923174,-0.3093759980885897,-0.24674579241105904,0.05001925287282318,-0.2143882102872064,-0.1853680256262571,0.42772233897657264,0.10051600049593917,0.33419002416995924,-0.13405080940535474,0.010666639638550792,0.045229829724817365,0.1298757918882336,0.07904283366735859,-0.13302536134117904,0.0580907988659411,-0.1430698168286557,-0.29893555156806817,-0.1470447820555017,0.193332866446248,0.26216147813982893,0.09797000520910154,-0.07176264521076108,0.18385528633789952,0.407064068992105,0.18847231113962493,-0.00896927938012314,0.14153460023808073,0.22239680248862384,-0.039662041816307544,-0.5630866342480253,0.25629692353381867,0.3003622901492843,-0.39657012658079616,-0.03278827539113929,0.2976423782603451,0.21879770504538057,0.026473049994186863,0.1950183914908489,0.18299483774166694,0.06403525988706964,-0.44593739208232747,-0.38465664888288204,0.02445156343604628
KogMaw,0.25482910537134074,-0.4069418489104559,-0.2436350920745634,-0.10358169012214453,0.06764773531658783,-0.3275810441266747,-0.10442665769081345,-0.12669691536974018,0.012450140412965396,0.16095299299263027,-0.0293565713554035,0.23622598735206576,-0.1084274017690275,-0.041389286654382344,0.2939433639756768,-0.16600196555477809,0.04136888751963588,0.32436365870739137,0.11844384471689141,0.06268772311151483,0.20839202363158602,-0.21337599801909776,0.11907597867709901,0.13413556887456368,-0.1497058009865802,-0.21748352176194435,0.563272541277267,0.1492063204422443,0.257830330486264,-0.3229571019469553,-0.07899456086914665,0.09433867568610435,0.10822824753395152,0.045666278206159726,-0.06124688791646179,0.01158481935510917,-0.15559256171749078,-0.3231252880588035,0.34358027161578614,-0.05713990891658289,0.2858243286989798,0.12891022989414289,0.19699628987611845,-0.062233070217295086,0.13594671325082996,0.012234754235171943,0.035616411071239036,0.09335593650178377,0.2350017466779829,0.16465790552871643,-0.33948689213190003,-0.11651948511377837,-0.03277614052573333,-0.4934606248212464,-0.10492478878864987,-0.16287448063611232,-0.11037772705209274,-0.6320849951204089,0.408248754329322,-0.1183683466278336,-0.04375665890366066,-0.2739219460799916,-0.1913035871198861,-0.20765708791253065
Leblanc,0.042448684892045244,-0.40868377814125456,-0.1223945963242088,-0.08474647521028006,-0.036112683076765864,-0.5172840424411811,-0.12406399114087299,0.02156012427502064,-0.04682905675051732,0.23396276657561388,-0.13402294544047308,-0.25876986825811865,0.013188524286343473,-0.2803070605450273,-0.07307318560602037,-0.042381313372188985,-0.04228231358809366,0.08353468907850192,0.036101266758403756,-0.2275552657128375,0.24290265808572606,-0.047123916515258726,0.35009581764305553,0.3605657887554471,-0.11939121331953052,-0.054069197411920636,0.08791016734811273,0.10292656854773442,0.5225042746255576,-0.1425060359973204,0.31286816613609475,-0.23288020572548482,0.17559109295408346,-0.09226801945677532,0.008543930920941838,-0.2558623088259963,-0.3656208877547462,-0.4913678885330134,0.1989374122641435,0.040376542169321565,0.09857980677572628,-0.04000204454775588,-0.2432056407129596,-0.15201271451837242,0.25846945467296945,-0.16211718146645834,0.23482206293580246,-0.2642599280910559,-0.2900957195156633,0.16232145000871145,-0.12701690354005138,0.30493916856549425,0.37308512757187834,-0.07174114166829391,-0.21921214257113525,-0.12882836097789968,0.110636107175547,-0.18597271954279387,0.31986571015367066,0.06808406714405046,-0.06912444128295725,-0.5210506523336281,-0.150236266650635,-0.026658749132562908
LeeSin,-0.1093594415497413,-0.48428773357530974,-0.19750758381322933,0.2782228719836367,-0.15762389721816844,-0.5230902155017485,0.2277582912380728,-0.3595961478350704,-0.29955061201764804,0.009872527627817153,0.011907557069194635,0.11337084378149347,0.023692230041107838,-0.142642766429368,0.12481453126924165,-0.21010128266219724,0.26450099591568643,0.037963354849694424,0.2961191445973895,-0.21065899914676067,0.29413083742520396,0.05164539940411203,0.21026378652265137,0.5378303843199341,-0.5019066694835117,-0.17819557938518008,0.2543708715489263,0.5297978565232623,0.3394593458134823,-0.0815527637581275,0.38221273304898085,0.18714436629033238,-0.0275622968090649,0.03513738430670504,-0.3929118647381215,-0.21239071195526005,-0.2670414809011409,-0.482860310959563,-0.3586761409815291,-0.013465535750729013,-0.06478049360871642,-0.11976618624248965,0.2288332083156354,-0.20625812948454839,-0.1244948587921936,-0.11601644118122777,0.1566200556746614,-0.038411786614357527,0.1166331269595997,-0.1307613846283842,-0.4249375877511016,-0.12196227600700027,-0.586078712578189,0.037423054500944575,-0.1909537850188885,0.2208397549216963,0.3367439770928012,-0.07228188243566401,0.5289342278540438,0.11949680202932128,-0.1807388202339949,-0.6097054715880409,-0.0854907222436815,-0.367646338753422
Leona,-0.05516720161831745,-0.29610503641803965,-0.30688274988585035,0.23682625396257806,-0.10474765217251002,-0.5502933046965076,-0.16493162601093922,0.11276741484227529,-0.3595446903669114,0.012781748420495712,-0.34381543320887803,-0.024832259823459758,0.09511460929980545,-0.14918864722924785,-0.2334784933001953,-0.23694288709059705,0.0037531494189156993,0.2535307366393413,0.041221818236501506,-0.05502573928925207,0.41944009256667103,-0.24752691537737573,-0.13786631564804455,0.3072123756779554,-0.0036287980495729472,-0.26713183906024657,0.0921758821344219,0.05748425256394407,0.3908871960494064,0.006013005593688203,0.5134709356175369,-0.15535280038772975,0.006509627367544962,0.15448526300985763,-0.14304538498936134,-0.2406557618071609,0.024813710637212202,-0.3142386103496982,-0.2923441522424347,0.3264565727065706,-0.1239638906773993,0.40477047369952773,-0.09034073363624721,0.00893710424507323,-0.0580049975286623,-0.03568316798797039,0.4831368065250095,0.18296496170836513,0.26082279053093665,-0.06355068115298815,-0.333765936551102,0.29507457483251975,-0.16015109669179825,-0.6382104407644099,0.03909056285723887,0.227782030169779,0.16971014953887598,0.0651195377662614,0.02383691554306056,0.2706929905248611,-0.42625965405695404,0.08657053569944673,-0.28576834876337587,0.12441298685117269
Lillia,-0.02824428435978173,-0.2632913633679062,-0.1453300837318153,-0.02392759423231112,-0.05201310440852557,-0.2220903849568208,-0.30242427125963817,0.1863727966029185,-0.28871745228776213,-0.10673323389562707,0.09085209601538664,-0.1596231606999392,0.10427669160548358,-0.2507863608285694,0.5223524765364416,-0.1119645198204083,-0.10751831515504126,-0.06488868870057077,0.06631429488936964,-0.2460602728248735,0.32243203619340177,-0.0791203743614632,0.0037937785593745842,0.0642697951813327,-0.1352417289914886,0.08815454083235355,0.20184637673209493,0.1621783104515361,0.23554504151484995,-0.2701370495597118,0.3401648494055825,-0.2471258631970737,0.024743143565663775,-0.11783513334658985,-0.050294104369849206,0.0534246133967283,-0.09388072849997042,-0.11205100619098897,0.41798708114848726,0.21960488745573048,0.1912088878017907,0.04791219058394951,0.037015989264967616,-0.09932163463636977,0.08996465059687696,-0.18391156198247247,-0.06413415715437704,-0.1182533692215439,-0.17963382495740282,0.33237983779312863,-0.3116497300861909,0.32003145278979034,0.048922806993358034,-0.5218550689448933,-0.2922886245777969,0.09781663383799333,0.30634266605513083,0.05633782666731466,0.5384485439165021,0.3167891170880971,-0.10537117410464261,-0.11969217460957118,-0.17159874465198693,0.08892383955572077
Lissandra,0.20511362585076898,0.011868778416631696,-0.07817485454253716,-0.19378592411340062,-0.12351659433844694,-0.18120622141552908,-0.23003623524608957,-0.0396396126913166,-0.2401377725281675,0.04310903045139538,-0.15119500023126198,0.08693712390599008,0.07410564281707475,-0.02463038872836143,0.21431749262213678,-0.27132341449651654,-0.16207585115663747,-0.3686181463402682,0.05031717798981811,-0.14088861341017828,0.19205825771472704,-0.31335348422390996,0.010270743764354799,-0.08265619590549701,-0.2448894710386574,-0.2420175413907132,0.15737463440454863,0.1857894346975579,0.10056844298838122,-0.4242816172752962,0.011294456522090289,0.001819209047399706,0.15644318267132795,-0.09411129203848748,0.2796417169360467,-0.0581159005836011,0.07820850813079971,-0.372746011462296,0.4255935535175066,0.0786478751987835,-0.11549412786956291,0.24623429310742886,0.23168143900610325,0.06373945990950028,-0.019324378262118608,-0.41104490982888875,0.09495920290690871,0.04630769072983874,0.12403387771947462,0.08530617068012564,-0.23763534486180762,0.30348926840979973,-0.09488861498720996,-0.5161986359173953,-0.5255487409620154,0.08412033482474814,0.011522470898865985,-0.2770591046912688,0.29953994267300255,0.4493699300422624,-0.1955692863103485,-0.3656776045466551,-0.2438742940684838,0.044588121364428815
Lucian,-0.02370832948272221,-0.25210684877947287,-0.0022774313240923752,0.17952938310516547,-0.12407313260422614,-0.5144879353059294,-0.1562385439735465,-0.15082295346978916,-0.00615770589998634,0.2847332449933569,0.10092517572232149,0.12901577199183925,0.4304314433512796,-0.46639210299014366,0.05970635721421429,-0.07658088259820035,0.1708653388814643,0.2440853134325499,-0.192584736388858,-0.23063973799964166,0.2298952297393194,0.027479457806382213,0.09697377278820388,-0.04854690711862484,0.1863963363373984,-0.37817348667834916,0.571397539249713,0.10152498969721374,-0.23136004160814316,0.035823319756371874,0.26316621322289013,0.035083254166039586,0.46945305833895534,-0.153240696401305,0.05552249372441733,-0.023019677910993505,-0.09522400089379231,-0.6630998423476917,0.023084489837124134,0.2500284536465072,0.2427409997751999,0.22597332368485407,-0.10780063469112842,0.2914753800990808,0.4341482750672801,-0.5168696540816571,0.0803213154399291,-0.20645783039059298,0.13289763095700757,0.1106778092585426,-0.29174679995520214,0.18015020043690425,-0.13841475242207726,0.08122598128172648,-0.30447256458592414,0.08200909675750367,-0.07316896085862479,-0.4868038932958234,0.4805747647805172,-0.04930993230271424,0.3924846358986147,-0.23936053288611872,-0.32363400922960633,-0.18204273105307855
Lulu,0.06557177390309521,-0.4310586359289616,-0.32451996908428976,0.1812014011472275,0.16760928849680412,-0.45887442395677186,-0.13741979085167386,0.3295791004825926,-0.36882151153233167,0.045345095705579874,0.04768512114657293,-0.7024588883767736,0.11084285900181422,-0.5286022034106131,0.07258758552227598,-0.23410860263004468,0.08422637237692901,0.3753899923004923,0.11436743007331657,-0.10154457805462963,0.244708780729642,-0.3984675334769123,0.03673314654842965,0.18825806653383448,-0.02761825352249106,0.21094514966689307,-0.09361961664449837,-0.006213590127492763,0.49642104923366465,-0.6558553453448818,0.33251264190296653,0.24410553906264892,-0.04121422805913427,-0.2342711652232621,0.003442965004628257,-0.30008043863085226,-0.15664105482261675,-0.28837095516724554,0.24876731270281463,0.024954187253228493,-0.13293281541013804,-0.06123705537834736,-0.5270527217195724,0.5929688083986946,0.029909800925758172,-0.5801340795485427,0.41151364606530844,-0.10326207886209555,0.19431988632903244,-0.15326244311828757,-0.11939747578823943,0.5624147696358047,0.17757930311744624,-0.4304253116479207,0.11802169603380262,-0.2026313999761547,0.6723431921802644,0.08455027932410965,0.021654795369857677,0.10606561105154881,0.16895119172747783,-0.13055892794105411,-0.17594960093940468,-0.10123547429070427
Lux,0.2197399985631131,-0.07107192348278094,0.12012824918743041,-0.17608044096992775,-0.30448709392752055,-0.33016572728485266,0.15352315635793606,0.056762919791739724,-0.2907789239991615,0.05567140306143133,-0.30694739712634056,-0.21087185899908392,0.13740672979045088,0.30019409464620184,-0.08942524634265646,-0.18511678912971033,-0.03980691508775439,0.26088820006805713,0.24109909249482234,0.07393606023189324,0.17741836988210946,-0.06752908763699911,0.19436360077707757,-0.02298307527651761,0.06475287383569783,-0.262655481526736,0.34751064093689993,-0.10882108081284521,-0.0005645449991687916,-0.258980619674695,0.3026820639543721,0.06166293984687773,0.08404842950270235,0.10478293166058558,0.07943861027799151,-0.2399309536037767,-0.04017177137645657,-0.7930655166984851,-0.03218439446589862,0.1938356462125824,0.30768286946180945,-0.09346560949035618,0.08331423947745854,0.023094454372276266,0.29137139267382806,-0.10818408062722709,-0.16366616365846223,0.30491771802937595,0.1673432418436708,-0.22078638224431638,-0.3305634836028245,0.16525991945203553,-0.0023665680008607593,-0.5932701514481264,0.10517876385694885,0.15342939087847693,0.20396450792705334,-0.3095312981393686,0.01742112419003149,0.2555240638213871,-0.06697406967751163,-0.4652367699823681,-0.713095571930197,-0.1871401894256723
Malphite,0.07487310697848375,-0.16306916498866791,-0.160693041918973,0.05369431226696879,-0.03925052099710467,-0.33706584391778405,-0.0937389900911964,-0.30112684354606895,-0.22887031684337208,0.06069460169553934,-0.06320493463651866,0.27415982486080226,0.16679132511077188,-0.015186003528875816,0.3458538025961566,-0.17878015525725283,0.04349550523442347,-0.04107639689421082,0.14030025870001445,0.030675910569251848,0.26155661733939806,-0.12955094840613068,0.033583904509595364,0.00826200469564154,-0.24257312511695509,0.12027665628299744,-0.02329345392997219,0.26831264750656103,0.27312007619259737,-0.24990577170941386,0.0304358852728083,-0.042648418154501495,-0.027819209760939417,0.18879986715705332,-0.029314553773012793,-0.20937686784547807,-0.3993268373443766,-0.3109948199218113,-0.2752177997314524,0.13086808833017505,-0.013325411768763576,0.08529035097324078,0.12623600214770703,0.15469877965060003,-0.06771627876213826,-0.016487407356833055,0.1386902522979052,-0.31567887159582947,-0.06934707743248315,0.1822139503128781,-0.30362520978794033,0.24968688326822805,0.2958235237823848,-0.45376814938827176,-0.4411831156649952,0.474348865512451,0.27636396079711095,0.06748383398871757,0.6325610580363269,0.214523349918249,-0.04745401330285965,-0.1361131021446186,-0.2548023757455643,0.0754504631127503
Malzahar,0.05350381359522764,-0.16772485095541567,0.13788100917166066,0.05125551604336402,-0.0215603605131324,-0.41709498778773274,-0.3611666777147294,0.3629122359800585,-0.2576540356319079,0.3066288544891462,0.16070140482460846,-0.10824708610896774,0.3566274492819318,-0.0591755789049685,-0.027190661697058947,-0.5472191860607684,0.01886623999298488,-0.013686989161384088,0.0073426134438492885,-0.17349923656114136,0.06570505919281977,-0.3473867840400907,0.24105607960446276,0.39408669059130935,-0.08274637808014343,-0.0007194230560192666,-0.0644842172517916,0.35295613942263493,0.5332314011252255,-0.19722640731760832,0.3862300611471181,-0.0024619510636602667,0.07944243298481819,0.31679551701821534,-0.32516185752185267,-0.034859052271945655,-0.12496763231963053,-0.3662421417766612,-0.06928407690910765,0.24335522129362921,0.02877340145524457,-0.24556779605225945,-0.16942603518923713,-0.12019694231212184,0.4693738685376941,-0.1768154078323262,0.3012113220854783,-0.3068894336767308,0.05386109636062443,0.2695296720678259,-0.2639281544889014,0.05430051386610381,0.10058262979075094,-0.021537854651149237,-0.5480725902041544,-0.2829090493998404,-0.031585166159923336,-0.2414566221459463,0.44770141853963613,0.12268932479855439,-0.1874188573177446,-0.25124281526409314,-0.30409706738434333,0.11358213726284991
Maokai,0.1050203650266845,-0.11067753311010595,-0.06895148155452017,0.16112873843819184,-0.27773520436563026,-0.4008201979371866,-0.3493866822500606,0.19089671360101687,-0.11280137216353879,-0.0997412073527404,-0.0394147240963551,-0.07726066445593162,-0.10998053084795989,-0.38228012475034234,0.21104766778081666,-0.2036595215454546,0.07519938858848825,0.08322134239973551,0.12847043397313396,-0.1942892930620215,0.41012046817687686,-0.391910614587673,-0.044704464375600855,0.10183630439414175,-0.07276713856240336,-0.282740364177411,0.06999971675243598,0.2723942454375765,0.03857052470911772,-0.21135688176296402,-0.08069680824592361,0.009296034759943913,0.2554807674941596,0.07413730802790883,0.07823691484347489,-0.03574956719049229,0.07883303586626808,-0.13614777653394436,0.05618451726736507,0.018635863648679807,0.2683228242542294,0.09994715180417221,0.04527699104140158,-0.03099391184724505,0.380981411220647,0.01818058470023122,-0.26402589557052375,0.25427889659018915,0.09439042454907325,-0.11850781170614,-0.2502337624816273,0.046075852182879656,0.35220279438190816,-0.3924926843596313,-0.6656913897424079,0.16966941066950358,0.20367064130496107,-0.22504469687110196,0.24545429301604177,0.19968279905164554,-0.0692612496422099,-0.2175976207148549,-0.5916437067048528,0.0025001594426146035
MasterYi,0.18216848688774048,-0.6017821970894569,-0.2379738983177598,0.06561287568280753,-0.2571535479754118,-0.3010072823257643,0.0529926799317906,-0.07369237281687509,-0.020266672036887312,0.17456412410288835,-0.33984401317317514,0.033471467159823375,-0.019063542548365602,0.21547675776456035,-0.02587674390158236,-0.04622016020879306,0.16645748135720637,-0.06649246293572776,-0.1245448091115651,-0.06094561305723135,0.37651532081983824,-0.22526361662710473,0.11861635313854113,-0.053428203091536106,-0.4670226692443648,-0.11651425146750168,0.19046608615121055,0.23443711092209252,0.09370890272623743,-0.4205148465647011,0.17850428467721327,0.23989980477994063,0.01111415237073919,-0.18734488210920652,-0.04440337474711906,-0.25142637823609093,-0.27597471256864264,-0.27933285059112767,0.1486539684481591,0.0003256790608288983,-0.15208516900936464,0.3097223806245961,0.3764752925987311,0.1347781952117089,0.11584219262960269,-0.11806357251568513,0.2187316537358642,-0.2753458722313707,0.13096947471539386,-0.039068098320870284,-0.399683533045408,0.016509978860667147,-0.1321546802099979,-0.26817546439749046,-0.4561364404198825,0.37571277982561935,0.025043664082114826,-0.2903769448552766,0.39401367268810905,0.27711710456820693,0.10449975221637973,-0.029004165652881397,-0.2886208077358853,0.0444956820831802
Mel,0.07042772467813499,-0.1959639289800953,-0.15142563300700718,-0.0556143354362648,-0.09243998324435193,-0.06022950709381696,-0.4551355776547363,0.16089927192717063,-0.3809977092554965,0.16107885558336885,-0.15790112468791617,-0.3975807439507603,0.18417693249766834,-0.3214577845506931,0.1746817341585627,-0.03848697427061056,-0.1980915961892228,0.3870941191043822,-0.2898438570101204,-0.27696472837388636,0.08821417590624073,-0.4458794042986159,-0.1312908687481081,0.1366794699896218,-0.11118519619659246,-0.4766840222407378,-0.04103114605278552,0.33093807262452274,0.4942246520974283,-0.215933200260517,0.14284759714103978,0.04981242141264256,0.29080241820897845,0.15094237249293965,-0.011833882505225789,-0.12085150216183037,0.3432876002291321,-0.199751813836373,0.1627650151476359,0.2226155158164805,0.18589189537794948,0.32259030328365135,-0.057003811444039904,-0.3460353003997329,0.41614638738879045,-0.30173245960750134,-0.25494485367348674,0.02297106391142405,0.06658623298586323,-0.4161243282925367,-0.6809027446351965,-0.15143778000784125,0.34717666669069613,-0.24635047397250595,-0.14088780512523186,0.05588131486187072,-0.30442580496560273,0.04016251080352721,0.2796165002898005,-0.006835604976671012,-0.026849794996400497,-0.4827521452363941,-0.5393858510485681,-0.028403931848220324
Milio,0.0890318190390931,-0.20093919518037676,-0.08230280720385195,0.07526960574001168,-0.15258098845828938,-0.21973358138810672,-0.2956344048323667,0.2152011505059729,-0.16866153476714318,0.4564814309120581,-0.31685729497528986,-0.15328131820735005,-0.04917589945594432,-0.17559659395488922,-0.18854425192701113,-0.21993128169242662,-0.48623672123724343,0.036704062103368774,-0.0878344289289973,-0.1609308967750109,-0.06651157909934159,0.12105672193973496,-0.2867819282801519,0.22592755172321488,-0.05523070098195705,0.00545967168031444,0.12141052312521981,0.16964754583854,0.33024814510794687,-0.6649167955212074,0.20882660546948972,0.1769861230669237,-0.12683942580739194,-0.056892104081508674,-0.10024344286946396,0.25669983761167575,-0.18003592493024095,-0.45088204035944873,0.07836653365991389,0.2682283979319432,-0.02200647294489546,0.12657971681619037,-0.03773513210415731,0.5928629576899418,0.04246576934789471,-0.1270152114529734,0.3682617088536276,0.220991699030444,-0.1794874427335825,-0.4392589307577103,-0.2520924939537491,0.38083574039283,0.18279404978287023,-0.3203998806581698,0.12457525798364129,0.5960180867264047,0.49676019680061156,-0.11651592041153107,0.4069561985910845,0.13084434784030993,0.11980186910454398,-0.5198716765685386,-0.37233564911061995,0.28391672518887634
MissFortune,0.030041227590640197,-0.31438480580572725,-0.22770656481300455,0.032325634318587634,-0.0590383521856675,-0.2510991044615668,-0.10508264231133461,0.25610482711068244,0.039799427593884364,0.27275282628529945,-0.24497815567911815,-0.15491970939393973,0.19772753252242223,0.004213891971924419,0.31588278828622446,0.1142431099510818,0.005537750081081438,0.3174978636176347,-0.1111794596386756,-0.3683914599185505,0.2984561992849577,-0.08823455626775913,0.13972399596794546,-0.27302349200488646,-0.3474902063114491,-0.2870958737059108,0.30527612284414357,-0.18677534007503155,0.03883713430323357,-0.484190693858513,0.14450655165786488,-0.29476537174979045,-0.06991657365771001,0.4500190182681097,0.24927343633879298,-0.39950406872570304,-0.07446285609021217,-0.2512762917549882,-0.2026008903347613,-0.11417526924674744,-0.12602013281431346,-0.08724904754478495,0.07385207646755299,-0.12129992213321833,-0.00576098192706522,-0.34363186334799817,0.11553675815449364,-0.19927294797547762,0.1620230086668199,-0.1661463510800826,-0.5092383225274171,-0.23607168506926796,0.10828163288481223,-0.4407337401864357,-0.1515255030045853,0.23719104071794433,0.10257266953123345,-0.1708471231138542,0.3015358638206823,0.2009830867538284,0.20934611161237102,-0.42560281051463955,-0.31839170368757,-0.1017128085468438
MonkeyKing,-0.09877274412783138,-0.217389623015431,-0.004492141760046187,0.1097499530412683,-0.29982338124091856,-0.019136733287698042,0.05114398780648837,-0.053222243974200764,-0.1682007567891551,0.14973768055935324,-0.26315789207263035,0.18131316122839414,0.31577198778377097,-0.16706232343222954,0.21240665866145209,-0.403635600932349,0.008195510989968978,-0.029966947339771233,-0.1350334661329821,-0.18375836200133863,0.15948291980355703,-0.03738437350617635,-0.19347155190050985,0.01684510474715576,-0.013504939836091199,0.038353560623016994,0.25122443205920375,0.17119273523363487,0.5767391244346337,-0.26418154789477244,0.35851486941842836,0.011121121850167554,-0.38326620651148297,0.11511328735211433,0.028863341565111344,-0.18399330558998317,0.0005824310300598364,-0.21696930370617276,0.07772890035700454,0.15567194984699778,0.07758473959140255,-0.09182188044830789,-0.12755511538015823,0.12936622633853273,0.21974353191405654,-0.04445666155442974,0.00856796785367061,0.019017250272557008,-0.13668501078980722,0.13918242548156598,-0.33707976306248705,0.03482391792716948,0.08755955374432303,-0.3875184194806434,-0.13974441388685324,0.22902217173816639,0.1796116482396356,-0.1141007418872837,0.3855673122122359,0.029020408708131166,0.07014722090684541,-0.3846847067959825,-0.3266627916562655,-0.02095322040963595
Mordekaiser,0.1768735531460721,-0.19006177650758416,-0.12201671224638158,0.08990160561580343,-0.07363592703723879,-0.007594344420975817,-0.15006727498561562,0.29786547195582447,-0.30512413709820896,0.2682374114486872,0.034707924866203124,-0.06167654267030872,-0.04505698980004639,-0.10525743765297477,0.3207363628449796,-0.5275899067368892,-0.09682857528389349,-0.03200642551051154,-0.011993215438887655,-0.22446446512310111,0.49045825319454767,0.00023045590690579315,0.11065721230342644,0.36404832960218336,0.004464735324881336,0.1794317332671326,0.39361162357358703,0.06202020506084527,0.1423043425990144,-0.13691001786428947,0.20330593297468222,0.17268316771621045,0.0622584199885587,-0.06196694354958861,-0.08063922121090907,-0.11319849502816298,-0.4525671790968135,-0.5450976770909746,0.32986766061829914,0.34969925253690326,0.1563477880630849,0.040373904892336956,-0.06297293178605605,0.11916984316438795,0.28899028538728183,-0.1967799194897312,-0.14281057531677183,-0.13384750822884142,-0.22966431907254525,0.12790641793206942,-0.3757947634370061,0.4738377774955861,-0.1619800535077381,0.11231679411292589,-0.361311774232382,0.2777626565167809,0.035172672141702,-0.3092469662526467,0.3170068192324455,0.03858704404089879,0.059520315325646396,-0.15252717335794166,-0.49630354145638483,0.14661309055801938
Morgana,-0.2990079727766469,-0.05014320537874855,-0.19124163686335782,-0.03393858839192785,-0.2711643953129397,-0.2895142484446043,-0.30787078543682933,-0.03626411842374005,-0.3787154478082075,0.18454206865563555,-0.05489024580941558,-0.12964985935720308,0.17892173862562993,-0.19229290800205556,0.21471875979096336,-0.46290130311388616,0.19545950454209593,0.1874680875895218,0.10346681708557838,-0.3666274476941117,0.24522294448250934,-0.08328377558402618,0.04767235244638783,0.2528123006442581,-0.0369309754174099,0.1603376089628986,0.15677213376090948,-0.06177737388591644,0.36411686845233726,0.06172539078809419,0.21957347814465605,0.06485566352620152,-0.03370861304569305,-0.01234505673091275,0.06502199921998417,0.04826284726790533,-0.03173381879613911,-0.4068058844235916,0.14297211968001433,0.07251219049811243,-0.04128187390528928,-0.09393280459698981,0.04663491389888909,0.032351909354614766,0.3728290876787382,-0.23333253099158457,0.23584144390012668,-0.24512107579559445,0.16618290711736006,-0.07920199177451023,-0.40512098838945365,0.3333793999207324,0.06942582104542509,-0.444169828483234,0.0344676600623954,0.22234609508031886,-0.0949771588928635,-0.3462529713304262,0.2327910173553111,0.22515012528119774,-0.12312808669235294,-0.13082633700140156,-0.5601297955554203,-0.031476500451237836
Naafiri,0.16842808571769363,-0.3216771108207061,0.02993620391349595,0.1435598168389861,0.14054333044228381,-0.42490089866336167,0.1344596750695963,0.05347336382010329,-0.04753038006302882,0.048952861563875454,0.14396552983865366,-0.12009363184160908,-0.026993441271244038,-0.15800791077272852,0.06463075001074339,-0.21671522587892916,0.0023239785843570315,0.23119555546979334,-0.14257861702726032,-0.03881987011590601,0.19275969354143271,-0.05472175202365411,0.05022719543886484,-0.2493973452746932,0.04445741177823546,-0.05170731534158391,0.356564719862902,0.09492837130877531,0.3831742487212073,-0.17449378974608876,0.036776877183172116,-0.0373101334708199,0.042435629068239125,0.10012510904873966,0.09935873306961311,-0.1590528473718459,-0.2237913433897877,-0.4718278022058536,-0.099968620891628,0.10313020233332269,0.2132014750767936,0.2174709535274132,0.0698046785079009,0.2105366401328977,0.060521183253137316,-0.18132184579076213,-0.1455811747579957,-0.08320053379612521,0.13802385458156366,0.6257694563240852,-0.0839554497404411,0.06394404605050184,-0.13826044175250257,-0.5059533476908795,-0.21613854720303202,0.13081211714710295,0.2900565495355274,0.046389654833749926,0.7520087658085575,-0.019966979283885376,0.026302612260203823,-0.509802005969665,-0.20700789047486995,0.13599919222406073
Nami,0.1883640078083239,0.42439435478310233,-0.18095024617210603,-0.11802345632805918,-0.050130308926513,-0.29411412295273864,0.24435892782745594,0.29451742274585335,-0.6740500015633618,0.07969922232347176,-0.22739628001294318,-0.4649059028761179,0.34950019320845405,-0.3770298314924601,0.05704673377997062,-0.03713824045744639,-0.5864395482174379,0.1966550987423178,-0.10888144924130312,0.1736280785710256,0.5591335461477743,0.040256338490109206,-0.040045597035751536,0.2102794065839253,0.35815463786553475,-0.08268437385281907,0.35791586129163,-0.4215952640945906,0.2501884738598391,-0.5178111418264592,0.46589117919547135,0.03651781608362994,0.35945834314707065,-0.17732516339906212,0.2609801871625118,-0.3544955842082615,0.10020838774958223,-0.6026454009838579,-0.04563739473833561,0.5853479428594947,0.30911916879229046,0.1370699675397114,-0.05808756229863632,0.5782791065619544,0.13135061806115284,-0.44970505938096866,0.18813186950991215,0.23350450871950426,-0.05390855333911041,-0.29328605748848224,-0.05267666602038417,0.28246100309091143,-0.20123059427158568,-0.5526763520107544,-0.042771887158266284,0.2263970984047754,0.18338834075532437,-0.12969102524539636,0.36767642699049174,0.3615492587625435,-0.08456987107526981,0.08946759656136553,-0.522174428705586,0.2965463777983106
Nasus,-0.019646103929928778,-0.2320561689852219,-0.12556565283906607,0.10653177920103364,-0.2832732449396333,-0.2596113164930744,-0.5114670635350885,-0.15600336398419423,-0.47179623054211606,-0.044868743121831756,-0.48060098066565615,0.029561326463560172,-0.13415562764777939,-0.005602479838792327,0.0306565815942995,-0.22002780756250376,-0.042040513842292376,-0.01547591115825893,0.07602459112935071,-0.09771441309126243,0.04993055574688777,-0.10291903006775899,0.1266436602954337,0.09981354447049667,-0.329653007636995,-0.06360004540425161,-0.04015617091298429,0.23101224559193484,0.3575603484798885,-0.19428901538481064,0.2204909681123794,0.041446521061862335,0.03468799639336407,0.11497324601010604,0.12906934927091576,0.21103697562133564,0.16415220405994366,-0.18402124332428496,0.042352078889576594,-0.06578061032946635,-0.05742209669300862,0.19939156948710957,-0.2309479653166669,-0.06430428211785393,0.2511878751406304,0.27530929574594243,0.0237570127935449,0.14304871024307825,-0.24203403646154137,0.20514765662788076,-0.015299186544115169,0.17972426268857478,0.20662114727983935,-0.549128871449399,-0.10363099131077741,0.21340972372824585,0.1781911892691052,-0.14630531744949157,0.6206953047057808,0.004489670618086269,0.13742040497155372,-0.5922756615973777,-0.6220992999812904,-0.19121471862167266
Nautilus,-0.5285980358804505,-0.027858277990293147,-0.031740365867243575,0.042315904721825066,0.13738255758243048,-0.43388254283051075,-0.06968476931024653,-0.056275204424651136,-0.5502689986184313,-0.06870337451955273,-0.64273283756055,-0.08624577701087739,0.07178909329500287,-0.24676333720461016,-0.059226398059714455,-0.1600827165886818,-0.1596457408979068,0.032463996126475256,0.23704083147324315,-0.2142492557191534,0.45541855342928367,-0.3821784302613576,-0.5103008239155322,0.47156576040346254,0.4393556112664372,-0.12312459233103006,0.14785612463391096,0.3600029500694089,0.29505098557989645,0.1368399025533539,0.6207998306968276,-0.558861585489697,0.22798866432328377,-0.003786109053198096,-0.11622715564782238,-0.3945223169680272,-0.11448631082076106,-0.43995820571536587,-0.0980372860468998,-0.0030996109409191126,-0.045725183068838354,0.33198022985001946,0.4070722996149556,0.313891837740149,-0.3071459431338363,-0.32070828139798135,0.01807043332811871,-0.4358318489165816,0.26565511804777836,0.08781060940399671,-0.4315903959222506,0.14334090514620676,0.21570009855317698,-0.7489974525989768,-0.46393542115502295,-0.13660636696155665,0.2469470388679856,-0.06548853227876343,-0.14635721607969301,0.7704700130948934,-0.11382064062536476,0.11536544070417497,-0.3072743772895847,0.19882984305459603
Neeko,-0.08941267586442597,-0.13645992855030903,-0.05861914512926159,-0.06425757233934327,-0.3971210531082629,-0.49755796043196704,-0.06618448805268982,-0.04182816146659646,-0.7935718737284965,0.3124466731970149,-0.12794028681928857,-0.2849054503412528,-0.15353228938552607,-0.3372666116374578,-0.048199195862987154,-0.2574126514215181,-0.11339583658109134,-0.2950832455312991,0.07208396980872188,-0.17006569804377736,0.42567010532434724,-0.3143134191390944,-0.017936548698634227,0.08950453466921822,-0.2089892067518451,-0.09232834597925654,0.12305326615197709,0.2017071932250074,0.5140409003066676,-0.05968332294926435,0.3059394620201762,-0.22498573392505908,0.12745332696412356,-0.4274015360632594,-0.2160003000854338,0.09416159989992993,-0.18309864328931988,-0.36711332026097226,0.4876675068601095,0.6123956235793457,0.1661435350354004,0.20303738511132707,-0.17248468219274285,0.06253851461723861,0.36377186160621877,-0.45864367068291967,-0.06929200094678582,0.16299273145236481,0.14384390586066012,0.04551930842390453,-0.23184098739404657,-0.1551858909589613,0.32351865449424294,-0.31779748986690004,-0.08931446610014972,-0.11984844090588256,-0.010110873233732429,-0.07827578699075906,0.015339633030056395,0.3258733134757181,-0.15495567658583353,-0.17877950613107135,-0.24958861139842176,-0.2794065101767722
Nidalee,-0.1502002301601865,-0.15160472787047244,0.017372380288978747,0.04661247341171518,-0.08323777273413632,-0.4602488796352012,-0.10366903485758056,-0.2066258800100376,-0.11723869987468169,0.12443916826130243,-0.4104774870375052,-0.15048038852178006,-0.24900656792424267,-0.07155189328207105,0.16279751584498686,-0.14090571766700177,0.05025345908995581,0.17474814647158762,0.16124470833117255,0.3501850596007687,0.21663013846850235,-0.021749691722135603,0.1376360076656375,0.10250198455644438,0.04313785092293699,-0.051607613919927554,0.10516558686035772,0.06459258939423551,0.2312332547749782,-0.11501494877004652,0.4076377613291456,0.04911207619009052,-0.06974546153452166,0.16654049961364648,0.0006967362304016929,-0.15082979526361645,0.05832953057816162,-0.1501720347716318,-0.10640731050573712,0.09379288487945185,0.14597305613836642,0.18637900597069493,0.0424800469597088,0.17357655746237302,-0.01045520014049366,0.1563458875272554,0.288407435149183,-0.11854864492006181,-0.1299231517456396,-0.025784877551196184,-0.111732914784027,0.4042257205609141,0.06647977225386499,-0.4001226656549556,-0.07537628417836509,0.4486503889477359,0.07610289196795364,-0.23007222497629645,0.6950210123097835,0.36816314665393085,0.19494537157005565,-0.44363033801751145,-0.42606020508052633,0.13464248475492002
Nilah,0.20913027293099945,-0.12467797943194901,-0.033583628476497866,-0.07843027830143195,0.023578857265631335,-0.3263016170761501,-0.3709452388398571,0.002530842508446136,-0.08614488655484794,0.11910197324260152,-0.22958068177878968,-0.08534798222240234,-0.07431488910293695,-0.05765116332913046,0.329610701248302,0.09958062216883026,0.1385237768612658,0.11751185741538865,0.10794736380483999,-0.15700900787051197,0.05465697098149259,-0.41428831523466103,0.17902725312115136,-0.08601086456529251,0.10289580185876306,-0.20434494749204088,0.22028719294760582,-0.13308478229111842,0.26826176096403165,0.06166653051356616,0.09935627104046287,-0.18213628699159906,0.091646988437791,0.18150058228538196,0.22341238154412604,-0.1926073722046803,0.17512776148398965,-0.15507868945213,0.09500917014956654,0.30877292809163787,0.1456508009984358,-0.07584040676138429,0.28091588695468245,0.06531318373271161,0.030745192050907488,-0.43505175417223635,0.058474476037381186,-0.08457190745891266,-0.025086647110190402,-0.022801789990631427,-0.47173306587785646,0.11470104515232891,0.14063479516249958,-0.36266331946193325,-0.41142696963226194,0.09510682870404916,0.0811114086893479,-0.053758228424192284,0.2829025979291472,0.2627406498623373,0.06592595064513859,-0.1363258352123778,-0.4419816288573014,-0.0646248099080674
Nocturne,-0.0750275472160541,-0.030339911967629023,-0.12184567087714021,-0.2497677230130119,-0.07629857527686164,-0.5567580795817761,0.0861070229218535,0.2923383048731267,-0.23413981930835082,0.2250169854511228,-0.22447475787945317,-0.3359934070868505,0.01061575260963753,-0.3559865654963729,-0.13839294867727425,-0.32504924440373395,-0.007249321082807236,0.20898379505537445,0.05019374303392394,0.08528549965556081,0.3140354210456143,-0.0937886083271929,0.06364833842710355,0.2505768546559907,-0.11537106803289705,-0.1017798623853977,0.39348253194530564,0.16339475883151885,0.2050044045648831,-0.4460590675384136,-0.018923710227441968,0.20377696009931678,-0.3687105762002175,0.0161258112601825,-0.09268509851217667,-0.04056589860160146,-0.10702901265351358,-0.14638551552579757,-0.3148876523840426,0.2639361470630733,0.2809714306032323,0.10692515860757579,-0.06892842707195691,0.09559158496882332,0.24017469026810853,0.045875498396805076,-0.14237512100957583,0.35212734500589143,-0.04866870773500264,-0.08119442410428065,-0.6875927590358702,0.14800123419095362,-0.12790125655602974,-0.13661619338705916,0.0427968811865612,0.4642044558526616,0.26285368483969346,-0.2064812376268624,0.2972499034474968,-0.13926739267257188,-0.14780845961248568,-0.3086954623909621,-0.44965446765657363,0.0321711805503028
Nunu,-0.008402106048448939,-0.2969067393013117,-0.11917098987247238,-0.2932840261594696,-0.18297361658113634,-0.3922956207773599,-0.19652523535302185,0.19222453672768094,-0.36153775084701256,-0.26250477209329026,0.18298871911825806,-0.03475604710764051,0.0734654811016272,0.1266534060254608,0.15938538680605832,0.13738918669018804,-0.24111459698223667,0.05279052995425895,0.1584477788814611,0.06218516135986165,0.28086886179084497,-0.19196877995273193,0.007835371076332597,0.14396563443041577,0.048476555083173514,-0.35153826389397214,0.10110385118893321,0.5162070326027797,0.03573695156129559,-0.05016775801039705,0.2606235339898969,0.07810063777294887,0.2670105468048078,-0.000574995733962852,0.1037354946665388,-0.09435355502033761,-0.12391817420213125,-0.5599710361850989,-0.20711287400040276,-0.05784506993598649,0.13392223142468543,0.19952984902069104,-0.1244308978705703,0.002848962442277594,-0.3761757891379945,-0.17961114650274146,0.43795604836102053,0.10568178689529713,-0.15658008207452406,0.4122907540275187,0.0008874714452720013,0.5881904631727638,-0.3580784127365079,-0.21730414436821655,-0.18082243736979758,0.6745592951665301,0.1554394504349022,-0.12533443953831716,0.3829622770656571,0.1745931673491661,0.2642847027666936,-0.3651297425740656,-0.37203540296343024,-0.11812415969853086
Olaf,0.05304127435538013,-0.32124077222316433,-0.1627706744286641,0.09916287647196355,-0.005315429357836859,-0.41648815077943835,-0.24854346570488525,-0.2213457881257112,0.07355674297413971,0.055301737967658464,-0.11489726397781065,-0.16567292685086432,0.05897435098750994,0.11496045701523587,0.03719644423237134,-0.17520544449149228,0.1664241359707344,0.2003666442230749,0.14379805820773667,-0.23807714609401973,0.36769444636157095,-0.3031990477723401,-0.058671847206932574,0.25997444159026406,-0.018418940970778844,-0.21678533536239875,0.10725438235778907,-0.0341472272811969,0.3603656993919533,-0.20712527366755312,-0.009957927890936977,0.05661584023261014,-0.09545944426069487,-0.05297186450788445,-0.04833104214799368,-0.09776740912096851,-0.23738334989270526,-0.24320685378673085,-0.01800452610224258,-0.03791030180990357,-0.16967366900606365,-0.06694882621463656,0.24693977474894782,0.015579481163097,0.1721629477317073,-0.13044677707851152,0.15838874286901056,-0.04539801678032506,0.07521165223652097,0.2625770224079951,-0.2609067676537868,0.20333474912071137,0.0258998898004119,-0.4452071047024174,-0.26071957798762996,0.2691595457281438,0.22168186158462097,-0.28297237449321727,0.4378055561496367,0.1953687543722218,-0.00020583534423214547,-0.475380946991007,-0.2875187458143447,0.09877559587302993
Orianna,0.2973476391279802,-0.2532580362780108,-0.3203122326473407,0.0825560864584056,-0.12568372994783292,-0.22622525625745196,-0.4902630118597154,0.4579319981414722,-0.1568945761398674,-0.10186855585208517,-0.24808512363786858,-0.0014919451865876615,-0.1199595509461673,0.131444104168524,0.23750786450024794,0.16993799937116097,0.0828955069326659,0.19225126578827262,-0.11418669202020483,0.200144774833614,0.25697609811342736,0.10032348483985071,0.17867588775980342,0.11815798250051819,0.46646835142439974,-0.2784502506706896,0.42388379659083963,0.22186249209736494,0.44942137633119655,-0.2505788588872782,-0.17706748570751313,-0.07728918663738829,0.20825549960546977,-0.19634222181710287,0.1698034919168821,0.04579186059674584,-0.11481117494456532,-0.21957858902868188,-0.08445894843714676,0.23031267033715996,0.3333041318038626,-0.31984647497551816,-0.004052818602608934,-0.2092810942792815,0.4476389679379603,-0.300388118728968,-0.09193071077438307,0.28102614059266706,0.06664736764851319,0.07217352379926822,-0.4733261395083572,0.0374643664957059,0.15524388999214023,-0.490926758139844,-0.565596602948113,0.012866926582037641,0.3333429956923368,-0.11411242781651858,0.3514055050202787,-0.0024172577820212884,0.08620278679927512,-0.13544564257453673,-0.2297479227212143,-0.23974918095193248
Ornn,-0.4642903926763618,-0.2834055240142659,-0.2375077759365131,-0.3052448631774145,0.010993610703334102,-0.5629270965046564,-0.17500023574103324,0.26384686635591326,-0.13076949804207894,0.16882689767418205,-0.07129206755095914,0.09984617468191785,-0.09409097079795253,0.05716248917661431,0.13791036623613898,-0.36072836186728846,0.08744820613575859,-0.06504566076609535,-0.08699139961304023,-0.2068514328172623,0.3415307274039126,-0.21776763768379043,-0.20621657095669174,0.37776140806463326,-0.2941716117064742,0.09014606825258739,0.15849214032579712,0.04726701872579933,0.3693025393399666,-0.29141539522366583,-0.15181885196119704,0.17732055613766967,-0.021093224693746544,0.304058567049809,-0.2535178697744933,-0.0714259448465445,-0.1829483680215133,-0.45191684240989344,0.47118207541375867,0.38984329117483796,0.055912146729336754,0.2033758415520131,0.009926770645891553,-0.14411795111935535,-0.059654521545689114,0.13620214245176013,-0.06144826313943955,0.0851786594995794,0.21055930579762525,0.3995574103809353,-0.3739570124927157,0.12518616992054532,-0.3334250665337255,-0.2698020697334415,-0.2704503978021069,0.37853985395053596,0.050516315819194864,-0.24950702548903328,0.23839309922070825,-0.12619952649477462,0.06188046745222467,-0.25205345920296723,-0.5721840218716019,-0.03833235133675788
Pantheon,-0.24515764684256636,-0.33774948147318334,0.03532409970844409,-0.17240203884248254,-0.06089300495958035,-0.20705137233698268,0.01744279871137706,0.24203336572138986,-0.07618478175985423,-0.004724666674901639,-0.22649817676544104,0.06754054074412,-0.13369290943323847,-0.10107465650340627,0.2878296476673337,-0.12304679940987555,-0.17507707410986686,-0.21001722494528338,0.06862119166784354,-0.0977447231504936,0.6032287561543668,-0.0449334478298016,-0.20996465396625247,0.3562832587876378,-0.5824887254506989,-0.05557816352364788,-0.058626304810878306,0.5216017386067897,0.2507052517418733,-0.2954460870500894,-0.26253454233727536,0.09026335629898265,0.25533954844262463,0.21740611842375138,0.016962677784754725,0.0792593358799165,-0.3913286028547081,-0.273771598380781,0.26586797005570056,0.03805211490240363,0.06623508762312218,0.04301441485690278,0.05994552649186599,0.13348666918177038,0.4082052656331022,-0.12804143127617343,0.06935695143421874,0.10223387845958867,0.043958524298421627,0.19264610470107973,-0.2080558214989521,0.13761194623984754,0.27272288192691996,-0.6674221908843674,0.06577238398701327,0.12325865103234968,0.12619044176664418,-0.11398341825032864,0.22215639699415102,0.2822605952015924,-0.2782835323110736,-0.5617853775364464,-0.5054180134736657,0.29314981355447245
Poppy,-0.0817555303770236,-0.03795307427038921,-0.01945300400513197,-0.19766972434996358,-0.04245178052155444,-0.34801883363276065,0.09946590327372404,-0.0039478906298105725,-0.35709655400687484,-0.07409908573604386,0.042103615677199294,0.059783116094533566,0.04789095560205597,-0.2815757957382719,0.017654773469258384,-0.2308132281393029,0.190873089796921,0.22663880695628238,-0.07818787677693885,-0.03849615110803112,0.0903790925520757,-0.09191007224642471,0.06434448529255452,0.24103108545638688,-0.06105377046631535,-0.23871601449290702,0.059415912384271914,0.12624745182365488,0.4434660808535492,-0.5044638414920002,0.281472588459725,0.0031599907435919143,0.3169802633941715,0.16002419750428384,0.025422068292277396,0.2170566838015818,-0.35811426721718725,-0.5087544848478102,0.1294350058636849,0.02822819971507652,-0.05658232642332715,0.01750851963319838,-0.12423314043995423,0.08934146567549293,0.10445186199638783,-0.19247578405089494,0.0805350369377923,-0.2154488869444817,-0.10977902635743397,-0.22090660209670088,-0.40523757811335975,0.018264212382756273,0.1936548123715409,-0.4806383087939829,-0.33541380282054184,0.2548070247612919,0.4685474949691274,-0.12186437452512643,0.5343857265133516,-0.09011678952698587,-0.18299135258174576,0.021573137055317156,-0.09959420741178349,-0.08490977885479228
Pyke,0.13665863310657284,-0.29120953398653043,0.07993980510338088,-0.07813208282854729,0.2226390210061987,-0.4523191156559811,-0.3022748594508308,-0.20151409306384688,-0.3330853866488846,0.19049780750787998,-0.13507446168927162,-0.11081238166122177,0.33951150420428516,-0.04221406486140423,0.3048329042777179,-0.14099890672429616,0.06668702393587371,-0.1456247180449969,0.0829739452317534,0.1408508621517641,0.17371343468630795,-0.23749994629661586,0.058747563224723943,0.047279155548324285,0.4611965973190294,0.05814097770074364,0.2953271947318474,-0.029767738898083432,0.093414172610736,-0.3927809060548666,0.17132048886511048,0.09681719452559602,0.27757353857517075,-0.26978664642942596,-0.1656946178392722,-0.2560348529826789,-0.4797330052675806,-0.3437346678706774,-0.09659099698721343,0.2802621043656214,0.3955409182755946,0.08364697432632343,0.13438976635097183,0.4890315090837344,0.06252068006584474,-0.19467595712283178,0.433915158644895,-0.15237984344895464,0.19456282961915888,0.425376259465817,-0.11238651910376463,0.6229536928400133,-0.006838642115990443,-0.41155898336268393,-0.5535417931578639,0.14880361970339512,0.30676936395321797,0.21900230300156015,-0.16107680540187067,0.03519695055188719,0.3183432034716372,-0.01886067685332942,-0.4763543133016042,0.029528981139783892
Qiyana,-0.06349894788835793,-0.3119315152839078,-0.26979140798611817,-0.04901870575286912,0.09901592997602834,-0.3220127483479607,-0.2904480104289079,-0.10867344874224678,-0.6117052309523745,0.28687551257145305,-0.22198261991200172,0.2802094304783394,-0.34868000101740493,-0.2571636346522035,0.4623484316265041,0.005931200665888853,-0.10571101166571352,0.24120818530301344,-0.06951966181443696,-0.09100684445188013,0.16228162148468434,0.10184924172315944,0.15795568858838233,0.269099020500034,0.010542254303510919,-0.04062013811307806,0.17320940045634606,0.5241320204600746,0.40704436546070155,-0.3275782359462686,0.121487967320022,-0.33942752225160244,-0.23862695309593993,-0.2935309648750902,0.07049279852675391,0.2689305058075174,-0.03349680615376752,-0.0928154379607807,0.2948720027952289,0.07806262162983214,-0.09008155457935266,0.09720813217498095,0.022435114373505722,0.09701377803389476,0.2728321492679415,-0.4130353770166007,-0.029379806325974544,-0.05955544375137582,-0.3505683366303308,-0.007348972297379053,-0.5183219043910015,0.1108523651304844,0.1631838317217946,-0.3018700376324365,0.06942644133428529,0.26878461236195,0.022156205337730335,-0.31020263015196164,0.21610045959498675,0.024218528165901726,-0.0830212103878087,-0.6996874216109542,-0.15168454276636475,-0.07734505626272914
Quinn,0.018360912882578125,-0.3108403045458655,-0.39091622556570826,0.048116577577421174,0.20736960926726083,-0.4913277863105569,-0.06929049599800634,-0.0032736070261705228,-0.036856271909156385,0.0836436759301089,-0.2137857693327966,-0.14087458107308437,-0.2594844669908271,-0.16749777202019064,0.18732811976204355,0.0441467670095565,-0.010938699299324804,-0.042204706884376615,0.10356553382070223,0.029248100422031725,0.11967412095626484,0.028806850442707237,0.14470437168627792,0.2156978398169378,-0.14242063545269004,-0.3356688168119592,0.13819351199429797,0.11335631824153988,0.21220004594316924,-0.09834451437564137,0.0612654166460973,-0.15816007879789176,0.12638932108215079,0.16742384786328657,0.2594027803366937,-0.1083925301499514,-0.3278298401528869,-0.2839332969068865,-0.10369580995780023,0.3096724890663482,-0.022750235883185515,-0.026744077399528977,0.18059145526522932,0.09450449336682422,0.3354212129745404,0.00024957188457381467,-0.19114855396759714,0.11575248624241381,0.06725115049101658,0.03069159740216128,-0.3245429031928959,-0.041113946514528495,-0.13109091360888953,-0.38292498278965836,-0.4425298406988845,-0.007496389573834506,0.3071667665354603,0.03522676450250837,0.538840638727866,0.010213994858953813,0.24223915461448134,-0.29423490442398914,-0.16463369845772946,0.08733805814594914
Rakan,-0.3720330157322187,-0.1592592184450695,-0.31396565013366046,-0.037170343297142895,-0.38433281838371347,-0.23402047699261225,0.004639479843132442,0.3595136846935814,-0.149318156431796,0.11202058012813597,-0.24303258376034165,-0.38114077728572276,-0.13135356271427873,-0.03759129640429556,-0.1746163949761084,-0.25006114996746287,0.3480367834444367,-0.01888230053269533,0.029375939745151874,0.23197855337772277,0.3191925770745674,-0.07423116402204795,-0.22370752867939575,0.3725563121736574,0.10416672706974711,-0.13527665179599538,0.281728622415675,0.06547645005396983,0.30177132661022676,-0.19578122386181035,0.30997713825433837,-0.7022624026848957,-0.08225913314119278,0.3197721334252813,0.40802647038980877,-0.42462690789096824,-0.10978507487313756,-0.4293975723266451,-0.22675879992772685,0.20617302291355355,0.16259422824091316,0.2507572905779618,-0.025361545496805693,0.2573429540090788,0.4177678131765042,0.006353342125651503,0.1511247892331178,-0.028185679045356796,0.21690625245350217,-0.30188636963760807,-0.3241624884768733,0.39330350961255367,0.2227112905617658,-0.20124081393632923,-0.33735525884236084,0.19235067593850658,0.17475505374325845,-0.12592319519097012,0.25260430158435493,0.06032310602661752,-0.2732010214823342,-0.19005581341491581,-0.24081004185251043,0.3298339466015877
Rammus,0.056807610936879,-0.30605746329655437,-0.2600424426343029,0.09004874215636187,-0.10773045993069537,-0.1948905924709481,-0.20744446237679431,-0.1232672293720316,-0.007788283408734581,0.11693469396937001,-0.040830817620993644,-0.07168627155744352,-0.03611964978433606,0.060855992266830264,0.11425593103399198,-0.00954634702317245,0.0646983948724477,0.2097465890059432,-0.08877160644996947,-0.26041129255951223,0.2761141657194531,-0.20191304121772125,0.2067323796065148,0.20301865191025492,-0.14103055586114602,0.08300927934576437,-0.03443148914973961,0.12674355915681806,0.2740608881206248,-0.1024669940507948,0.12645948658502779,-0.02465230426892202,-0.1614334476788558,0.01975556461251984,0.050816004212360925,-0.10677738605597491,-0.05156855058035092,-0.36944851718886296,0.07853139862094226,0.047334461374007424,0.23010281727949547,-0.16542647783763162,-0.12235579351289252,0.1314392144960214,0.00437228155782762,-0.0971596760125984,0.0892498266281707,0.08626770960369765,0.026278617739490796,0.16559023424128227,-0.35861397777663717,0.049557150893498284,-0.07697317594804017,-0.3232793370556833,-0.08301006878514698,0.2677224507828171,0.06274149865576521,-0.20649914871991606,0.3051773670987086,0.2397401760585175,0.09697392231427743,-0.23941250040913037,-0.09601121885480683,-0.1376883647701504
RekSai,-0.19908737820557823,0.1484487553224456,-0.22269595582789262,-0.07648469173599377,-0.22088408294359826,-0.31453523783958365,-0.0697470735531311,-0.0209777884589348,-0.104329986400296,-0.033163834201674756,-0.012789826765540765,-0.06787804193723812,-0.00991529818404723,0.14187893151907943,0.07724570572995412,-0.12376182636017184,0.1675369479481852,0.08973299496898757,0.03709426881608191,0.03989706459255415,0.5050595702138092,-0.19145890874788626,0.2807257191286014,0.10042880030780735,0.058191535009864154,-0.01203930495815975,0.2919930774402656,0.3461077592447494,0.1505473368077235,-0.30825419926096276,0.3168353760364491,0.24489985328495678,-0.1042347832907432,0.09695448497738382,-0.2958878044991414,-0.3862138135385044,-0.29613711941396376,-0.3071016218037166,0.029423191885922278,0.15536483977172255,0.23962349132778035,0.052641877261921176,-0.1369648714375289,-0.09714318968704748,0.04502027480781501,-0.2119367480627527,-0.08668562158699285,0.2505736176744256,-0.3115343948917301,0.43299891156222114,-0.41670474382414335,-0.13478898193472963,-0.3156608236358362,-0.38614837293363935,-0.288052754188919,0.3113209541552607,-0.07301272889521872,-0.4085755175214701,0.5469009221351729,-0.04607553856110765,0.1300421543221915,-0.3697252597077714,-0.4265442653111818,-0.2518574249480671
Rell,0.002597226233418446,-0.18458852299598372,-0.32090884755845583,0.07570543680135132,-0.2084285233897171,-0.14328274878610417,-0.07560204799295951,0.008706029021443422,0.09941256233051216,0.12949730341062496,-0.36300635532124936,-0.07273445861407167,0.21788619582192872,-0.2611339449928843,-0.009164822810367955,-0.41244615701259635,0.15647765661073096,-0.03302027209200992,0.016500579653020767,0.15387683742995517,-0.09309143413628498,-0.13859274962682389,-0.37279284038640914,0.07912678235112405,0.048010992031438667,-0.24473142256478542,-0.02270299305559482,0.1507445352942087,0.26169916409376137,-0.12533098704823928,-0.11080058457765878,-0.12792411208642018,0.14881708468094518,0.027426084399467435,0.12215234964593107,-0.18803241244727206,-0.013291389035878934,-0.5159701011837629,-0.04868115236826561,0.0567552469842735,0.02984309562243895,-0.021738397417953314,-0.20901143947593281,0.4424153949173659,-0.09423604024230127,-0.2706873264910819,0.016119725386714762,-0.06359986501627686,0.0925094572225341,0.028110920193984583,-0.27255653819120995,0.37383441325562716,0.20785963445501965,-0.6326281160885374,-0.5970049278667036,0.03867541511297987,0.40743916680023556,-0.007712598417954211,0.15210806536113883,0.45819883899374536,0.10840305608401635,-0.42349329701405247,-0.4883577529405727,0.1671056302787181
Renata,-0.0517928115583553,-0.11621884420785965,-0.3274498937832779,-0.0379242596816369,-0.3835427708019104,-0.2344378441744379,-0.08496746860602275,0.10043033785266867,-0.21792903335891184,0.018624205395917994,-0.07087908509583388,-0.03259661969452177,0.002003065883877926,-0.15847731866188247,0.14053783390775318,-0.14797351864514913,-0.15912726376613337,0.19618851486530625,0.2074601075263005,-0.10905399589656421,0.3601570589681587,-0.21908041884007,0.11236485286761749,0.26494242702796295,-0.19105414828403827,0.1460167246085609,0.15524371107676516,-0.029442827671500627,0.14899003705964586,-0.12499407851976677,0.27569314418756635,-0.00828511816390762,-0.14706058459835888,-0.0016058497344854168,0.11224110670684445,-0.017657763829174278,-0.2938780759193946,-0.29363118539774197,0.038111162182014366,0.11437305894772369,0.17976209517806363,0.23385597223545937,0.05425806106617233,0.15747612810947426,-0.14250510608069122,-0.02552035679850188,0.06531952875615252,0.2155646579983025,-0.266431126163513,0.09908885586963144,-0.18263266929701236,0.2938076941747367,0.11243100982528276,-0.3051686459117719,-0.12697020075810614,0.4525943740347225,-0.01689227405469594,-0.1329702700469082,0.5512933173154411,0.048039632807820476,-0.007838865972378657,-0.39622821366204736,-0.3684956142228457,-0.04275441580733511
Renekton,-0.20723418302343732,-0.5500008201842977,-0.13129060758876285,0.06758752697502744,-0.26411517006961377,-0.5731486270717533,-0.47049994553788604,0.030607019749255452,0.23753839176684158,0.06733783321996992,-0.4179137750712728,-0.1246828316982781,-0.16381445525279997,0.1453666022404946,-0.13782498592363168,0.18369266295620237,-0.15580699858781336,-0.13572354361982342,0.17749191686260954,-0.26145080094524975,0.4298680880804182,-0.23277444819586407,0.07212937077661587,-0.11997489013551756,-0.10244422114440331,0.02480629526162636,0.07821681915824794,0.1831959672320315,0.2379782464417614,-0.009977790345517224,0.25592770754489624,-0.1369986862719091,-0.08890961228342317,-0.12928363184317393,0.4360408785228943,-0.22629397817637942,-0.10119246359190287,-0.21673399831156095,0.3623124007074421,0.26622247378343117,-0.13339907455578953,-0.21451825228997268,0.3902946440911909,-0.07470695323610345,0.41819354196412445,-0.095501703594403,-0.31356707254371663,0.28180260740304264,-0.03396869928333227,0.47964242842426663,-0.43430260511558577,0.04044473025938162,0.03690446813918843,-0.5252636950710643,-0.6701020510923376,-0.0914305474728055,-0.07414918016728426,0.24328234321799652,0.497592856796086,0.26718022066793046,0.16739678632241453,-0.46015775405647297,-0.06292590130472628,-0.08556258997482624
Rengar,0.2305555099899144,-0.475569339198593,-0.19057980773965663,-0.0894038882547992,-0.08896788796981202,-0.22385616802876687,-0.24774717159497947,0.23981102515696642,-0.18249930425825328,-0.16532227212922837,-0.0027102104835926366,-0.16169154922112372,0.19613577361660858,-0.3509650727627241,-0.08232721908651389,-0.11551747167822121,-0.2733654507695457,0.1517005609053843,0.07554182282450111,-0.12657693490270883,0.5487660291402208,0.06583818921208985,-0.06495451961259685,0.06943918936042526,-0.06710620684291274,-0.02568431838653276,0.33854487420293994,-0.15609138605176878,0.43103889009961205,-0.15985204533715686,0.3280650953305966,-0.2798595904188915,-0.21074081929915733,-0.562389688982441,0.0790773920761021,-0.18986691879012366,0.009245049630396752,-0.16190206361670667,0.0089307439121384,0.019565916143058585,0.0774716222384771,0.40124724336387235,0.3368193039403311,0.0012969084030067368,0.24016019102723332,-0.06905261642398637,-0.05002900476265825,-0.015358134660595562,-0.12471419392578392,0.2913740805631398,0.00986876461409226,-0.12147595041453095,-0.07783171740268206,-0.27045581720173156,-0.5737995232946922,0.3416301186861818,0.23511290687118963,-0.08742483917317102,0.1792604588329584,0.02194265462228293,-0.09857334623731562,-0.5583545863302655,-0.25628210496358345,-0.28806104688488465
Riven,-0.0802507730361587,-0.40562573205734864,0.027958340786384116,-0.20156644721214492,-0.28511440548306494,-0.29656392119006625,-0.16708141125866208,-0.16841541238337868,-0.19887649454659392,0.18350470832729496,0.190037414320747,0.36878420784180455,-0.2423033756762889,-0.2371158957165793,-0.21796320719271325,-0.08032185191235042,0.23494224942453149,-0.05481586135210974,0.04440989031891494,-0.4438970479659358,0.19705778184605288,0.23330624296831717,0.17745974539406312,0.007134545186863744,-0.20625669301030614,-0.21980305098889688,0.3254570659294162,0.2684159030513323,0.4825980601000259,-0.15432731179641104,0.1584129049677115,-0.3478791618781881,0.2738628076743845,-0.13098613380585292,0.014279455083997375,-0.06521324474394426,-0.6105738335035824,-0.1594734498916735,0.1479396382795004,0.2838237380864968,0.17600719289602343,0.35623548598318616,0.1627970368687002,0.07315298283615845,0.47117549594997354,-0.4128200987658348,-0.20540991009553633,0.054017997419346174,-0.15367548813764928,0.07796670034892583,-0.33371738169982523,0.04403852348758949,0.040707762926554994,-0.2562139253817416,-0.31427334062014284,0.2989002036426652,0.22072798011897826,-0.13133802553877286,0.29179276279260274,0.1779819754195873,-0.1531728764117211,-0.13028661626938537,-0.4303835848337785,-0.1973354264486276
Rumble,0.16147569937752412,-0.017847462806084163,0.10885972177062112,-0.17528836004929355,-0.12808599922712513,-0.29522468664939927,-0.3070476707249752,-0.10561656399084086,-0.17672826145774367,0.23816801355591694,-0.01931510261199525,-0.01795646060689836,0.12967195927999475,-0.38626355544790336,-0.018544720682138888,-0.12509504255784226,0.06242030325350245,0.11294855698149892,-0.03985858129851777,-0.25818682873398674,0.3577998120138027,-0.12318917379153245,-0.10186098506274184,0.4125761018021563,-0.16576949803240726,-0.10274386431713696,0.3784443301891643,0.19805295303434758,0.3988454151151844,-0.5065119464125339,0.35849211953687615,-0.14268680951891097,-0.17652241487035372,0.08035081788372188,-0.002032044303169869,-0.11572446064197045,-0.10018869608227227,-0.028327592353039784,-0.0283888083004705,0.21610383760986243,0.2193594000665166,-0.006772007354955747,-0.27531669887964616,-0.14248968977575188,0.13431069469483406,-0.2345281310247983,0.16843312037718386,-0.19468910500816863,0.08788433693748378,-0.07542183215212035,-0.2724225647317563,0.0995602290563943,0.0994375505309052,-0.23400464322638512,-0.30217720312793517,0.37765696792134124,0.07309425526167257,-0.006442154182931156,0.548801871814133,-0.030503298476208446,0.025506218030991862,-0.039395855512991726,-0.31229956127395053,-0.09688879467968048
Ryze,0.30429477360262874,-0.19911966695523914,-0.26298868090322264,0.23105735185894802,-0.01983062692537013,-0.21240834784508877,-0.279261132265709,-0.06370821954393374,-0.28679418851442545,0.04470780883615428,-0.0697471382568583,0.2529547007584351,0.054913919877497386,-0.28088321843770936,0.028948388570994913,-0.12272596362050558,0.03155334106565853,-0.1350918084372102,0.21604041022765988,0.14279574409185644,0.2863826452714788,-0.32014146739424726,-0.16999642730863357,-0.2313730520751169,-0.28540514686049134,-0.11926530108512935,0.0867153950717365,0.12451397019359028,0.19950581830270456,-0.2130166322240337,0.3541767690181691,-0.05411704154067629,0.11784697802797832,-0.09770305451406563,0.3139130811587274,0.10924370094946385,0.005808164191401579,-0.33446276745581976,0.3164836976191077,0.14275172811248993,-0.1183273669794097,0.07897343264878957,0.040376858883262194,0.12352285433726884,-0.01213667043354064,-0.29270022886188407,0.1074220300868463,-0.20630270062052375,-0.1963018648862525,0.302787321718434,-0.39481858142636084,0.39998336701160797,-0.0004353090571864127,-0.009955676035397817,-0.5862462744215126,0.12419181581948567,-0.0813564078675626,-0.09751103422471408,0.5650917716687709,0.28166076452654276,0.17079048400999283,-0.4144206293398479,-0.31731434147116594,-0.21377643290846948
Samira,0.2788885070502478,-0.2455419405580829,-0.18637016968532572,0.09028961263389221,-0.0811855856365698,-0.605561997543888,-0.06671407920787056,-0.26502297965916655,-0.33392915252038585,0.18147974390007657,-0.15707069255631978,0.03032524757952891,-0.32541838067194717,0.10981581397099581,0.15217623849806083,-0.09305188605136823,0.5160076204057967,0.5140911983578917,-0.16951682628419024,-0.21492496205381872,-0.04195918382130751,0.10804445012120201,-0.13462681419226707,0.2801517091247875,-0.05071189727944074,-0.2193551886518175,0.2541121345203216,0.08964848733717833,0.328110710753729,-0.5505367932796279,0.07961895665906059,0.13120790639116808,-0.22549671798701942,-0.08688045404753768,0.0232479014918794,0.13238150545374944,-0.07207751472978369,-0.42401916491809544,0.01658789257460344,0.004699504083788453,0.09869417258878094,0.2549971658047686,-0.16805804950620695,0.009758091710535868,0.1657573287971158,-0.04443970451952378,0.08408410839464238,-0.05234739597878634,-0.06905484370286194,0.2568022445515951,-0.3259779379475611,-0.009129411183133181,0.26639753000497035,-0.38696998429124907,-0.08888633767509366,0.11602111128901163,0.058923921905660905,-0.40831592653754084,0.5497522109182206,0.1548798076568751,0.19809553928908774,-0.2793435928761698,-0.010257454605458955,-0.06647592272726104
Sejuani,-0.08146488884828293,-0.0033358346232543615,-0.15425456697811693,0.16620355663313213,-0.0035647433210921563,-0.3448888154834661,-0.31145852189622975,0.21866114670848494,-0.1276255877910302,-0.19009630170487213,-0.23166014024027726,-0.25589263116639765,-0.021777952557453635,-0.4498866344464577,0.3043132413167508,0.04191605200168384,-0.06648118199054566,0.08630514170699673,0.30256148938640276,0.26783624053252636,0.08301088182533108,-0.15494724285775305,-0.09449119593045605,0.13447044675383468,0.11025771567579455,-0.3066358207608835,0.07889652128612314,0.20475125327541416,0.14816672456784757,-0.11247154517884012,0.0844094778502393,0.10283701291602844,0.034666001315328994,0.006986533922523958,0.17427580134088463,-0.2910505390830534,0.03256853997060967,-0.2990396569126049,-0.2293132847917637,-0.04344202912246038,0.414211857522853,-0.14873614002173044,0.0602648668689594,0.34788414808641294,0.03852843374137536,0.13849228520588344,0.19295057898587176,0.09323398939093723,-0.15297190620924764,-0.1178116305644294,-0.18507794301695904,0.10403976232672395,0.08106206230187343,-0.414850750069945,-0.4528993006982903,0.3139663802115902,0.3085013868345964,-0.14938100088012043,0.4448812081058953,0.028380463182298313,-0.03881224755933773,-0.5280966333694915,-0.48673051569367504,-0.09302829902405889
Senna,-0.0746325523289599,-0.18080469953673958,-0.4430570003588441,0.2514436382074533,0.01033528767940082,-0.38685357314951274,-0.40699214920602467,0.2615583593990897,-0.25429966551425026,-0.15070384183905491,0.18370232673930542,-0.3059038657689955,0.4124052565246626,0.13296941326128542,-0.020508950312591735,0.015113552726972799,-0.4539704153262318,0.28025542235385126,0.19746693483999833,0.11717482076220605,-0.07229381994378561,-0.46439589825189354,-0.016411949263994436,0.1192091627367345,0.09708567635259815,0.1778810266360625,0.27226572582057906,-0.26796922382676375,-0.12498650476411378,0.05936370885506558,0.39433501579299474,-0.4975899757807206,0.1620073358088101,0.13046249096083307,0.5054044018478794,-0.3826636839157365,0.275686340640697,-0.2721387825886509,-0.32354430758533825,0.5353297677374117,0.34220847833930484,0.0028600314307532437,0.45675364461181944,0.2100256970433437,0.5214059557308683,-0.008794121175809244,-0.22287617782229752,0.05530922483960871,0.27138166818505033,0.08641914511996082,-0.5311540335813747,-0.1343649865722103,0.11843334665679456,-0.8547807761630921,-0.21811477580961644,0.4566810776057901,0.10834046818770533,-0.2503373817342161,0.28349704137202053,0.18853426738174142,0.17182639558939272,-0.1608599366519141,-0.24901260806415978,0.13519211270857814
Seraphine,-0.07946390444978892,0.11637574234441288,-0.0927898449759928,-0.08185001701116279,-0.46058929711023916,-0.31947140596095375,-0.03861080468414953,0.22242640807471367,0.16773936923580796,-0.20735225383895514,-0.4692299411937029,0.06635274578646924,0.26822224943742984,-0.0678254317687917,-0.23203526659433119,0.1438959184498776,0.015061202572056802,0.19015686636511925,0.17521027245498888,0.05903820903967684,-0.029584663423948526,-0.34062480795162037,-0.2387816008790398,0.45386615042329465,-0.015692194824090726,-0.09175271112343182,0.44352537994601154,-0.009250147289030652,0.11555902103726264,0.08014573574417169,0.037901636284538166,-0.4504231865388596,-0.07108180444483064,-0.05301062505353582,0.027290830752259222,0.06835313011704469,-0.14979817004041346,-0.40006261030231416,0.09771080922825953,0.07437299196913827,-0.07829287461622969,-0.05472304241152799,-0.04177594882024774,0.35524122180410334,0.2731294420584616,-0.16282197914186586,0.42661836113494456,-0.3181282043541542,-0.017927318384279554,0.23983870735607177,-0.43305107111620295,0.3668206965192399,0.5427024400824916,-0.7059000281970933,-0.515043894838182,0.4599611956167764,-0.01212634561204436,-0.2873982985503369,0.47615637314298254,0.2751436231481211,0.13475456313973086,-0.16824448560801816,0.03593988268616709,-0.09029532843767102
Sett,-0.04043908961258693,-0.26208060805181643,0.18506875389845256,-0.4837229840475701,-0.22919381050880108,-0.48532529656531215,-0.2706498322951824,0.33744036921276366,-0.43663436126400224,0.19238855960764292,0.04665981365960759,0.012734144349252009,0.3589289313885863,0.059445439125495464,-0.3137994432861327,-0.1592668016646501,-0.16530514160361656,-0.0013878277286012962,0.034854657504274765,-0.11704123764190089,0.5253185051339057,-0.26635317821127097,-0.11194399417089893,0.17751428320312698,-0.2283316019498171,0.004170512474437947,-0.0009524593643397192,-0.12395742047400646,0.29667016507131705,-0.39936812854083437,-0.09680057140900888,-0.16345563431123922,-0.2566305142703127,-0.3306431529840193,-0.34691969067915435,0.04905132155198476,-0.06715418009119087,-0.2964815601525844,0.3884217971412322,0.3604623228895499,0.10314626331383303,0.14563880888500808,0.12626214277386955,-0.30047904537873793,0.05595767333768732,0.04497041696377633,0.07334751491528492,0.22364786792383215,-0.10291447344416986,0.29858222140672225,-0.510142876364257,0.14640869976002285,-0.02507782900543057,-0.40447525857538535,-0.4720594925670126,0.23336114561516272,0.06768583953367223,-0.12606477932447507,0.2730524068104391,0.2719133944676037,0.11398150672445359,-0.3946570492807446,-0.34681036675754157,0.18654822956583775
Shaco,-0.08474140721920861,-0.14286439557561065,-0.13434210669766927,-0.15281125607671692,-0.25347749725929025,-0.43908093766027306,0.0758935893202157,-0.13384723190088177,-0.1305783147126657,-0.35971844694892724,-0.06456740931025162,0.023983762084104604,0.29029909513747065,-0.5084708825112433,0.2645100730228769,-0.2718517229458375,-0.3142446232439714,0.08254923014976902,0.21992988886631953,-0.27819537484009776,0.48938757086513857,-0.32249869545540466,-0.005607984775374434,0.3788894851356234,-0.2139549719885914,-0.17541712103830764,0.7676286276102376,0.4915118382042457,0.34763582157685646,0.027609220183858293,-0.017020580170906498,-0.34131579551357055,0.15689202228774737,-0.4376876540839561,0.15150261573850096,-0.20192566193636693,-0.0744811511693513,-0.1553621666798274,0.1365702976556584,-0.05317289175416543,0.1553674879358193,0.3315365631950264,0.0583870990824736,-0.2213242045359332,0.2866262911108249,0.06026662366515243,-0.19446704675926735,0.1017603657762436,-0.3525633864909783,0.13950449294079148,-0.2296493168810558,0.15581118508452252,0.22523200856940326,-0.3506842492788343,0.03273391498954081,0.3974072133735176,-0.11743559758687637,-0.02941727397299095,0.627462546014328,-0.032048841425697375,0.45224523248539844,-0.21580654884399986,-0.1274998504327094,-0.21303182229974002
Shen,-0.16791377577351718,-0.20252839557731905,0.006135353860934195,-0.3607163735605745,-0.05107737893278756,-0.5146083384179303,0.11660296881441409,0.19356233488380045,-0.4175944754431527,-0.07950373804886308,0.09815292249062349,-0.45273798475938604,0.14634605840909337,-0.38660837299249323,0.13504536883401574,-0.17983893713834972,-0.16675110216307054,0.14028575648319788,0.03952169211723307,-0.0736785028192008,0.2402990118497412,-0.2779356263013468,-0.2219227025347359,0.17464820882783463,-0.4324582866529146,0.03963459375097179,0.3944327040986774,0.4499517536217339,0.3165385153709742,-0.09374838719757404,0.2716046024446801,-0.1668396107667236,0.15059485442362694,-0.07663430877358823,-0.1928665538288901,-0.07749795777896343,-0.5334046585382162,-0.05718262607452771,0.45866588100360717,0.26775578682681883,0.04578584132383488,-0.09997466083317359,0.14101687509884483,-0.1723022884388147,0.2117829448209406,-0.23254167714922955,-0.005485521306006295,0.16010397983844932,0.10216435030084065,0.2714268803518912,-0.43958721457991795,-0.13877202931861388,-0.27216382646871534,0.06685185150492742,-0.06969374612836653,0.35435362082066263,0.13947132572557372,-0.02450113898434386,0.3368568675399202,0.3337845611141351,-0.03400766255429561,-0.5076454408620261,-0.37887218259319766,0.2075495683197667
Shyvana,-0.08039584216671666,-0.2741078260082944,-0.28162678154788073,0.12599168904261612,-0.2433194303878086,-0.23101210051962834,-0.08087961331014544,-0.06502709083291856,-0.04555126570520462,0.0957323353736397,0.16379949770170216,-0.1656612783274981,-0.1322938770735534,-0.15777525834273767,0.2838207489431196,-0.37708257542757995,-0.2790015679001929,0.05018953284722008,0.05367029714413293,0.13778763034720332,0.30090992357538887,-0.620005081689929,0.12722829845412664,-0.04411298379967911,0.04284129794586588,0.14496884800045323,0.2441751623331661,0.48887098137068563,0.29115713296788254,-0.022985985661450034,0.14346937069299767,-0.13643205643911702,0.07859436538296394,0.26055667069283645,0.19067353342981902,0.0322946849016939,-0.040647547353808496,-0.4437420415260041,-0.16134457321512027,-0.23194089869087123,-0.33335826465342694,-0.024574607329876673,0.03733964514168523,-0.08247907986820667,0.29264294343048225,-0.21129814378313094,-0.17218984211336888,0.018225585577833946,-0.02444870221289056,-0.09142314969472076,-0.38843767675166463,0.2734372588324004,0.16736114786337478,-0.25853490932923684,-0.2547501296013906,0.3589037351818304,0.1489339479934993,-0.22932178343789153,0.5712952855126396,0.13016815798848833,0.17014315454783638,-0.3761657168244651,-0.15112459461308064,0.2887110795764879
Singed,0.2725156657459426,-0.5723476641673478,0.09561946734099169,0.3309573768927041,-0.06920087665059116,-0.25355403590421693,0.08535892845827883,-0.08606483131132488,0.049113355489879204,0.012583113122253253,-0.24128192447192082,0.03971054947862528,-0.08969202121432096,-0.18884880835083037,0.19299923910195554,-0.0203806462517523,-0.06625852319101447,0.11254885169057043,0.010638577854970103,0.18495182420311607,0.2762243925657944,0.00388454455380114,-0.3425601096440817,-0.09969330519135498,-0.3303408711445899,-0.12651712283079858,0.3228006081456423,0.09889678755403665,0.5569465096400346,-0.6720915806929856,0.00030730409835677026,0.17109595545499734,0.11985739562898234,0.17872410187601903,0.14950945922466363,-0.17516052054890305,-0.26221300689773885,-0.38816471813994097,-0.12788869572806422,0.48244508476955184,-0.0603029995770708,0.15262821992580852,0.029637911099435275,-0.01958964057760655,0.12245505955470103,0.07210179111854081,0.046531870879706234,-0.017221757732300544,-0.1935136072691078,0.14728197906689663,-0.2654499985650047,0.16931449160799142,-0.038534775464459756,-0.27806045303163063,0.001036712048448185,0.08001813307461059,0.28631074707391563,-0.10938075691286854,0.4704287119944319,-0.1336039859318832,0.07713247634365723,-0.14115282595831705,-0.586617538598648,0.08660139041738474
Sion,-0.07340729792254788,-0.5165972324179731,0.32990457487167046,-0.13100809351724196,-0.36353451687774635,-0.45595904901224305,0.054224566023146396,0.033022537690302736,0.19926791984627168,0.2077766554063711,-0.24432874344294309,-0.2316154833252903,-0.12600921849936744,-0.20392403866134964,0.13030453938859804,-0.14143576804877903,-0.1136694696881263,0.10970779178462718,-0.1504910984826198,-0.2398546233606375,0.03239548410098245,-0.17953476377302413,-0.0895813700722468,0.04145890005190439,-0.2235087403130879,-0.16639474688300537,0.2465349877083302,0.4281176807719807,0.7299706022109603,-0.3909692711922432,0.23635126086956598,0.050954519723677386,-0.3070120708616124,-0.15126843183801697,0.02279993310201831,-0.20203135839041275,-0.3703460267327134,-0.09502090570390935,0.13777576200537056,0.19635530657816497,0.08690255975057337,-0.12471106335597958,-0.26739764172756303,-0.05701440627519462,0.14751820264905535,-0.15797669266654324,0.15078612393593144,-0.10626286219367675,0.061048583044388635,-0.17754943020060693,-0.29482294636722806,0.09960109901300261,0.2388605826160002,-0.34248796268215953,-0.1350748510193965,-0.15970146835498925,0.2885807391989751,0.11419997996465717,0.42586164323914033,-0.10571576468805237,0.15888127539404384,-0.4609202362777182,0.0005443091578039208,0.09038574912969749
Sivir,-0.03217450516246162,-0.3355105778415782,-0.06423782501376371,0.05536229991488534,-0.3653517194062625,-0.10748158619228432,-0.13991956086909985,-0.07311736944878579,0.22750672943097636,0.258306255442202,0.03931385095033164,0.016122172220184767,0.12096580169148381,-0.2977115736642635,0.33198168994601845,0.026034668672409708,-0.048812479446763715,0.2189796891774406,0.23444397439849476,-0.19575983048354145,0.12931023848138287,-0.32301683026423583,0.2771862484376879,0.3111905690435464,-0.08598185005084683,-0.2960595263614357,0.13607498021086908,0.2651615369587759,0.17443520120072986,-0.35180226119265234,-0.16516227632819086,-0.0884901027178271,0.0047471496215156705,0.4277819181036986,-0.10082224661401526,-0.10552737449389987,0.085172808877229,-0.47471435554970387,-0.00999772863445742,0.07418589583923495,-0.09259884518822975,-0.026191121026904372,-0.11015893599548776,-0.14695696712840653,0.20549501541190474,-0.08998394234545727,-0.06077768726562733,0.015605446203353412,0.1824907134182279,-0.07875295788572713,-0.4176823186244875,0.2871861350858088,0.42162837189690683,-0.3407467028771568,-0.4164189171104574,0.13704686368429322,0.07607984031716811,-0.026643408491474233,0.39772432205207187,0.31648729297463907,0.21162752819143846,-0.5216496270576517,-0.2279562974539963,0.24018018744326675
Skarner,0.12714692589588594,-0.0782199778925113,0.00044425915152710447,0.10829479565352586,-0.21537661671911815,-0.4162832873913888,-0.01985160697725087,0.270343748567603,-0.10292788868878561,0.0854154327323827,-0.18076059429024746,-0.14331048125726753,-0.07578631545814152,-0.11015558638973333,-0.08122042693183358,-0.15155736553550558,0.05360239878488471,0.003942019424067469,0.07070192186069224,0.057327875393074684,0.2576348968449278,-0.17570345092963563,0.03567115262338165,0.12609318329625163,-0.15286086643102756,-0.04538771229926433,0.01802906355669126,-0.008120046330587655,0.39211146615283843,-0.21490446883229594,0.170575842770934,-0.07663689739816347,0.1534874842149261,0.008810380857881136,0.07097831867379546,-0.2373077935804594,0.08421335987835632,-0.29971552586297806,-0.02906417769709385,0.24867604255547285,0.0717202635313424,0.10350388936121588,0.0243904181006648,0.07085311526431369,0.01865482551889097,-0.2547642208523915,0.12877547283856808,-0.12294806048743535,0.003093196751467851,0.03355869917913721,-0.38699061554214825,0.12884041739047786,-0.11279910127793481,-0.4061523945153785,-0.4168807081548012,0.06513318517993644,0.25292465637157124,0.056203360350432226,0.3750456742018161,0.21667928035824668,-0.009444043762732984,-0.5428219918603677,-0.09067882390519282,0.0035155593197726534
Smolder,0.3628065376304927,0.04127353074659553,-0.22902688948369743,0.3118016285785224,0.0031266606088194973,-0.5665791275138097,-0.19273613658706307,0.0993156080445553,0.11818237433729092,0.49348143556234364,0.018899298449445847,0.20028675544423383,-0.39081533561060927,-0.31717929518721005,0.20610172269830823,-0.2447434035160323,-0.13130849076983375,-0.023022052394288367,0.08324812751865641,-0.20451710328958236,-0.0037666249316327975,0.11750798415465731,0.01820553283108785,0.21497884237168924,-0.35227046555627806,-0.8011155850921093,0.26490731339045825,-0.04971796348649185,0.16549841084413036,0.07536735124889966,0.15348577541676728,-0.0015917763124228255,0.1730357974682822,0.38804011019472,-0.02915544822157238,-0.011616938593394613,0.40571837441822073,-0.7986080819450695,0.16304014284997495,0.4567133333527024,0.3335779257737555,-0.17871774964010356,-0.08653272141787385,0.14171184819856153,-0.18700017557778784,-0.5391228967307267,0.36199602088950666,-0.06261800318109048,0.17157995976396312,0.4021012058092027,-0.4368843193606785,-0.09348912092140156,-0.4334087710279175,-0.4682812825819677,-0.12303069651063124,-0.16359415763603272,0.3931168983186646,-0.3908435274746244,0.4029984030548303,0.07812084042583793,0.3478043138347804,-0.3138922772412719,0.10555513154973559,-0.21266873753230645
Sona,-0.7736669604577722,-0.16878273805203364,-0.5273573456701914,-0.1857604744731737,-0.16988244349597648,-0.42684730568141127,-0.09559855677991376,0.4088671080438699,-0.1089461846501454,0.10970083160697638,0.0015376596835657145,-0.09208400602941547,-0.07230683339031621,-0.14750884854665336,0.12645580601599551,0.4214095029387593,-0.26623712529721705,-0.011954354089890129,0.3482097710563649,-0.15872365453498516,-0.2945389218348294,-0.29473440893438485,0.4131880156778148,0.05252487694758292,0.41762941016724875,-0.3470850169472954,0.3191165089725358,-0.1918298427952885,-0.06568973925765668,-0.2731357513390892,0.36140561813096006,-0.10302303204139918,0.14969219392511918,-0.08946553078547778,-0.06353818414493195,-0.3323256484406467,-0.0477733872025446,-0.7182644364481945,0.31442728612886994,0.07865396618965607,0.5435789128965672,0.12230648578646836,-0.14382860749198123,0.6136247899272554,0.34397098121605196,0.07899785237395501,0.39381184318588464,0.15892375462639885,-0.09202442338420853,-0.00019591784545898173,-0.5913200003938032,0.1514627298683913,-0.05308953703272711,-0.29018657298915773,0.02431126403680776,0.45639658937275296,0.16828702573205764,-0.2315325373431071,0.2970386485969229,0.4399873655083264,-0.08487440145552917,-0.22821729473544444,-0.3671067123277659,-0.2482649486921172
Soraka,-0.12372139521715364,-0.23014308703357816,0.14857682733318248,0.22834616143740785,-0.2349292118253552,0.0008313436582817514,-0.043019461809737154,0.05952593865154019,-0.09757365622050901,0.2891423399278172,-0.25278402532891253,-0.14744206514773123,-0.04176814752968523,0.04255465154399112,0.24755229517134603,0.00992019981006013,0.027703229854003926,-0.24433834352234515,-0.10347372160877685,0.058339390025837455,0.05278402968002482,-0.390291098035058,0.19696423330778254,0.3464030459101652,-0.030619812512131406,-0.12287753099056829,0.3019798533607455,-0.06300974927547369,0.22898038528139453,-0.3576396515259768,0.5961321424411344,-0.26383947351562276,-0.00024098294340908094,0.21243384582675623,-0.022445207014781646,-0.30035681022701455,-0.028010102804257433,-0.7248535935915903,0.10304532018935716,0.020123788014947318,0.2879044108040119,0.17869687122401898,0.009149918985408975,0.7812228725695682,0.2910526661734463,-0.3972851134938852,0.32748615719735547,-0.05305370774733605,0.2579965326626479,0.03855083997296024,-0.25300738085317503,0.180111599606852,0.23231784522087606,-0.2632461880683862,-0.11385806508952757,0.18283073921426207,0.06279424666864387,-0.3246013673951873,0.17247073325869805,0.31648552306748995,0.12978752126623386,-0.28308256163583445,-0.2641915727874741,0.010092388451861868
Swain,0.5792996697006385,-0.6242398298570688,-0.1938267715598464,0.25262148858421746,-0.17795513843913927,-0.5089779825204903,0.004917380979897874,0.15279075057442543,-0.08042999239240461,0.07470177751670835,-0.18948433831816835,-0.3974188161924165,0.20907567052310316,-0.046451979606269816,-0.10731092209595704,-0.3226654505160767,-0.3198094807120202,0.5059840430945072,-0.019107465968342556,-0.010444646003117173,0.18387690880972968,-0.13429146671313927,-0.03333717737260361,-0.33036734142203444,-0.12962799436816716,-0.07161404790594768,-0.08995664129340027,0.13713015280262897,0.2852474385674126,-0.36447135056137914,0.38201109156072355,-0.546959791099543,0.3370460439515399,0.1336575451645047,0.23570140811677118,-0.08235251019312496,-0.1941067858946927,-0.1501740002192682,-0.23284114658620617,0.3351958130050249,-0.1180911419091373,0.0064798558490899,-0.11614882008813102,0.41729186397011453,0.43667635558495865,-0.3485749767331624,-0.000468296639859916,-0.08136888684874084,-0.02051592349585138,0.1786987351089231,-0.19514254175903958,-0.07159647451535905,-0.2299928007912735,-0.06453687243723805,-0.6551531694799584,0.1774002217637584,0.09522413783531253,0.23636797880130012,0.26630264576081975,0.2101886930858716,0.09860991786519273,-0.21917997629228342,-0.3553221777596505,-0.04642813831092622
Sylas,0.012917429709670634,-0.517598119447556,-0.09675778152901393,0.05480068890971617,0.09146584579824113,-0.6248168536387004,-0.27171289209799776,0.03319922207397553,-0.5881791044409179,-0.04672462802601782,0.26956139315031713,0.09857407721496428,-0.20403283419520307,0.1699892612356815,0.0434701861523408,-0.23645169201761757,0.018829234368866486,0.11768526079916657,0.026370009578018244,0.10704509123758899,0.656344599751235,-0.27086855002483573,0.24050428118225486,0.5838057253530166,-0.5296995476047854,-0.2083364465771392,-0.026318614614227295,0.07230445927156498,0.382024410058668,-0.48537391734444135,-0.012801736677434106,0.06854766474443563,-0.22391780561689825,-0.008319875964049702,-0.15577949638347854,0.0012907281247102919,-0.148236236537268,-0.3842009066507761,-0.07769783200284991,0.32194229424208387,0.14210948710621643,0.10069906597075157,-0.04843503037775783,0.14108638035743212,0.08067389086891581,-0.0436354359436875,0.35407185908455396,-0.3210321648016728,0.13660065939586338,0.18728167527266806,-0.11968638800957009,-0.10819472612631297,0.14468920282645592,-0.20209121315783318,-0.5642923065579887,-0.022843025716171018,0.27257963423062126,-0.23724080202768258,0.2146520015888404,0.13864537791149997,-0.129687601140797,-0.12108125376471798,-0.07191494901031956,-0.6117511052384597
Syndra,0.1318179516686184,-0.09645942071524394,0.1253185691401905,0.039573954132238,-0.017664077157898323,-0.12064694442395404,-0.41517761724652863,0.3277954967470124,-0.31325888948804204,0.14733469281195535,-0.36351048587651924,-0.18743331137552013,0.17488106736766737,-0.29694531411697894,0.46384646340751384,-0.19961661755587298,0.11535634323300242,-0.04994505905389153,-0.04331599393013334,-0.09094791467542708,0.40830422439445907,-0.4815890196726132,0.04570655638746036,0.06341203593238831,-0.20631156410895177,-0.44202010634945044,0.06389492427690398,0.46366155258484787,0.3000714825682484,-0.2765956195349939,0.06088500775457652,0.192826820874695,0.36846850502752837,-0.02686099720500478,-0.033159892133629534,0.13392309037704997,0.10779691332705302,0.01165866912375397,0.23047295244431532,0.06368918676117316,0.29886369095046644,0.2955387020770903,0.017225799330308388,0.045554927619375206,0.10346906658165404,-0.328095593532922,0.1535083583634465,-0.08609053648650208,-0.049535750470628415,-0.05729959472699517,-0.7695153278894893,-0.05718256425330234,0.06522965224091122,-0.07817501338376293,-0.07521129311162644,0.1268113832325227,0.3136771350173128,-0.08223248239176913,0.4380150684172719,0.1291378541040518,-0.08091440355681419,-0.03574901252612825,-0.396133852046424,0.26401444116167283
TahmKench,-0.06666121381795748,-0.4510683041629098,-0.2676916855087606,0.058370627732568826,-0.25519293185160113,-0.18168301345172927,-0.40832215374302133,-0.15952631852609775,-0.16106469460889702,0.006897922588390841,-0.304088782992899,-0.2089579654899578,0.12344597930158767,0.19192105822295905,0.3040037029975261,-0.17493716462723288,-0.2939087450182809,-0.06581128467632658,0.13732775404352013,-0.1799033207204539,0.280225945487249,-0.6253306230624674,0.13324939612482492,-0.11064828426108127,-0.11556410947170714,-0.047627797585836726,0.030229297299039302,0.06261224144218171,-0.02873492066152327,-0.21279211264807482,0.20831432358807692,0.07920263636889995,0.11435965666365276,0.11716310958632596,0.04985188509438195,-0.3982585422383556,-0.14794419435254658,-0.527182097536192,0.011841313677167111,-0.17391176606263653,-0.15443064608993098,0.17948755233859995,-0.09998898916076926,0.028793831455578477,0.14361964268746347,-0.14141685883176314,0.2152261894245902,0.030495402052351208,0.0010211028257139532,-0.07770058504424497,-0.5005910055623404,0.43562124037723554,0.14135623914863976,-0.4932752784060561,-0.546970589359183,0.1468922708810823,0.5007981950189369,0.13409367116086163,0.5054494863807867,0.2830841364146777,-0.14277333443413762,0.01756033849140515,-0.10105586022193931,0.14836605797414115
Taliyah,0.1052023962758598,-0.46227405413973305,-0.0380630082280642,-0.07425551968467176,0.05149276892935453,-0.4297676916354043,-0.2823577530411821,-0.09027252638818098,0.11677589228755762,-0.13701526108479561,-0.25213546591511254,-0.14880738962492346,0.024829862663826262,-0.6017654781464583,-0.007463823493880656,-0.12051776526996223,0.17503483686276136,0.09312831068943615,0.015877476445210603,0.09990323591691799,0.2552137966520645,0.012050967476335453,0.34069279030661065,0.2270360235107695,0.17629730666048468,-0.511210188979143,0.11073822965432181,0.16893849371604264,0.5005029469394052,-0.30201526862131606,0.06298027637875413,-0.14214677861165143,0.024894733303134423,0.30432578807635347,0.0067546669349607315,-0.35881320618058987,-0.2579922880895798,-0.2079677967187349,-0.03175779207618674,0.021181400531293512,0.1926500844393932,-0.11285118293174126,-0.024204414035072955,-0.2925633555414133,0.5654133377110375,0.11895202122665613,0.1940474837768164,0.1021429964134031,-0.06655139331707162,-0.1366358989417432,-0.2429095303521806,0.26475908543461396,-0.20662997279925524,5.892613135515141e-05,-0.3453559329782427,-0.019979419183916422,0.3193593390038638,0.042361010730876274,0.2896686192052778,0.18863874872227912,0.14439277341310353,-0.13875839890441163,-0.6389515938840395,0.3576694646624704
Talon,-0.019970314182799428,-0.3622674319757499,-0.18733543890695645,0.19609955120084382,-0.3220922611292387,-0.5701763650720211,-0.3804501573523849,-0.34906671785365906,0.007669001030769356,-0.2566964077573697,-0.04289441178185616,0.2825677007742024,-0.2316571542581713,0.04242304069469125,0.08045016677491976,0.01198415795546561,0.36110929345509046,-0.18703346025543,0.22762171601286418,0.1185160483198309,0.2842388368297522,0.11436793396893034,0.10883795992737316,0.26467659271206695,-0.06753159823479767,-0.058771799528222715,0.32186325996909254,0.34646165060168943,0.1105842272428985,-0.08980630078759873,0.5057742875484517,0.1523878192244945,-0.09398237024417984,-0.2664449667837953,0.0727048660892254,-0.004640554829475665,-0.010934087782443452,-0.008808864946820327,-0.2199895232153044,-0.15028127652053713,0.15868361768288533,0.26945481805273086,0.10687061147731326,0.12132854558009366,0.08439519070489333,-0.38725288275180625,0.5684916291428098,0.024725765813448992,0.1177191643403399,0.016046035297962113,-0.7212364522845734,0.3145867827710054,0.2343218642308013,-0.22481339992325705,-0.4349726392223369,0.34281748819866587,0.5405980241645069,-0.13982786873045472,0.7550170340546837,-0.030588926981473696,0.2829139678009496,-0.2520910509308589,0.024068269257370267,-0.1952734718758783
Taric,0.04592667762480115,-0.17414269727608941,-0.16935159950302414,0.06158524951533644,-0.22994865902409903,-0.5087015196343276,-0.10341916314904864,0.2077800956380891,-0.3632467842933627,0.1492542044510607,-0.48980569505846994,-0.09028124684451781,0.3249297932536402,-0.13542503733491715,0.09329714082870719,-0.13224465590897694,0.01171314740334233,0.0978802763093079,0.15305163021144752,-0.1245392503847334,0.12902799135135096,-0.15908200792319205,-0.11358774777962356,0.15361779270362208,-0.18396436137122735,-0.15692691770675526,0.20516128193401115,0.1605041010835278,0.12295882333202841,-0.10777761446863261,0.3291040146289297,-0.0422844252759104,0.20138625940448765,-0.027401718698136672,-0.13589827977690583,-0.3583555616819588,0.0026692811044311906,-0.45682380259044447,-0.058895219800482686,0.06321167342227839,-0.15187098134970398,0.09132817494077974,-0.1855343123296129,-0.035078763942358586,-0.13052186991070497,-0.020408208420190078,0.2816737819606236,-0.018028126375366618,0.1603916927777978,-0.23235590674031456,-0.5799303732278726,0.1792012986031528,0.1619217861644719,-0.26436855121267255,-0.07236636840573345,0.5032597012964758,0.3552801905851414,0.15472359167213284,0.15275274155565446,0.16407144665572732,0.01901832354855376,-0.16149629484380756,-0.4027822199786202,0.05146863675057134
Teemo,-0.19684788173435971,-0.4465635959786314,0.18351190817820348,0.08765801150253971,0.034322719753238286,-0.399205055580416,-0.1277125801649438,0.10489147276218405,-0.12401123134274021,-0.055213514010150365,-0.12009487888737039,-0.1207687069423493,-0.16732727504803807,0.019612053900281798,0.13351257168605718,0.0015254025770288016,-0.0805823396240356,0.20378777244073398,0.0763803678971373,-0.011062436065098862,0.2238165041343099,-0.44335739156057946,0.10082686865557054,0.5027734602367213,-0.10239559402842992,-0.20962547281572358,0.10103217365535606,0.3007552986588384,0.11098960082393491,-0.22028083618706662,0.15559248681421448,-0.0029331253366992266,-0.0686970895302261,0.17657267646392985,0.11569626230293462,-0.14034413353259853,-0.15098330117628406,-0.10783608331303807,0.08418927545872487,0.05295980641702995,-0.045103650859827,0.12565420059990828,-0.24700709882942226,-0.029356133284669423,-0.03847759364672307,-0.09726361661119183,0.1718419596544992,-0.06364884925512165,0.1894175040720927,0.16299355078065747,-0.5220106870360358,0.11648589004683416,0.20844695610319072,-0.3364700087134367,-0.2115962051963243,0.36975462167074336,0.4085346640373046,-0.19668743526390312,0.30919542759539487,-0.005607403336734569,0.19992382008164514,-0.5707455710588343,-0.17530749653740024,-0.020769791170919805
Thresh,0.14333239837787223,-0.2185582263162101,-0.17177272493325255,0.05473638239352739,-0.05754465014661125,-0.6916676373672733,-0.3355561485857722,-0.08345883396582417,-0.18348625291181878,0.018673292128829014,-0.2583396211722202,-0.2502768047058689,0.20382143980273149,-0.3656788004883684,0.19843019467603218,-0.1904857539607945,-0.5342449474352268,-0.0009844801114014634,-0.11132637411182966,-0.07188348297689869,0.08995648181797675,0.35365363029241464,0.2743703727190281,0.26034956216349703,-0.04074571138127927,0.3070317172079378,0.19524225001151652,-0.05605836737114931,0.33576392203679445,-0.1654052378524814,0.6324626266609921,-0.10242748089342221,0.24654154792750774,-0.27841262804473593,-0.4021179503512288,-0.30595092957347725,-0.3153906362506541,-0.5972187607102232,0.41229022639622187,0.35110634193841256,0.18953373101819895,0.32861104884671244,-0.14077940327203772,0.3563427919344497,0.07416560848184696,-0.2588030368305459,0.3762555829172088,0.28122087042561544,0.14458139770970066,-0.4015235897692184,-0.0368333611325513,-0.14400720476094356,0.3014424559848393,-0.3934403989802254,0.32452855451412166,0.7152412575339773,0.17799282808326547,-0.19853468396833374,0.1421291509045032,0.39289444604752366,0.07881927983998153,-0.32400340868994304,-0.518329067773079,0.060418954933510606
Tristana,0.3878903787976141,-0.297248629939329,0.08684007933726741,0.04258183946005733,0.09331536374160523,-0.17744588342547518,0.03609673368878019,0.37211749307998515,0.12714610908355095,0.0835985228055779,-0.08598261373149879,-0.23691497141357024,0.10921480798090226,-0.43560238928291656,0.37910768699621983,-0.04361053115588235,0.0171925830118025,0.14914933966404972,0.10545368490114547,-0.4186952999096899,0.13435409995666164,-0.4775666068585797,-0.35978351625379523,-0.10739749583978067,-0.29023054317463287,-0.39747862586971405,-0.09664025408041708,0.11085916798083799,0.30763337563880705,0.04363605746390416,0.03162383298133339,-0.07653154962258597,0.32593604563037143,-0.047717217609208044,-0.05419491106191173,-0.2507853722613714,-0.001334425204058164,-0.44440873041220863,0.11351221563510318,0.2625550851164243,0.04818076550875177,0.2883736074597254,0.15562361221528598,0.37731374849448224,-0.21219333019614794,-0.024175768661559998,0.24019806771547608,0.061698601860523665,0.22284334415297175,0.3058990382737671,-0.6120565410175842,0.0014265716263297684,0.07960949605297593,-0.2600546234907694,-0.40246110884601716,-0.043687254455035976,0.018538386115520545,-0.29695275220840345,0.37023348887988716,-0.09436736888793301,0.18650856607711558,-0.6289094534740954,-0.2873189336885676,0.04930357417908212
Trundle,0.1768363839421457,-0.1183954853976693,-0.1766264773583044,-0.2920819143250035,-0.30433280344598085,-0.37823533111098867,-0.1267352471758207,-0.08511204487941905,-0.2409451417757871,0.13513955361281346,-0.14519196524764505,-0.2011579656869749,0.04476807264897397,-0.38050675189897704,0.062092853852650995,0.09620459083212778,-0.08880429836180326,0.14662824369204389,-0.062707108875102,-0.32727550499302815,0.1330714952492986,-0.2361779241613376,-0.04678590338888056,0.10054229619286278,-0.08103151608489932,0.10180398551211683,0.2803445979026427,0.10146426805698887,0.20698984300996298,-0.1297583079774571,0.07444456912765346,0.1104126570622428,-0.3841107942728195,0.14243144623578494,-0.21177898255056712,-0.23865892599749844,-0.0906485675787969,-0.34681536926481543,0.08633534420126365,0.16594356226569268,0.28591658675266624,-0.06253986891726077,0.1146411506102888,-0.1202546284211025,0.34915833575902583,-0.20880434051238694,-0.16419431643982793,0.0020651363396929434,0.18563659380432126,0.1078139700835173,-0.48429864035982323,0.25619749394593444,-0.0011109983731724385,-0.34262815408065056,-0.21246809301758757,-0.057555078718213096,0.12841085329871277,-0.1454622588375606,0.2904513400792207,0.056845437956106686,-0.040856587747397026,-0.3615546123972797,-0.23520704044225094,-0.004636474267554463
Tryndamere,0.10974269390058794,-0.2354746304300807,-0.4446580358760912,-0.06528981289188332,0.15545692437109748,-0.4808201621845111,0.09337647640757239,0.15971982612624336,-0.1104870490149141,0.22258405258986524,-0.09809631066753088,0.0685423199472735,-0.03136078656746763,-0.3192296030479944,0.0944262994904987,-0.24523433516781695,0.01667874330525951,0.035519989570908725,0.09078834692479507,0.03354235337365268,0.45579386874127104,-0.23262898858555855,-0.1299979832577823,0.15369957387449043,-0.2703249028731995,-0.03546084139271388,0.22995008794386626,0.29189908247252383,0.4212216263399277,-0.4954450977193261,-0.17297015701914245,-0.3132609074044254,0.13614677105442455,0.1628553665142639,0.11783937531129944,-0.13749829399175784,-0.25861258105916196,-0.39880565580328775,0.343165686446981,0.2589335296962224,0.0032495774924526126,-0.13150585907706083,0.035118425061311145,-0.2101473469335873,0.2646325647525093,-0.15900104675213594,0.13671593360219686,0.018122175522680153,0.07352119490149026,-0.023629717887029715,-0.3238968484038761,0.44278831119830997,0.1035798826079782,-0.2781991444065437,-0.07565080246634719,0.016243728411876976,0.21648430974611285,-0.03772494267151277,0.32505648436650825,-0.21496961064484518,-0.03793189952831303,-0.17632226943977938,-0.17486132439158453,0.18433857211061583
TwistedFate,0.1306573539315064,-0.19549312371614114,-0.004075363165709912,0.057891582568709174,-0.17512635901173149,-0.1379181145514236,0.08474706982493493,0.11105106136081219,-0.22631626821209141,0.2874920381669492,-0.015602744591685177,0.15325883915272487,0.0601253813530718,-0.17777768231819582,-0.05001811506259562,-0.2481134908819158,-0.07135746497570819,0.23967127533967564,0.05251734123873723,-0.21836170695595958,0.18659349100630468,-0.38889280139792276,0.06413672011142416,0.5493962974856955,-0.39952050977002984,0.014516512057278422,-0.08653556619432975,0.1562291505641978,0.7245159641341007,-0.6273514043650686,0.3261101000145173,0.011115009142503206,0.27458787812395324,0.19604985806988942,-0.045252596918819214,0.051532256330675846,-0.1940574728237269,-0.010155834211362976,0.236261065741531,0.4002124551139687,0.025486201098829674,-0.2821131901765164,-0.2555047162859865,0.22659775691163234,-0.0513628106659254,0.029506963977132327,-0.08168611744585699,0.005210507035179943,-0.0035276316528014906,0.06703451917596227,-0.6493792838668574,-0.008488423109310233,-0.07149803359706469,-0.16883225535878726,-0.3546658983603663,0.31681781958250743,0.03250109192473269,-0.09091338976970598,0.38687630630581715,-0.15894555774858263,-0.04158867541617529,-0.4142460486562584,-0.3588878736321568,-0.002447861728291725
Twitch,-0.248191395493241,-0.2769890947708519,-0.028799926969881637,-0.24539088692061525,0.4748600851485692,-0.3690539408430734,-0.25084146972809274,-0.038544445192029334,0.00952830563730541,0.14272083917573658,-0.2522747276425445,-0.3250214416642234,0.44541297568929444,-0.19618018561627332,0.2915804932071144,-0.1289225366089698,-0.18596894091639085,0.4107653383787585,0.05947390434104691,0.10454897408914668,0.27788099855123405,-0.18344997573202515,-0.1265664463039628,-0.029695875482577804,-0.10846283666125436,-0.27536315657344296,0.33973404326320206,0.4987081380619507,0.002703697393117378,-0.20674121577188176,0.1265805966003828,-0.10636553591892241,0.18157865515661756,0.5743324624471656,0.18353780590685748,-0.28599836541718887,0.22399932684886503,-0.3608891651055131,0.20704976233821518,-0.023499008026785492,-0.10676384488326857,0.027703341263201255,-0.2100085815802409,0.33531355873388413,0.18741346800467065,-0.30708976282775347,0.28048196713975015,-0.22593072665239422,0.06257083828271967,0.5976393889613913,-0.09093806443241469,0.056058382101992515,0.49714279062848155,-0.5794774097119011,-0.20351304693742878,-0.0062375694319463035,-0.12627999694220882,-0.10332470319634923,0.36295821779740933,0.06303434091685618,0.5497526150047455,-0.5359032264196204,0.21456442358552402,-0.230085763091528
Udyr,-0.16810177216248723,-0.6259735094195255,-0.08182053469405116,-0.06334423058623086,-0.22117630455467197,-0.5111489244810167,-0.2625432261040509,-0.3482783712503518,0.03895220716025086,-0.03196778255159736,0.004386987977724402,-0.3401169214496773,0.008372015546833837,-0.25100612933057675,0.11125538609655919,-0.007232220356880633,-0.08258044185576238,0.2552984160961386,0.007657816796160099,-0.25505620567414594,-0.04451298515970467,-0.19669909344195116,0.33671462919167217,-0.055825669606492836,-0.0797317120932166,-0.3044849777982409,0.039747013053495976,0.24384409718204564,0.22189339088172497,-0.16045812738874088,0.06637836295785768,-0.06877085476547823,-0.18416769661417523,0.04391264065353263,-0.05552087856523898,-0.06913700891883542,-0.41827227878559564,-0.37611203542187116,0.0076766713534059585,0.19415569798978574,0.10462820278819226,-0.03937915408987195,-0.07220248173000174,0.0698098350609234,0.32084077164146946,-0.054907483648156556,0.19518404933568348,-0.012651654008164597,-0.1737996742097483,0.26382786027492644,-0.213921601293177,-0.07323513340867527,0.09247684332544563,-0.3633444184233456,-0.3769457464760033,0.2913860654296319,0.2979792369540236,-0.058316679981047094,0.39032257081613514,0.23363508609191216,-0.10754204192805487,-0.20534084258827812,-0.3503515281452826,-0.1793896527271365
Urgot,0.2426162437892444,-0.11843246817048625,0.08928099887256154,-0.26532562757284645,0.04105038631668603,-0.33317832905228906,-0.273759968882625,0.09564748912422827,-0.3733460938474719,0.2692968261963272,0.035520530249666254,-0.1416985776854859,0.12006151966318614,-0.7305482382057163,0.060357879543936455,0.109451006737273,-0.2905265031822948,0.3967837818233549,0.2201761373114062,-0.3103924109597791,0.3749595236586826,-0.23185649070986894,0.051573201742656394,0.24107153136993387,-0.3120700925527158,0.026579577633973058,-0.1608595141484298,-0.015721398609140395,0.29202195020228006,-0.24861484349046958,0.30479242285017244,-0.2206051009463832,-0.2759564525989979,-0.22518144424087247,-0.14959674526555447,-0.018433415704316274,-0.10957906805213959,-0.4041384810091765,0.01246779014495902,0.5310609088825956,0.09197098496180259,0.18651993441258552,-0.2288210262235694,-0.019452381833835186,0.07048162669407741,-0.03379702421760567,0.4629982585162705,-0.14293467569769286,-0.2613994187393416,0.09975099323906803,-0.0582351057438776,0.29691324254058016,-0.09496983629250019,-0.2415112228974952,0.022615435567729162,0.32211635977190134,0.14688048834037518,-0.0007698979977080362,0.5577952318792532,-0.047879391505105263,0.0255666751181726,-0.2820986401633524,-0.26631521767087296,-0.06403566899406002
Varus,0.2092837837366762,-0.22742654101536663,0.15285589538760216,-0.39187746615193886,-0.20704298441182378,-0.20706070341235713,-0.12576293401292882,0.2639544051548091,-0.2321640281482299,0.3766030372815504,-0.31006573453494135,-0.19035331109531844,0.050539278361256476,-0.25163892119973075,0.1419304604751653,-0.09066320842791412,-0.15062498447980155,0.3259208412238708,-0.01044449949665658,-0.2599938140012313,0.4817797372853966,-0.40134691171947134,0.10735832338044475,0.3992771711340605,0.03602074507047084,0.02778691731282049,0.2597578169143821,-0.1628866577877323,0.26753474474999006,-0.20294730877580364,-0.16667915875784275,-0.06914373416989857,0.10622194465289099,0.24855378825891708,-0.05456219517116373,-0.21842089910688928,-0.06623119772985575,-0.664620619046758,-0.17764894976582934,0.180041697422394,0.14902697564100692,0.16187369675841395,-0.1949003026576657,-0.0014333189718531115,0.02482881663969157,0.021841892045897423,-0.06535469929014152,0.06562250746910465,0.31419620851416613,0.18559926937383786,-0.5808438090726917,-0.030077782202967945,-0.4053617340317109,-0.28989613068599523,-0.11566142485780366,0.24038594171206307,-0.09070494788133131,-0.21277520587151735,0.2740251573322117,-0.11389026947316001,0.19701736064683464,-0.41444794816236274,-0.07301921987878116,-0.11827104462485066
Vayne,0.2386404753204757,-0.5914570735025249,0.1374991662506058,-0.09692613917047946,-0.3084509498783703,-0.47867944287903985,-0.07775201006858204,-0.024062076200591732,0.392101377073506,0.22167642789127381,-0.084168187958518,-0.24913851625324074,-0.12245225917083336,-0.32302756342587263,0.1524404372699417,-0.15322820783806346,0.35884879194437636,0.029993913256185157,0.044341615393056845,-0.4172712380633539,0.1655024909003997,-0.05512329215411984,-0.10842371037135844,-0.06632817531740795,0.21849862180876714,-0.0819894485388956,0.47258470302138733,0.24391910999398364,0.1862386864302427,-0.6884872176447498,-0.004124397591624518,-0.1888948796953833,0.025260694010582545,-0.1832877693420824,-0.08835896483967935,-0.2375386994995002,-0.3480351688432479,-0.27263934254859545,0.21396666393506605,0.22426376386714075,0.10997231546343617,0.08524701166614171,0.10662661797976457,-0.26356793398835876,-0.0690789163289935,0.23007588679534083,-0.0042663706154383325,-0.2318168952203397,0.21029013476821168,0.23583615407591813,-0.3218795412674139,0.030361424844196076,0.05753712998649312,-0.38929377556963657,-0.10238616539371656,0.2844874403300318,0.3875426129582747,0.13437766380603527,0.27415888125507454,0.14190643633178407,0.16693612864838805,-0.14040775095587976,-0.43859273536186016,-0.18979395249271905
Veigar,0.14691101106057045,-0.5678220605800894,-0.35356680190423767,0.012539871833545605,-0.48944434496073314,-0.4791353697220531,-0.4770367713188707,-0.06916537555755753,-0.28654795870434463,0.13534954601315713,0.07814532827602469,-0.6422844119497985,0.07904391034519982,0.014490597067655481,-0.3147226247479849,-0.3520128041798815,0.1953820708534211,0.49754770937487053,0.11386801684445838,0.1510150000120225,0.13589326723233275,-0.15545687509947845,0.054294356746092044,0.022079116836961003,-0.29880103595412766,0.1450838017704188,0.13220966154518202,0.14604127121732285,0.3463234502307609,-0.2713130687335572,-0.03699094809043873,-0.17005744837813738,0.18795491122242652,-0.022644846731737736,0.28141306961401596,-0.11804006487057246,-0.3761013659190628,-0.4749175778247158,-0.23514961164514628,0.09181922681078906,-0.020866154549399815,0.09359016044716166,0.033879558535776524,-0.07392460552495501,0.25277327434889196,-0.4103194402975023,0.40735683624627944,-0.12269861941852042,0.03001982949261854,0.13118299170186942,-0.22025875684915605,0.39053121533100144,-0.1658429024069026,0.11085583815005215,-0.48201458083900806,-0.06777167328406931,-0.19349770174825626,-0.12397116112518684,0.29680172787047326,0.05051714506400698,-0.28162196220634955,0.02500030676388059,-0.3516597834755232,-0.09833195011801632
Velkoz,0.10969729363294631,0.07128511230504667,0.08068964923242873,-0.07130060247920954,-0.47532005953747347,-0.3870609516510058,-0.21880075084790115,0.12151338242312762,-0.4517254457485223,0.4664096530895958,-0.012087790812201571,-0.25972170566894204,0.12617273407681082,0.022784796036358548,0.12886708942299818,-0.03325473042637317,-0.48185128953145745,0.1948167899223267,0.13839608558237684,-0.0640242247888513,0.22220050532421218,-0.5531717589548395,0.6297731867844027,0.2557685998628669,-0.24068078130686546,-0.08132649299873006,-0.0021005956676946446,0.1588902346959799,-0.05025249474936445,-0.4469126708218994,-0.018511123473068627,-0.14900128713710362,0.0061363244288378735,0.1285051555486178,0.019798324183851832,-0.03556927007156052,-0.13190410757074336,-0.5074311866941136,-0.034030118609908865,0.2909559887237037,0.016189295311275873,0.003118044169284256,-0.2606357973101812,0.15132388012523101,0.3688144456029578,-0.2688519656048555,-0.37066909428675016,-0.1748064458790559,0.14395546523125133,-0.015250048847604787,-0.443139872834053,0.15523621373812135,0.1813994543145337,-0.49793993433989664,-0.08527951111064015,0.24950909084381295,0.19159490414103858,-0.0014903982933585484,0.2424735109673547,0.3788261070450787,0.2712846079257047,-0.17019896314469476,-0.09770901513218529,0.09830812768878966
Vex,0.0722580284843024,-0.09350619549433765,0.1250483746337573,0.1265633493525417,-0.08907506832813937,-0.4708387583611841,-0.0918712240467764,0.12730258018150634,-0.17519453273986604,0.10821872711004112,-0.21965998699012948,0.3688402063682987,-0.023599436505331257,0.07427524030919991,-0.06133126918378401,0.03364587492613533,0.03693974223982957,0.055054796415405095,-0.26263466151665216,-0.29742076980867077,-0.019538745507147525,-0.13952483605668306,0.2543349889452539,0.4419283477240027,-0.13450752667929317,-0.06230657094258358,0.43253140000748097,0.24613678855867566,0.2734345585609972,-0.31982656093718176,0.4198496148689248,0.08711932209889464,0.02785255257751307,0.03251552727144854,-0.1705540860650731,0.13419473697405332,-0.009745877262595102,-0.23953144714970948,-0.038604269981550164,0.08513245191780303,0.042050027835458435,-0.09997223780247334,-0.01024972397704529,0.19475386459308927,0.013820080824118511,-0.1791637870943599,0.2761290202407591,-0.26067071342347714,0.049499994081569694,0.3570214018395221,-0.5481025406402861,-0.004606164735069933,0.15112270120253063,-0.591385039829268,-0.25391292522371667,0.016161873674149785,0.2030923723093524,-0.27547480530862883,0.533461991259731,0.08041903247225478,0.025905959801958322,-0.13076194370002045,-0.16423958023731514,-0.07002884103491465
Vi,-0.3192945622609232,-0.6110729213018297,-0.07114175254795155,-0.03892947835461244,-0.1683337043551562,-0.4807863014525285,-0.5218965523897332,0.043240680696920636,0.01586255227771749,0.047134347828004935,-0.04483443469575848,-0.02192673055090893,0.08960599829209628,-0.1919133804965341,0.3857412667702243,-0.10080344525915413,0.12217132594045745,0.15072400770405392,-0.06294416879163384,0.10753657335337992,0.41400570726425984,0.05843189007620513,-0.12335095864967859,0.0893467942283921,0.1396071017171183,0.1361474386154323,0.43088896265449084,0.03228211320576918,0.2966757221113716,-0.34308650327567397,0.4927414515778419,-0.13435776253135037,-0.3146741452626921,0.1124183325685157,-0.09084064759024137,-0.22773043916474892,-0.020378919141119816,0.034818747982131026,0.13191675725566682,0.1381376439860992,0.06136300847966445,-0.09450638681216661,0.36772757601402056,0.09812466222639515,0.06950791154816784,-0.17196975878749018,-0.11288501601849485,-0.06719510409392804,0.1614880493196027,0.33731985352176364,-0.37272387676477736,0.26527072947274455,-0.19323098689858403,-0.2356146576463217,-0.7932478784457143,0.001614428478570447,-0.05471304214013429,-0.003401040606864772,0.3186581869654185,0.10672765864742367,0.35942240870506686,-0.37292540496211274,0.06334911857206671,-0.0762747079090388
Viego,-0.307645498837603,-0.12377838365217747,-0.07641085988463181,-0.135815097482261,-0.41984412359103396,-0.12425940301916073,0.10563181253432455,0.0040357967078583495,-0.2761941140122007,-0.05785183109097226,-0.0978266758824007,-0.1165185063617301,-0.36441902127259224,-0.252576274897399,0.4656984105104828,-0.05153133628622361,-0.16346529460254394,-0.39007258001926975,-0.1335875666606777,0.07719305006763133,0.5508208449793535,-0.15706142589139177,0.13465651728944458,0.552252153402968,-0.4497251717849123,-0.2512915607067998,0.5781651252988217,0.39752609115546184,0.07946890258640746,-0.1781156097999986,0.044212453151128255,-0.03582782018002175,-0.06222069769325737,0.055393028670054585,-0.014399299149284877,-0.4764791373016452,-0.3470102620199584,-0.2740798976885848,0.17432944464377906,0.06285029431878944,0.05308013434742178,-0.09823989060069026,0.2904464062428034,-0.23044266401612407,-0.17930995994248683,-0.2378632334730828,0.3369997027389752,-0.14547181825561334,0.2627114879178944,-0.0010608369493735326,-0.5480254557336385,0.3778114191047618,-0.4932169852407687,-0.1749551660311505,-0.009717107352366727,0.48880329914557813,0.2320557747353641,-0.1374025491258886,0.3639362455415459,-0.014677122544897078,-0.343946962406657,-0.516601588400136,-0.10153742948363174,-0.4016374415214271
Viktor,-0.06858044009192873,0.025750321856201748,0.06554961265018948,-0.2596917241357556,-0.5129235833584579,-0.41140108986058466,-0.4938120458317719,-0.20780011743006946,-0.23976935752793607,0.019717084215500936,0.11875945899257431,0.052451004709302286,0.09249092949610571,0.20164000487324235,0.44178340366413804,-0.11255931711926395,-0.26552285285783117,0.05880697780088671,0.07991952214243186,-0.18655424222822872,0.5314411466133661,-0.18565258749644237,0.3817438375744757,0.3148969533670972,-0.136392750303536,-0.19245557224409152,0.292072109554253,0.14194817953360347,0.44743304403908063,-0.6871154735728996,-0.2248956926776645,-0.1834049550816097,0.06791576773226873,0.1373326228410398,0.04361553306168829,-0.2239703133579789,-0.05111551989356958,0.014652051406441772,-0.048376064561021295,0.16933439359864497,0.0011180897021814099,0.292026970756797,0.13550058894451625,0.06762267334053583,0.040473377686204036,-0.041858780385059635,0.06524089140595789,0.02846171725616379,-0.07382605414715526,0.11644066329624939,-0.09465715776369753,0.06015058488165931,0.1436486195200526,-0.2631550117518815,-0.09603093816902245,-0.047370207132936853,-0.3855896883721822,0.1863335438593082,0.5488224616046102,0.12670833433968226,-0.14760622899189313,-0.4456306522079942,-0.7964434783924843,-0.04893847630481728
Vladimir,0.5203009988495343,-0.4943202466519316,0.002624477914028542,0.3123254712127129,-0.31539555430839544,-0.2755512845484365,-0.48122007841767583,0.17289515526070234,0.1198731105980055,0.13376065799844186,-0.10011916650242815,0.32784492984827546,-0.06787995791004497,0.11514073515850577,0.27188035287305473,0.10173696850074049,-0.1571891811371336,-0.1712589386028172,0.00498461285397514,0.09792180521140453,0.26567025413047557,-0.3313157956970625,-0.16155181527446646,0.062137814934204894,-0.4239602485114943,0.23030811076856836,0.284324596682331,0.11561125070160312,0.22248354562592051,-0.4207991119125311,0.2802599352501454,-0.04141095821132252,-0.3152173222754872,-0.20503722379592634,0.23259052445518172,0.4199865981023517,-0.23791945230134573,-0.38396235120986894,0.37776769593588094,0.32665867489222145,0.2586313117941341,0.18378912286705906,-0.29397719740765926,0.32377732280202226,0.06750102776858866,-0.16700014731632892,0.19301102641998702,-0.28705215662445155,-0.2482525043244077,0.1510569539089711,-0.5042875793147643,-0.15751456265088856,-0.15609262641022986,-0.3207033931376261,-0.3590327785707357,0.21700124584737196,0.16928544653826502,-0.32896399290256345,0.45132261123675965,0.15028616869159675,0.00035329323096784367,-0.39710888555360097,-0.01912858542142181,0.17083579352140962
Volibear,-0.0400430554822306,-0.1614351317666401,-0.1978119780264249,-0.13279762333568934,-0.24067468055876118,-0.19525760104757017,-0.5954523592344358,-0.0659373900752224,-0.1447360956917053,0.17119376093535582,-0.15374439339871193,-0.20959059091710502,0.003194960230827431,-0.29733198339950806,0.05317394974983512,-0.5863106974904588,-0.07839819322157901,0.3483892347506878,0.3155418353426553,-0.06629194599804515,0.2519240657746593,0.004664781871328862,0.10971746072450017,0.07495112359981514,-0.05603057473675913,0.07438788254860655,0.09645015969517133,0.22013799422051888,0.3110805012226917,-0.41046526388743265,-0.16937632478773343,0.2579046342577665,-0.25786473588956677,0.19385773981959895,0.014696359345205044,-0.04942780924736613,-0.3075243558128262,-0.14656486946081798,-0.11930269871195853,-0.031790927782290514,-0.060613156612857,0.17533881786594396,0.002860547137495058,-0.15521193719397075,-0.22092353461602557,0.11479671660030842,-0.008147879525481468,0.0084414441360189,0.203192646353259,0.2527486231722082,-0.3453617259966489,0.1886173002665653,-0.1475344148610294,-0.2465462910419925,-0.3544392566519587,0.02405133443820305,0.2551475522879183,-0.18974396446995329,0.4333197529423869,0.1735869459660666,-0.0005404704456583078,-0.48337226292027435,-0.43024246864053856,0.09763161442721206
Warwick,0.05862830763044939,-0.49412086999805255,-0.06644179596692103,0.24464030158623165,0.08320953513031944,-0.07469085722228588,-0.5044664096049596,-0.04266163622030808,0.007100264377920086,0.026631936160137686,-0.07461207211266428,0.08358445604328629,-0.07421105308880847,-0.16700352431116453,0.2448242998445307,-0.0014913148889632527,0.14205892963633374,-0.10780305539841877,-0.3423090347532353,0.11106520547915397,0.30634980614163165,-0.0863003625044995,-0.11856713964128701,-0.16857825711699523,-0.13746146365249928,-0.19323579193859455,-0.174366355964716,0.043899451354901704,0.665083527197444,-0.3896018264124624,0.37065411810433374,0.10270972479166895,-0.18911489303095522,0.06025992818128589,-0.03351674018092405,-0.11525466763722793,-0.15005489833164648,-0.4852231343022318,0.3331856733001277,0.23192705177196857,-0.07931330373657969,0.30727006181032873,-0.09642897176422836,-0.10939298837331463,0.36282738702727785,-0.16318637716765383,0.287262661080457,-0.10540147922986351,-0.22578739276344023,-0.008437687644153983,-0.23880550501374448,0.056108341735997,-0.07401992962087633,-0.04241621639252744,-0.4854014552033155,0.15262739700755937,0.23478141210391365,-0.3034583421780209,0.6811860653349009,0.011710368064984397,0.004846587483581962,-0.3342953261557693,-0.029218882032142884,0.10056202363341649
Xayah,0.30995281149252984,-0.08898149457315987,-0.4478083402617724,0.5081393853066967,-0.014069961881363795,-0.3286083076647825,-0.1902936224318181,0.08395375151815516,0.14522009499207977,0.19674837099907605,0.05067502023845333,-0.2835302459719911,-0.08294345604490941,0.07918096858645665,0.2719152482673895,-0.22436278934972365,0.13010882499863632,0.051248288927535246,-0.014398247465992888,0.25130586558701545,0.1498353114889491,-0.12603862926335097,0.04907870340940237,-0.22372292234525587,-0.09947459126413839,-0.4961659545622459,0.49613309671814665,-0.0795991057434924,-0.07228422384670259,-0.5021844044090177,0.055911259831997934,-0.16286658379269006,0.2887194371479421,0.39934506364469746,0.15050426622070162,-0.1143934698070209,-0.006932996626154111,-0.35475557033242205,0.19762354689270978,0.3906136916308672,0.29374061034788423,-0.2133596945333135,0.03528210883966829,0.2369242383584346,0.00412358210612879,-0.5572352325861212,0.4247033477340906,-0.17381889046888901,0.37997876184546825,-0.15417182802018786,-0.28478762187469026,0.24728215454452188,0.22001680826693895,-0.2500046023583067,-0.1572021654766781,0.3719651357282803,0.25168823443480937,0.06219248976002829,0.5168475007213558,-0.004239158448093661,0.16387317794898087,-0.1774486832878148,-0.09883032893896478,0.2264907032357739
Xerath,0.06756130247088117,-0.25300818305247313,0.1806332874428218,0.08005827524886402,-0.31751493171444506,-0.4314180001351115,-0.22998683110173346,-0.10749177685641804,-0.09251217304889522,0.08778363412386117,0.17397092642895015,-0.10386909556838121,0.03350591182863136,-0.016061427258473013,-0.034222767461519046,-0.21004768819185252,0.08247206628097067,-0.23928874780924642,0.24625529692402678,0.3429985592596451,0.26363478920409894,-0.3160984996960402,-0.026092015561077028,0.3506019940985275,-0.2481219030564111,-0.22011723606444794,0.42734053698450886,0.3148107161680311,0.2778251988445368,0.02453900152927805,0.15432746167811418,-0.05415837433679949,0.2342079396367712,-0.14670280818621953,0.4110058321824612,0.4346348307495103,-0.3850820207959631,-0.3610790799919211,-0.22249298096658968,-0.19356533076031862,0.3968981532864199,0.454962978088839,0.0003794546437522292,0.28083254919788414,0.41913638013082816,-0.09387017135041949,-0.1900266599002331,-0.03458669521183342,0.027889440525264424,0.19616682581857675,-0.2610266317248631,0.0599895925082534,-0.24948941658444013,-0.21723260054932345,-0.30941129063160994,0.24291082566390035,0.34480063327281696,0.24852835161634482,0.6725877228765814,0.2616079377899347,0.24287029911026753,-0.08634036561019803,-0.5772968719907011,-0.008065677032638746
XinZhao,-0.2725997159483328,-0.20622474183296136,-0.0861643700132163,0.05863618085176951,-0.18914702863388447,-0.33972881509831215,-0.07865890447696786,0.4103147732541967,0.04833602894166696,0.03282033771695779,-0.023187480849356984,-0.26316127574250814,0.2926326541051936,-0.3412052904753026,0.3872952953728394,-0.5257464580697891,0.11305482104963888,0.1945685022599858,-0.16902995029642107,0.20470936655780864,0.3123970072818104,-0.23754178245768723,0.09566028250428806,0.06725477729580344,0.11322216923727876,-0.0061798177188713025,0.02816512606350881,0.047215659243905694,0.3774577485723631,-0.3202484789203663,0.08362584835111078,-0.09789601584940275,-0.2595188914899405,0.09653181559781332,0.05831799231515554,-0.04786181116267068,0.22294473340537216,-0.11877079674252848,-0.24743088292153462,-0.16072979711271226,-0.07767811710113057,-0.12653987748911524,-0.061806063683398756,-0.17094090317727048,-0.11093416243630261,-0.043952796590953115,0.11162353760005769,-0.211088316781656,0.21665213949248527,0.054899446819702095,-0.47734211024195655,-0.11706373487774546,0.2817927359458364,-0.3881785313423285,-0.5927874747656527,0.42616385196272916,0.2906880214877867,-0.29341936011806335,0.79809679452143,0.20894516967222976,-0.19219088216551664,-0.26257276485496234,-0.10839496528356538,0.07742030080100297
Yasuo,0.0750002078633498,-0.39567496658457696,-0.09458359657038848,-0.28715552105414904,0.07413302221282793,-0.05916553431082012,-0.5104746778921747,0.17497242640625063,-0.6554685792477527,-0.08200508298976533,-0.4628936016922205,0.037275692560490986,-0.007743020667992557,-0.007573978729917764,0.2949512214875739,-0.09837278600889485,-0.18697122426119636,0.3440006115803175,-0.1674327437656486,0.1578302441808638,0.5468211346289059,-0.48900819797857015,0.0033220035907578554,0.5320632268519574,-0.21491365295828402,0.05614961891479008,0.10683369683811346,0.21416950766222112,0.04838481985584414,-0.37692994242461164,-0.5706360198804751,0.1962436781333971,0.05901130764391633,-0.1553513029357103,0.24744630918777,-0.03227425806528504,0.007097246072142563,-0.3251080341044432,0.15550455512600375,-0.021526430941527112,-0.18592934733786567,0.14386019211539325,-0.013280249381911257,-0.21998938491611086,0.18766100092356805,0.010945172292641137,-0.04644301350501957,0.20912564123827135,0.26586587087009994,0.1674148270130742,-0.43408808725397735,0.26692110374595474,-0.017849820936757715,-0.5438841938228165,-0.42812153510546563,0.037662326839043664,-0.14131721060948887,-0.553235956320495,0.3495524168720956,0.08760006669489918,0.20581693728051012,-0.47559862086453963,0.25974172285897723,0.12454127008607042
Yone,0.22889934502628645,-0.02621842024516041,0.16964518679587134,-0.19116828489659465,0.20425103400899491,-0.5194972810398883,0.04403064104365252,0.029006610865154003,-0.06654796826491359,0.1075620509658253,0.2314080406518167,-0.05242640825902082,0.03449738595768829,-0.28319252576206094,0.06745266240308938,-0.3424406112427973,0.27375453730713806,0.17522028073755597,0.1079140446125135,0.036217348890405524,-0.13033163379524512,-0.5704662501502179,-0.18300506361358293,0.2580346564841288,-0.1919204003428567,-0.15225851211783645,-0.20917530597299716,0.38631950109408086,0.563581992808173,0.164055236900794,0.33162001734690316,0.10321946677682915,0.18140423138066727,0.4990126363442443,0.19244621008296736,-0.45284726694642946,-0.18582947668428954,-0.44235576177145297,-0.03811649661738896,0.06382052256305759,-0.14663944497985362,0.12160595236738041,0.034772897824415304,0.06698634892049178,0.4108980627217523,0.28490668837270555,-0.004528687817734014,0.2676068725372933,0.0659434276037679,0.2731842777840669,-0.5950755607367886,0.20296805022123604,-0.2735979203803169,0.002801174987687208,-0.3274424950284443,0.24672385220566168,0.3084778670169634,-0.171669708083635,0.5497661689735629,-0.22194411113410825,-0.4066101258876704,-0.2014452477100723,-0.3645300636236997,-0.062170898530303886
Yorick,0.00035938841522945947,-0.32540759077068937,-0.07166530416028624,0.09800560446154147,-0.08266285790365002,-0.3874640700377274,-0.28890282603602996,0.01884221425776234,-0.012229120673084988,-0.09738615909843393,-0.1047611899064872,-0.008923789095322375,0.22390775436891,-0.1057592566754094,0.19607345771923104,-0.031049316067725923,0.021568736518483334,0.15819590218858107,-0.14092858200291386,0.15214660224132953,0.340450827597142,-0.3068382841573497,0.22213491963536994,0.1845569641645335,0.07482195051984791,-0.003331312753228809,0.2212012701465513,0.08923202045221096,0.10592736948405043,-0.3415712711719416,0.2122272892389767,-0.013442431971808957,0.17641852182278617,-0.03361745396032553,0.1810245656104947,-0.28666145753665473,-0.28051037470454465,-0.2529816112250661,0.1551877194873571,-0.031027557001762546,0.014700270597614147,0.18434812920324356,0.05955685351176304,-0.10224108371154639,0.2174031905031605,-0.023253109726618405,0.016946262435112307,-0.12211068670633085,-0.02731927578146631,0.27525930488589356,-0.35518070215515124,-0.051730642085974235,0.11201919188862186,-0.2713280205636296,-0.38031238330713024,0.19068221796988083,0.18934016532416612,0.01511709144895433,0.3258812091493871,0.040206545901637095,0.17782906294519688,-0.36064077231940195,-0.08032509291118593,-0.026482624565301108
Yunara,0.23591995134548394,-0.3700936406206996,-0.059133416449241354,-0.14466062665955404,-0.039065593224959,-0.4561055849729076,-0.1914246370189968,0.0303868361887103,0.08298493170095912,0.626136162784406,0.25488531331205405,0.03611907682213944,0.22109629040449946,-0.697993981800937,-0.029568114607922358,-0.06691142582620382,0.5993738449671216,0.2542219192355907,-0.4228851079307977,0.226733360707229,0.04029810631196977,0.06801136742571841,-0.1459078488065653,0.11136411167381824,-0.13576606433934899,-0.2534026298757332,0.2519757427796921,0.028122954006641273,-0.20784387039443372,0.25943079968441174,-0.18142120455110386,0.013614242615986897,0.17653386943943647,-0.21839256587170428,-0.3088425776071994,0.4363076815176086,-0.21703581702002475,-0.45149740470197414,-0.1836829060900729,0.3379801877609965,0.5131936876856412,0.17575458456310805,-0.40463413486049565,0.204741997952744,0.44925524392297167,-0.8658045348426955,0.7234709318968984,-0.23809755100735466,0.4332110543915436,0.29208575712159407,-0.50954946681931,-0.36519574756399614,-0.10748936393283577,-0.41014354062071,-0.3586168342914538,0.03359748517095225,-0.02462148779536361,-0.1207267202523466,0.48783673686409573,0.04389653547202885,0.5458335126088656,-0.5059830418578612,-0.424601278359504,-0.13976810363233413
Yuumi,-0.16248965149748706,-0.4069104558392215,-0.17745279569286873,-0.3312427565442961,-0.1611187767514607,-0.8660063154562344,-0.36110191791317675,0.29371149545613273,-0.15464029532474832,0.14341865307010992,-0.10828389845955917,-0.47421723559037954,0.09241190264051104,-0.01837915384179938,0.003964292906877141,-0.1825894580571437,0.2335786354114643,0.24014262558926533,0.29297137686345937,0.024229340423642123,0.3648769035105807,-0.06675738550707239,0.23769819610736162,0.1478424220135609,0.013250997839518674,-0.15904726113940243,-0.07256651540317154,-0.04844923127193008,-0.04684695540301403,-0.16789607300279932,0.8054877804332483,-0.007666685353664535,-0.3381324430384569,0.40077513698156836,0.11474143937088252,-0.6018511291226807,0.007485707026721541,-0.48546124882662706,-0.21996853235517982,0.26897023633558226,0.6572244297775809,-0.5121279768277768,-0.06019907099621678,0.5991664578635483,0.2002507282343382,-0.39162171715630084,0.0803469831446808,0.1548596107346803,0.0884385164187842,-0.19537314025077093,-0.4489033642721903,0.34807262454209303,-0.12568379348251488,0.143939084763945,0.08441647836912387,-0.30284413298882085,-0.005845644807894666,0.19377640004593366,0.3272409393515539,-0.20804710690881667,-0.01591245268360108,-0.10023235178353586,-0.5285688463018708,0.1267653678364949
Zaahen,-0.027135424154390214,-0.3278903808041564,-0.4286798803062413,0.4898188894865189,0.025523287338566267,-0.694123996135085,-0.39025579559833684,-0.1795095759888633,-0.32079182620512586,0.20590929585950954,-0.24472808329323456,-0.15052097846284945,-0.032079120433427415,-0.02508588986433712,0.03630044310905722,-0.20506542655567206,-0.082953481944769,0.17705501624950798,0.08663485483495516,-0.037099701690111314,0.578299540853494,0.2479699595763459,0.09787826697164002,0.22181240411912095,-0.2114002823363077,-0.4095989566186366,0.12868346726533203,0.2694216081026786,0.6355268919377476,-0.4862353816375135,0.18512179709684112,-0.03370510123379084,-0.05942414136274041,-0.008583209911481494,-0.1553728317460947,0.013573779038764743,-0.42049383986482447,0.1855402671158266,-0.024384898957321165,0.47536982035304925,-0.08201155464045301,0.37128770643216685,0.22993217674686225,-0.2280109101152538,0.30421616326241074,0.11089865229538497,-0.003906684836206792,0.0012558172118443804,0.1343582246609645,0.1804991399695739,-0.1664165335459555,0.18645772141704883,-0.44900907991900507,0.10806187149500379,-0.3856641544329102,0.10507423526256886,0.3104916899528076,-0.253507885725967,0.17587452502423467,-0.1641136739898298,0.27072995096976,-0.1490689104270821,-0.7532604486180283,-0.21788556064444095
Zac,0.265737187665443,-0.08808084749196826,-0.18921051157721983,-0.08621733789275872,0.07431461864296715,-0.20258940325810498,-0.40365801463056455,0.1271408665303025,-0.37086474439562367,0.2769068457967915,0.15135706492350437,0.08317183292355092,0.059339593542353616,-0.35722597075402934,0.3670818813430883,-0.21361121465166727,-0.1426612149614556,0.209892508035206,-0.0465108243137457,0.20901144267723265,0.04105514880410008,-0.21621166322235,0.30519862312605905,0.0051735045937253196,-0.3087765128828404,-0.29562358399591865,0.21141385514793473,-0.1711075217804989,0.3251794235329721,-0.06800556971642464,0.05329435828188984,0.06371151587599538,-0.025766093190573967,0.02904403285804731,-0.011006743506679012,0.052389196444009176,-0.33232746893211895,-0.30894924002067153,-0.13847719267971062,0.07627810336199568,0.2066280358940936,-0.1076889041758429,-0.24463246128925978,-0.34041737453117527,0.1592798303226116,-0.05479499726921783,-0.13098891237630425,0.14876526363174747,-0.16451669291115567,0.01169471604266981,-0.045628134742255036,0.14651853949838203,0.2966424097637547,-0.2542384753566055,-0.45002141013139385,0.2310225022995072,0.3403034690323792,-0.3603262723305417,0.8225686055640178,0.08513205847284755,0.31615222506306795,-0.42685038228620575,-0.30430105565647186,-0.1532407678053355
Zed,0.4413930239107653,-0.16344445509552089,-0.3720330843926755,0.15091324380414975,0.2758551311952773,-0.18937414489357482,0.399119792942237,0.06134897998688189,-0.3466552038934766,0.4280900539220543,-0.4407864318409963,0.11296049894843674,0.479885620132569,-0.21329043860957175,0.6290483721797892,0.21491640368014295,0.13398264845349075,0.08283245827829878,0.024151964716323818,-0.1986969163291123,0.018034207697923816,-0.3022867755771067,0.22083138616749337,0.04086590206987124,-0.2919253779948683,-0.0502144112282089,-0.23774665015352442,0.26368687711137906,0.5007158359589835,-0.08043565070798789,0.33592378444198123,0.1797887813220003,-0.09972051446455563,0.34150456162816095,-0.02452030366219089,-0.49040248367087175,0.08109169511894908,-0.46820135961184245,0.22440012529570807,-0.032234726547787536,-0.25420305438135493,-0.1853104155375253,0.1746494141058414,-0.09245882718222385,0.32933792232638337,-0.35154632101656175,-0.10219443383483161,-0.1358659270814411,-0.31831436617054887,0.05052540473572393,-0.1437207176768439,0.172137709992198,0.4079460633594163,-0.2277701113489254,-0.17517406845450909,-0.03604385290306186,-0.02891491155831575,-0.11924895557370006,0.5555991948830739,0.4682912375638709,-0.3193370878701748,-0.7395957329660467,-0.30638548748438743,-0.5342857494256178
Zeri,0.0704219134351325,-0.22487439442187054,-0.3397907782850457,-0.14398333960821005,0.10792423314664726,-0.39462122843820285,-0.223076257551907,0.2915561799724229,-0.11093424477960684,0.42882950715113033,0.18915322192146264,-0.1449482098546036,0.07205554813263726,-0.13668241293202463,0.44077573278829824,0.1575969126930962,0.16346626064328548,0.5673740672968199,0.03838860960928334,-0.1552336603457293,0.03941595459865115,-0.3345008478951117,0.12749971687336462,-0.08975031360880895,-0.11044074185881919,-0.2054502774760541,0.20189290370433224,-0.08229100830724528,0.2590843322499761,-0.12517236829521947,-0.31351030363956156,0.049162137963160234,0.14972229397061323,0.3074803635928606,0.25211139160554585,-0.2165122464267257,-0.10542801352720285,-0.11594942830606791,-0.07352774720309262,0.398688901169658,0.2757666344518879,0.09997349275840227,0.14138399082577227,0.02815527801027508,0.22480070468123947,-0.20915297029595745,-0.1536584863755474,-0.0012803497131250404,0.21785858770885486,0.2521588638459859,-0.269401603859223,0.3349950671114041,0.031994739816424325,-0.06610607717239939,-0.40470841330909957,0.09369382127478508,0.07711424176543112,0.10952758249753324,0.46861054389345347,0.05229661762751297,0.5150614143293596,-0.41624232760520735,-0.21189758721818674,-0.15679317824989628
Ziggs,0.03624449674578432,-0.10851667906878053,-0.11794388723778745,0.22331400801126278,-0.18453707513524745,-0.4434348999177403,-0.21476124811955177,-0.3505387786408591,-0.03715102847181901,0.21358998295145173,-0.13588049548050804,-0.1868417480837216,-0.16626345353163852,-0.2044873803152612,-0.01790387358034169,-0.2910740769163474,0.10502809124807931,0.2740877253429672,0.3997591223280074,-0.2363005846276716,-0.12210582148268583,-0.09792429854414945,0.06009592364081619,0.17917003648027124,0.075946906614781,-0.0641070214751201,0.14293704088505615,0.02127406598319199,0.11849995717341487,-0.45326206549516884,-0.363603764861002,0.0005845076983496758,-0.11353768268114568,-0.24158999026470582,-0.3859463617170262,0.29196115865224875,-0.02491572930669125,-0.41235651544798824,-0.07496023974943716,0.3384567340253123,0.2926881249332261,-0.021108951166123737,-0.20643281963022103,0.2914052913239769,0.16948861804645796,-0.2053911779725187,-0.03195737271803402,-0.17068808699950733,-0.11068928414181453,0.2746517995667425,-0.37074015789908044,-0.03427275149145684,0.13008044325744855,-0.5124603883341801,-0.3605882159832585,0.1722724889565202,0.16535018239677535,-0.3505540339553757,0.2580740358841419,0.4473932790996281,0.02547095060415809,-0.3477790572856067,-0.56185309320396,0.038486573052628634
Zilean,-0.027750113003791713,-0.6247490036065876,-0.1583763077235122,0.20829686470856923,-0.10891124526735868,-0.39755683269401887,-0.2872649061931486,-0.25513465541423075,-0.1319042178565385,0.16812885351888426,0.0030985858036872266,-0.3954894017792369,0.08801281768233564,-0.853306330874176,0.12136171601255392,0.07807170034067198,0.10511568345639931,0.001530612652338982,0.03568338271029412,-0.07816084984941578,0.39753517028778135,-0.3132559954759309,-0.06459690543244366,0.09378436466178769,0.41336735812355074,0.07487120006669984,0.5983266347463828,-0.2773693661050112,0.18933393703406448,-0.2708586954301185,0.15535117859441142,-0.09029038529531229,-0.11510158771584034,0.1836103606511119,-0.029812639427489483,0.2247819933856589,-0.10309528441156811,-0.2527158649425495,0.16065285872603957,-0.029069245957119988,0.3644877593213617,-0.17063448457626668,0.152590168500048,0.620218096647956,0.4471422066678561,0.056612207563062546,0.12787101741677998,-0.19764029273444392,0.013284804597809634,-0.15983125174142496,-0.3906155669569886,0.346175595261819,0.0918490430250674,-0.22969166632844698,-0.02626874058362944,0.2211216286959958,0.09641911259193153,-0.2635830002018117,0.14988357950023115,0.3455758887565235,0.2111600397081663,-0.3818765619120252,-0.36981890322498295,0.19480684543938007
Zoe,0.24605199955871915,-0.40977492344711697,-0.4596168334083802,-0.08606903522430759,-0.23314751497666594,-0.5290173389740603,-0.15873916994317142,-0.012585372284072761,-0.04766589273416858,0.16077068880780135,0.0748038081327325,-0.0796905608821014,0.26370413179100893,-0.23966665221898117,-0.23150023611714168,-0.20345932682127194,0.045098881315905316,0.1354486835141991,0.060028555048836266,0.009693693558059026,-0.004273094881868645,-0.2839372515497556,0.027136170599882443,0.5307796921922893,-0.4231068282142882,-0.20362828014026685,0.132684412441474,-0.14343373605501292,0.6033211595749729,-0.3678951276299297,-0.002118034227442405,0.3927387971617728,0.13856818630005802,-0.2550233189740844,-0.20739148396801702,-0.32637567532427575,-0.06728072120210553,-0.48545277074753335,0.19878490157449827,0.1715038200362027,-0.04423529466311909,0.13135378363458308,-0.3441111493153615,0.13058715406081625,0.3409788499008572,-0.01513391092785524,-0.0607671003046489,0.3627153699119017,-0.21729811236138932,0.21687062559005796,-0.4579915006994427,0.21915245290476834,-0.20478468189752344,0.1436762785613736,-0.7183133567809145,-0.012110147600102133,0.07923961686135687,-0.10218196317294499,0.2108626937789828,0.09733908174847442,-0.2764727700347229,-0.1047928954221941,-0.5104227915285359,-0.3951835552072154
Zyra,-0.266136368584328,-0.458160171308367,0.053830897223810355,-0.0933946187889321,-0.1327142362148238,-0.46519655039452246,-0.16884018625223102,0.27468173872393015,-0.25360778516363736,-0.07249560951351552,0.10090998261697662,-0.19801581977279545,0.32641251079912903,-0.012267428724437568,0.1873908223957937,-0.4332914147084311,-0.22546742107505832,0.09184393469095394,0.1844109452871579,-0.17467786665828142,0.3784777845962265,-0.565949848034626,0.17458646454762397,0.25709022766003,-0.12407112251983275,0.22054698010574608,0.2558966087918871,0.17369963368612895,-0.008259765092233503,-0.02068200786699555,0.37430870980142106,0.1186981866536059,-0.009095391227361466,0.2863656175096386,-0.145748642769724,-0.2138353231998439,-0.1243033162976179,-0.34202641593111394,0.03220382022540969,0.13828508474513984,0.10873351909811313,-0.06433998405273046,-0.08716682697702714,-0.1368571846479047,0.33086721199045055,-0.1537260002388115,0.028210468619781215,-0.18483622835551825,-0.13146977861907905,0.24104613678922612,-0.5661146241132332,0.12362603556714688,-0.07026413163658474,0.07388399351249028,-0.3012486891563797,0.47644253569593437,0.20456903935749138,-0.15607168442124073,-0.026490866891179837,0.0967042471857222,-0.13110595560599256,-0.4816164630033627,-0.2913206806685943,0.008157093117719163
