match_id,champion_id,champion_name,team_id,position,win,kills,deaths,assists
NA1_5513264837,41,Gangplank,100,TOP,False,7,9,7
NA1_5513264837,245,Ekko,100,JUNGLE,False,2,6,4
NA1_5513264837,61,Orianna,100,MIDDLE,False,1,5,4
NA1_5513264837,21,MissFortune,100,BOTTOM,False,7,2,3
NA1_5513264837,147,Seraphine,100,UTILITY,False,1,2,6
NA1_5513264837,13,Ryze,200,TOP,True,4,8,13
NA1_5513264837,234,Viego,200,JUNGLE,True,10,2,5
NA1_5513264837,157,Yasuo,200,MIDDLE,True,7,4,5
NA1_5513264837,51,Caitlyn,200,BOTTOM,True,3,3,2
NA1_5513264837,267,Nami,200,UTILITY,True,0,1,8
NA1_5502914490,78,Poppy,100,TOP,True,4,6,12
NA1_5502914490,64,LeeSin,100,JUNGLE,True,14,11,6
NA1_5502914490,142,Zoe,100,MIDDLE,True,8,8,8
NA1_5502914490,67,Vayne,100,BOTTOM,True,9,11,6
NA1_5502914490,267,Nami,100,UTILITY,True,2,5,21
NA1_5502914490,266,Aatrox,200,TOP,False,5,7,6
NA1_5502914490,5,XinZhao,200,JUNGLE,False,9,7,11
NA1_5502914490,777,Yone,200,MIDDLE,False,6,10,9
NA1_5502914490,161,Velkoz,200,BOTTOM,False,13,7,16
NA1_5502914490,101,Xerath,200,UTILITY,False,8,6,20
NA1_5503963059,8,Vladimir,100,TOP,False,3,5,8
NA1_5503963059,234,Viego,100,JUNGLE,False,15,12,6
NA1_5503963059,84,Akali,100,MIDDLE,False,9,9,1
NA1_5503963059,21,MissFortune,100,BOTTOM,False,10,6,11
NA1_5503963059,497,Rakan,100,UTILITY,False,0,9,23
NA1_5503963059,164,Camille,200,TOP,True,5,8,10
NA1_5503963059,421,RekSai,200,JUNGLE,True,14,4,14
NA1_5503963059,893,Aurora,200,MIDDLE,True,4,10,18
NA1_5503963059,202,Jhin,200,BOTTOM,True,11,6,9
NA1_5503963059,432,Bard,200,UTILITY,True,7,9,23
NA1_5500950265,157,Yasuo,100,TOP,False,3,8,2
NA1_5500950265,54,Malphite,100,JUNGLE,False,3,9,6
NA1_5500950265,105,Fizz,100,MIDDLE,False,3,6,2
NA1_5500950265,901,Smolder,100,BOTTOM,False,1,8,4
NA1_5500950265,235,Senna,100,UTILITY,False,5,4,6
NA1_5500950265,41,Gangplank,200,TOP,True,5,4,8
NA1_5500950265,104,Graves,200,JUNGLE,True,10,3,10
NA1_5500950265,127,Lissandra,200,MIDDLE,True,8,2,10
NA1_5500950265,202,Jhin,200,BOTTOM,True,4,4,11
NA1_5500950265,101,Xerath,200,UTILITY,True,8,2,15
NA1_5514134959,92,Riven,100,TOP,False,3,4,1
NA1_5514134959,80,Pantheon,100,JUNGLE,False,1,6,2
NA1_5514134959,55,Katarina,100,MIDDLE,False,6,4,0
NA1_5514134959,51,Caitlyn,100,BOTTOM,False,3,2,0
NA1_5514134959,99,Lux,100,UTILITY,False,0,6,6
NA1_5514134959,131,Diana,200,TOP,True,2,3,3
NA1_5514134959,104,Graves,200,JUNGLE,True,8,2,1
NA1_5514134959,777,Yone,200,MIDDLE,True,4,2,5
NA1_5514134959,81,Ezreal,200,BOTTOM,True,5,1,1
NA1_5514134959,518,Neeko,200,UTILITY,True,3,5,6
NA1_5491183429,106,Volibear,100,TOP,False,3,8,6
NA1_5491183429,120,Hecarim,100,JUNGLE,False,11,11,9
NA1_5491183429,84,Akali,100,MIDDLE,False,9,8,0
NA1_5491183429,45,Veigar,100,BOTTOM,False,7,7,10
NA1_5491183429,14,Sion,100,UTILITY,False,5,14,11
NA1_5491183429,799,Ambessa,200,TOP,True,16,4,6
NA1_5491183429,91,Talon,200,JUNGLE,True,8,11,17
NA1_5491183429,126,Jayce,200,MIDDLE,True,13,4,5
NA1_5491183429,110,Varus,200,BOTTOM,True,7,11,9
NA1_5491183429,201,Braum,200,UTILITY,True,4,5,17
NA1_5486754862,516,Ornn,100,TOP,True,1,8,13
NA1_5486754862,246,Qiyana,100,JUNGLE,True,5,5,20
NA1_5486754862,38,Kassadin,100,MIDDLE,True,22,7,10
NA1_5486754862,804,Yunara,100,BOTTOM,True,15,8,6
NA1_5486754862,267,Nami,100,UTILITY,True,0,7,31
NA1_5486754862,122,Darius,200,TOP,False,7,8,6
NA1_5486754862,904,Zaahen,200,JUNGLE,False,5,6,8
NA1_5486754862,142,Zoe,200,MIDDLE,False,13,7,5
NA1_5486754862,22,Ashe,200,BOTTOM,False,4,13,14
NA1_5486754862,89,Leona,200,UTILITY,False,6,9,13
NA1_5487003259,107,Rengar,100,TOP,True,3,6,6
NA1_5487003259,35,Shaco,100,JUNGLE,True,5,10,8
NA1_5487003259,38,Kassadin,100,MIDDLE,True,14,6,6
NA1_5487003259,523,Aphelios,100,BOTTOM,True,7,5,12
NA1_5487003259,43,Karma,100,UTILITY,True,4,5,15
NA1_5487003259,36,DrMundo,200,TOP,False,10,7,1
NA1_5487003259,427,Ivern,200,JUNGLE,False,1,1,18
NA1_5487003259,84,Akali,200,MIDDLE,False,10,7,4
NA1_5487003259,235,Senna,200,BOTTOM,False,3,9,13
NA1_5487003259,50,Swain,200,UTILITY,False,8,9,10
NA1_5504501472,517,Sylas,100,TOP,False,9,9,4
NA1_5504501472,98,Shen,100,JUNGLE,False,4,2,7
NA1_5504501472,777,Yone,100,MIDDLE,False,2,12,4
NA1_5504501472,157,Yasuo,100,BOTTOM,False,2,5,4
NA1_5504501472,267,Nami,100,UTILITY,False,0,4,9
NA1_5504501472,75,Nasus,200,TOP,True,9,5,5
NA1_5504501472,154,Zac,200,JUNGLE,True,4,0,14
NA1_5504501472,115,Ziggs,200,MIDDLE,True,12,4,6
NA1_5504501472,42,Corki,200,BOTTOM,True,6,4,6
NA1_5504501472,43,Karma,200,UTILITY,True,1,4,19
NA1_5498482629,85,Kennen,100,TOP,True,5,11,8
NA1_5498482629,154,Zac,100,JUNGLE,True,7,3,10
NA1_5498482629,86,Garen,100,MIDDLE,True,2,9,6
NA1_5498482629,81,Ezreal,100,BOTTOM,True,13,3,8
NA1_5498482629,26,Zilean,100,UTILITY,True,2,4,19
NA1_5498482629,5,XinZhao,200,TOP,False,13,3,6
NA1_5498482629,120,Hecarim,200,JUNGLE,False,6,4,12
NA1_5498482629,163,Taliyah,200,MIDDLE,False,5,4,9
NA1_5498482629,21,MissFortune,200,BOTTOM,False,4,10,7
NA1_5498482629,127,Lissandra,200,UTILITY,False,2,8,13
NA1_5495161301,904,Zaahen,100,TOP,True,4,4,6
NA1_5495161301,36,DrMundo,100,JUNGLE,True,8,2,4
NA1_5495161301,4,TwistedFate,100,MIDDLE,True,7,0,7
NA1_5495161301,523,Aphelios,100,BOTTOM,True,11,4,8
NA1_5495161301,44,Taric,100,UTILITY,True,3,4,24
NA1_5495161301,82,Mordekaiser,200,TOP,False,7,5,1
NA1_5495161301,203,Kindred,200,JUNGLE,False,1,8,2
NA1_5495161301,777,Yone,200,MIDDLE,False,1,6,1
NA1_5495161301,63,Brand,200,BOTTOM,False,4,8,3
NA1_5495161301,267,Nami,200,UTILITY,False,1,6,6
NA1_5502417268,17,Teemo,100,TOP,False,0,8,9
NA1_5502417268,266,Aatrox,100,JUNGLE,False,11,10,8
NA1_5502417268,157,Yasuo,100,MIDDLE,False,3,14,7
NA1_5502417268,145,Kaisa,100,BOTTOM,False,5,11,3
NA1_5502417268,111,Nautilus,100,UTILITY,False,5,11,8
NA1_5502417268,41,Gangplank,200,TOP,True,11,6,6
NA1_5502417268,78,Poppy,200,JUNGLE,True,6,5,19
NA1_5502417268,238,Zed,200,MIDDLE,True,14,5,17
NA1_5502417268,895,Nilah,200,BOTTOM,True,20,4,5
NA1_5502417268,99,Lux,200,UTILITY,True,3,4,23
NA1_5519454297,82,Mordekaiser,100,TOP,True,7,3,6
NA1_5519454297,234,Viego,100,JUNGLE,True,10,3,4
NA1_5519454297,103,Ahri,100,MIDDLE,True,5,3,14
NA1_5519454297,147,Seraphine,100,BOTTOM,True,4,2,8
NA1_5519454297,37,Sona,100,UTILITY,True,1,4,11
NA1_5519454297,58,Renekton,200,TOP,False,4,9,1
NA1_5519454297,104,Graves,200,JUNGLE,False,5,3,5
NA1_5519454297,711,Vex,200,MIDDLE,False,3,8,3
NA1_5519454297,145,Kaisa,200,BOTTOM,False,2,3,5
NA1_5519454297,111,Nautilus,200,UTILITY,False,1,4,8
NA1_5503435976,92,Riven,100,TOP,False,12,7,7
NA1_5503435976,234,Viego,100,JUNGLE,False,9,11,6
NA1_5503435976,38,Kassadin,100,MIDDLE,False,2,13,9
NA1_5503435976,523,Aphelios,100,BOTTOM,False,14,13,6
NA1_5503435976,902,Milio,100,UTILITY,False,1,10,17
NA1_5503435976,79,Gragas,200,TOP,True,5,4,12
NA1_5503435976,5,XinZhao,200,JUNGLE,True,9,11,17
NA1_5503435976,41,Gangplank,200,MIDDLE,True,25,9,7
NA1_5503435976,22,Ashe,200,BOTTOM,True,12,7,13
NA1_5503435976,89,Leona,200,UTILITY,True,3,7,26
NA1_5491668588,14,Sion,100,TOP,False,2,3,2
NA1_5491668588,102,Shyvana,100,JUNGLE,False,2,6,4
NA1_5491668588,950,Naafiri,100,MIDDLE,False,2,9,3
NA1_5491668588,523,Aphelios,100,BOTTOM,False,4,6,2
NA1_5491668588,50,Swain,100,UTILITY,False,2,8,6
NA1_5491668588,421,RekSai,200,TOP,True,2,2,4
NA1_5491668588,9,FiddleSticks,200,JUNGLE,True,14,2,10
NA1_5491668588,238,Zed,200,MIDDLE,True,7,3,8
NA1_5491668588,22,Ashe,200,BOTTOM,True,8,3,9
NA1_5491668588,43,Karma,200,UTILITY,True,1,2,18
NA1_5499669487,19,Warwick,100,TOP,True,2,8,11
NA1_5499669487,75,Nasus,100,JUNGLE,True,13,2,14
NA1_5499669487,163,Taliyah,100,MIDDLE,True,8,1,12
NA1_5499669487,523,Aphelios,100,BOTTOM,True,12,6,5
NA1_5499669487,53,Blitzcrank,100,UTILITY,True,2,10,15
NA1_5499669487,92,Riven,200,TOP,False,4,7,6
NA1_5499669487,876,Lillia,200,JUNGLE,False,6,4,9
NA1_5499669487,80,Pantheon,200,MIDDLE,False,6,10,8
NA1_5499669487,96,KogMaw,200,BOTTOM,False,8,9,10
NA1_5499669487,117,Lulu,200,UTILITY,False,2,7,17
NA1_5483133690,6,Urgot,100,TOP,False,5,2,1
NA1_5483133690,91,Talon,100,JUNGLE,False,2,10,5
NA1_5483133690,777,Yone,100,MIDDLE,False,2,6,1
NA1_5483133690,147,Seraphine,100,BOTTOM,False,2,1,4
NA1_5483133690,37,Sona,100,UTILITY,False,0,4,6
NA1_5483133690,92,Riven,200,TOP,True,3,1,4
NA1_5483133690,131,Diana,200,JUNGLE,True,8,2,6
NA1_5483133690,711,Vex,200,MIDDLE,True,10,2,4
NA1_5483133690,901,Smolder,200,BOTTOM,True,2,2,5
NA1_5483133690,16,Soraka,200,UTILITY,True,0,4,9
NA1_5505929835,777,Yone,100,TOP,False,3,12,0
NA1_5505929835,950,Naafiri,100,JUNGLE,False,4,7,2
NA1_5505929835,154,Zac,100,MIDDLE,False,0,9,3
NA1_5505929835,63,Brand,100,BOTTOM,False,3,7,2
NA1_5505929835,267,Nami,100,UTILITY,False,1,4,6
NA1_5505929835,86,Garen,200,TOP,True,12,1,8
NA1_5505929835,126,Jayce,200,JUNGLE,True,16,3,2
NA1_5505929835,142,Zoe,200,MIDDLE,True,5,3,6
NA1_5505929835,804,Yunara,200,BOTTOM,True,1,2,16
NA1_5505929835,37,Sona,200,UTILITY,True,4,2,15
NA1_5491269403,36,DrMundo,100,TOP,True,3,5,4
NA1_5491269403,79,Gragas,100,JUNGLE,True,9,0,3
NA1_5491269403,157,Yasuo,100,MIDDLE,True,13,3,6
NA1_5491269403,29,Twitch,100,BOTTOM,True,6,3,2
NA1_5491269403,12,Alistar,100,UTILITY,True,0,6,10
NA1_5491269403,41,Gangplank,200,TOP,False,6,7,2
NA1_5491269403,91,Talon,200,JUNGLE,False,1,5,7
NA1_5491269403,517,Sylas,200,MIDDLE,False,4,10,1
NA1_5491269403,804,Yunara,200,BOTTOM,False,4,6,3
NA1_5491269403,40,Janna,200,UTILITY,False,2,3,9
NA1_5483770941,897,KSante,100,TOP,True,7,4,4
NA1_5483770941,904,Zaahen,100,JUNGLE,True,7,2,3
NA1_5483770941,86,Garen,100,MIDDLE,True,1,4,1
NA1_5483770941,804,Yunara,100,BOTTOM,True,7,3,3
NA1_5483770941,117,Lulu,100,UTILITY,True,1,3,9
NA1_5483770941,84,Akali,200,TOP,False,3,8,5
NA1_5483770941,200,Belveth,200,JUNGLE,False,6,5,8
NA1_5483770941,106,Volibear,200,MIDDLE,False,4,3,5
NA1_5483770941,222,Jinx,200,BOTTOM,False,2,5,6
NA1_5483770941,40,Janna,200,UTILITY,False,1,2,7
NA1_5504821709,126,Jayce,100,TOP,False,2,3,1
NA1_5504821709,102,Shyvana,100,JUNGLE,False,1,4,0
NA1_5504821709,9,FiddleSticks,100,MIDDLE,False,1,6,0
NA1_5504821709,15,Sivir,100,BOTTOM,False,1,6,3
NA1_5504821709,267,Nami,100,UTILITY,False,1,5,3
NA1_5504821709,516,Ornn,200,TOP,True,1,3,7
NA1_5504821709,104,Graves,200,JUNGLE,True,9,0,6
NA1_5504821709,103,Ahri,200,MIDDLE,True,6,0,5
NA1_5504821709,63,Brand,200,BOTTOM,True,5,3,4
NA1_5504821709,40,Janna,200,UTILITY,True,3,0,15
NA1_5499671657,240,Kled,100,TOP,True,3,9,4
NA1_5499671657,76,Nidalee,100,JUNGLE,True,4,3,9
NA1_5499671657,91,Talon,100,MIDDLE,True,19,7,4
NA1_5499671657,498,Xayah,100,BOTTOM,True,2,3,7
NA1_5499671657,902,Milio,100,UTILITY,True,0,1,15
NA1_5499671657,80,Pantheon,200,TOP,False,10,4,5
NA1_5499671657,35,Shaco,200,JUNGLE,False,2,7,7
NA1_5499671657,9,FiddleSticks,200,MIDDLE,False,3,9,4
NA1_5499671657,51,Caitlyn,200,BOTTOM,False,7,4,3
NA1_5499671657,201,Braum,200,UTILITY,False,1,4,9
NA1_5471128452,126,Jayce,100,TOP,True,8,6,8
NA1_5471128452,120,Hecarim,100,JUNGLE,True,10,2,8
NA1_5471128452,38,Kassadin,100,MIDDLE,True,7,1,9
NA1_5471128452,67,Vayne,100,BOTTOM,True,10,4,10
NA1_5471128452,40,Janna,100,UTILITY,True,3,1,16
NA1_5471128452,84,Akali,200,TOP,False,4,8,1
NA1_5471128452,92,Riven,200,JUNGLE,False,4,7,3
NA1_5471128452,246,Qiyana,200,MIDDLE,False,3,8,2
NA1_5471128452,804,Yunara,200,BOTTOM,False,3,8,0
NA1_5471128452,497,Rakan,200,UTILITY,False,0,7,3
NA1_5501435538,777,Yone,100,TOP,False,6,6,0
NA1_5501435538,64,LeeSin,100,JUNGLE,False,10,10,5
NA1_5501435538,105,Fizz,100,MIDDLE,False,5,7,6
NA1_5501435538,222,Jinx,100,BOTTOM,False,2,8,7
NA1_5501435538,12,Alistar,100,UTILITY,False,1,13,4
NA1_5501435538,85,Kennen,200,TOP,True,4,5,8
NA1_5501435538,254,Vi,200,JUNGLE,True,14,3,10
NA1_5501435538,3,Galio,200,MIDDLE,True,11,5,18
NA1_5501435538,29,Twitch,200,BOTTOM,True,13,7,10
NA1_5501435538,526,Rell,200,UTILITY,True,2,4,29
NA1_5488474534,904,Zaahen,100,TOP,True,10,9,8
NA1_5488474534,35,Shaco,100,JUNGLE,True,10,5,17
NA1_5488474534,61,Orianna,100,MIDDLE,True,5,6,18
NA1_5488474534,67,Vayne,100,BOTTOM,True,15,10,9
NA1_5488474534,117,Lulu,100,UTILITY,True,0,6,30
NA1_5488474534,777,Yone,200,TOP,False,7,8,8
NA1_5488474534,876,Lillia,200,JUNGLE,False,8,5,18
NA1_5488474534,134,Syndra,200,MIDDLE,False,5,8,9
NA1_5488474534,81,Ezreal,200,BOTTOM,False,11,7,10
NA1_5488474534,99,Lux,200,UTILITY,False,4,12,16
NA1_5500971864,58,Renekton,100,TOP,False,1,11,8
NA1_5500971864,233,Briar,100,JUNGLE,False,26,7,7
NA1_5500971864,84,Akali,100,MIDDLE,False,8,6,9
NA1_5500971864,29,Twitch,100,BOTTOM,False,14,8,9
NA1_5500971864,43,Karma,100,UTILITY,False,1,11,25
NA1_5500971864,122,Darius,200,TOP,True,12,9,5
NA1_5500971864,203,Kindred,200,JUNGLE,True,12,6,6
NA1_5500971864,238,Zed,200,MIDDLE,True,3,14,6
NA1_5500971864,77,Udyr,200,BOTTOM,True,14,9,14
NA1_5500971864,37,Sona,200,UTILITY,True,2,12,26
NA1_5503383892,114,Fiora,100,TOP,True,10,2,3
NA1_5503383892,48,Trundle,100,JUNGLE,True,5,3,3
NA1_5503383892,799,Ambessa,100,MIDDLE,True,7,3,3
NA1_5503383892,202,Jhin,100,BOTTOM,True,5,3,8
NA1_5503383892,34,Anivia,100,UTILITY,True,5,3,3
NA1_5503383892,150,Gnar,200,TOP,False,2,10,3
NA1_5503383892,154,Zac,200,JUNGLE,False,6,4,3
NA1_5503383892,893,Aurora,200,MIDDLE,False,1,7,8
NA1_5503383892,523,Aphelios,200,BOTTOM,False,4,6,1
NA1_5503383892,888,Renata,200,UTILITY,False,1,5,7
NA1_5517133320,6,Urgot,100,TOP,False,6,8,3
NA1_5517133320,24,Jax,100,JUNGLE,False,3,7,4
NA1_5517133320,90,Malzahar,100,MIDDLE,False,4,7,6
NA1_5517133320,63,Brand,100,BOTTOM,False,4,10,3
NA1_5517133320,235,Senna,100,UTILITY,False,1,7,4
NA1_5517133320,266,Aatrox,200,TOP,True,4,7,11
NA1_5517133320,36,DrMundo,200,JUNGLE,True,10,2,11
NA1_5517133320,105,Fizz,200,MIDDLE,True,5,5,9
NA1_5517133320,222,Jinx,200,BOTTOM,True,17,3,6
NA1_5517133320,117,Lulu,200,UTILITY,True,3,1,24
NA1_5497719733,27,Singed,100,TOP,True,5,7,9
NA1_5497719733,234,Viego,100,JUNGLE,True,15,4,12
NA1_5497719733,96,KogMaw,100,MIDDLE,True,8,3,4
NA1_5497719733,145,Kaisa,100,BOTTOM,True,10,5,5
NA1_5497719733,201,Braum,100,UTILITY,True,4,5,15
NA1_5497719733,157,Yasuo,200,TOP,False,7,3,2
NA1_5497719733,24,Jax,200,JUNGLE,False,0,13,10
NA1_5497719733,887,Gwen,200,MIDDLE,False,9,11,3
NA1_5497719733,51,Caitlyn,200,BOTTOM,False,6,7,4
NA1_5497719733,235,Senna,200,UTILITY,False,1,8,9
NA1_5505615656,23,Tryndamere,100,TOP,False,5,12,5
NA1_5505615656,121,Khazix,100,JUNGLE,False,11,10,11
NA1_5505615656,61,Orianna,100,MIDDLE,False,11,5,14
NA1_5505615656,22,Ashe,100,BOTTOM,False,12,8,18
NA1_5505615656,201,Braum,100,UTILITY,False,7,13,22
NA1_5505615656,517,Sylas,200,TOP,True,16,11,3
NA1_5505615656,246,Qiyana,200,JUNGLE,True,12,7,9
NA1_5505615656,142,Zoe,200,MIDDLE,True,5,8,9
NA1_5505615656,29,Twitch,200,BOTTOM,True,12,7,14
NA1_5505615656,555,Pyke,200,UTILITY,True,3,13,10
NA1_5493492646,25,Morgana,100,TOP,True,4,4,18
NA1_5493492646,200,Belveth,100,JUNGLE,True,14,1,14
NA1_5493492646,85,Kennen,100,MIDDLE,True,16,4,13
NA1_5493492646,99,Lux,100,BOTTOM,True,5,3,8
NA1_5493492646,57,Maokai,100,UTILITY,True,2,1,17
NA1_5493492646,13,Ryze,200,TOP,False,3,6,3
NA1_5493492646,799,Ambessa,200,JUNGLE,False,3,12,4
NA1_5493492646,3,Galio,200,MIDDLE,False,3,11,6
NA1_5493492646,236,Lucian,200,BOTTOM,False,4,7,3
NA1_5493492646,350,Yuumi,200,UTILITY,False,0,5,8
NA1_5490655754,122,Darius,100,TOP,True,1,3,4
NA1_5490655754,91,Talon,100,JUNGLE,True,13,5,6
NA1_5490655754,34,Anivia,100,MIDDLE,True,3,3,11
NA1_5490655754,202,Jhin,100,BOTTOM,True,8,2,4
NA1_5490655754,235,Senna,100,UTILITY,True,2,2,22
NA1_5490655754,75,Nasus,200,TOP,False,4,1,1
NA1_5490655754,107,Rengar,200,JUNGLE,False,5,6,3
NA1_5490655754,13,Ryze,200,MIDDLE,False,4,5,2
NA1_5490655754,8,Vladimir,200,BOTTOM,False,1,6,2
NA1_5490655754,267,Nami,200,UTILITY,False,1,9,10
NA1_5485701394,54,Malphite,100,TOP,False,2,3,1
NA1_5485701394,904,Zaahen,100,JUNGLE,False,2,3,0
NA1_5485701394,91,Talon,100,MIDDLE,False,0,5,1
NA1_5485701394,804,Yunara,100,BOTTOM,False,3,5,0
NA1_5485701394,147,Seraphine,100,UTILITY,False,0,4,4
NA1_5485701394,14,Sion,200,TOP,True,4,1,4
NA1_5485701394,35,Shaco,200,JUNGLE,True,9,1,3
NA1_5485701394,38,Kassadin,200,MIDDLE,True,5,1,3
NA1_5485701394,202,Jhin,200,BOTTOM,True,2,2,9
NA1_5485701394,43,Karma,200,UTILITY,True,0,2,14
NA1_5483232097,150,Gnar,100,TOP,True,11,6,5
NA1_5483232097,35,Shaco,100,JUNGLE,True,16,5,12
NA1_5483232097,34,Anivia,100,MIDDLE,True,3,8,3
NA1_5483232097,145,Kaisa,100,BOTTOM,True,16,10,4
NA1_5483232097,526,Rell,100,UTILITY,True,2,9,21
NA1_5483232097,68,Rumble,200,TOP,False,2,9,6
NA1_5483232097,799,Ambessa,200,JUNGLE,False,13,2,11
NA1_5483232097,7,Leblanc,200,MIDDLE,False,8,13,5
NA1_5483232097,29,Twitch,200,BOTTOM,False,11,14,10
NA1_5483232097,40,Janna,200,UTILITY,False,3,10,14
NA1_5497061665,897,KSante,100,TOP,True,6,5,8
NA1_5497061665,11,MasterYi,100,JUNGLE,True,8,4,5
NA1_5497061665,45,Veigar,100,MIDDLE,True,2,5,13
NA1_5497061665,96,KogMaw,100,BOTTOM,True,9,5,7
NA1_5497061665,412,Thresh,100,UTILITY,True,2,5,17
NA1_5497061665,164,Camille,200,TOP,False,4,6,5
NA1_5497061665,234,Viego,200,JUNGLE,False,8,6,4
NA1_5497061665,61,Orianna,200,MIDDLE,False,7,3,1
NA1_5497061665,222,Jinx,200,BOTTOM,False,4,6,7
NA1_5497061665,223,TahmKench,200,UTILITY,False,1,6,10
NA1_5505133085,240,Kled,100,TOP,True,7,5,16
NA1_5505133085,121,Khazix,100,JUNGLE,True,10,5,7
NA1_5505133085,136,AurelionSol,100,MIDDLE,True,5,3,7
NA1_5505133085,360,Samira,100,BOTTOM,True,10,6,5
NA1_5505133085,101,Xerath,100,UTILITY,True,7,4,20
NA1_5505133085,114,Fiora,200,TOP,False,2,9,2
NA1_5505133085,35,Shaco,200,JUNGLE,False,2,4,11
NA1_5505133085,67,Vayne,200,MIDDLE,False,9,8,2
NA1_5505133085,800,Mel,200,BOTTOM,False,7,10,3
NA1_5505133085,12,Alistar,200,UTILITY,False,2,8,12
NA1_5519776174,266,Aatrox,100,TOP,True,2,2,5
NA1_5519776174,57,Maokai,100,JUNGLE,True,1,1,9
NA1_5519776174,893,Aurora,100,MIDDLE,True,8,1,3
NA1_5519776174,29,Twitch,100,BOTTOM,True,21,1,1
NA1_5519776174,350,Yuumi,100,UTILITY,True,0,0,22
NA1_5519776174,904,Zaahen,200,TOP,False,1,9,1
NA1_5519776174,23,Tryndamere,200,JUNGLE,False,0,4,0
NA1_5519776174,112,Viktor,200,MIDDLE,False,3,8,2
NA1_5519776174,67,Vayne,200,BOTTOM,False,1,8,1
NA1_5519776174,432,Bard,200,UTILITY,False,0,3,5
NA1_5499600760,82,Mordekaiser,100,TOP,False,8,10,4
NA1_5499600760,950,Naafiri,100,JUNGLE,False,9,8,14
NA1_5499600760,101,Xerath,100,MIDDLE,False,13,7,10
NA1_5499600760,804,Yunara,100,BOTTOM,False,16,8,8
NA1_5499600760,412,Thresh,100,UTILITY,False,4,15,19
NA1_5499600760,887,Gwen,200,TOP,True,15,13,8
NA1_5499600760,104,Graves,200,JUNGLE,True,20,8,6
NA1_5499600760,157,Yasuo,200,MIDDLE,True,4,14,8
NA1_5499600760,45,Veigar,200,BOTTOM,True,6,9,13
NA1_5499600760,147,Seraphine,200,UTILITY,True,2,6,24
NA1_5489738728,887,Gwen,100,TOP,False,4,9,1
NA1_5489738728,64,LeeSin,100,JUNGLE,False,2,9,7
NA1_5489738728,246,Qiyana,100,MIDDLE,False,5,9,3
NA1_5489738728,42,Corki,100,BOTTOM,False,4,2,6
NA1_5489738728,902,Milio,100,UTILITY,False,1,4,11
NA1_5489738728,106,Volibear,200,TOP,True,15,3,7
NA1_5489738728,131,Diana,200,JUNGLE,True,8,4,9
NA1_5489738728,142,Zoe,200,MIDDLE,True,5,3,6
NA1_5489738728,51,Caitlyn,200,BOTTOM,True,5,3,6
NA1_5489738728,22,Ashe,200,UTILITY,True,0,3,15
NA1_5510234904,34,Anivia,100,TOP,False,10,6,5
NA1_5510234904,203,Kindred,100,JUNGLE,False,8,13,15
NA1_5510234904,55,Katarina,100,MIDDLE,False,8,10,10
NA1_5510234904,81,Ezreal,100,BOTTOM,False,6,15,8
NA1_5510234904,35,Shaco,100,UTILITY,False,2,9,19
NA1_5510234904,68,Rumble,200,TOP,True,5,2,12
NA1_5510234904,5,XinZhao,200,JUNGLE,True,7,7,12
NA1_5510234904,166,Akshan,200,MIDDLE,True,16,6,8
NA1_5510234904,30,Karthus,200,BOTTOM,True,24,7,14
NA1_5510234904,111,Nautilus,200,UTILITY,True,1,12,24
NA1_5506407054,92,Riven,100,TOP,True,15,2,1
NA1_5506407054,56,Nocturne,100,JUNGLE,True,3,3,6
NA1_5506407054,3,Galio,100,MIDDLE,True,0,9,3
NA1_5506407054,523,Aphelios,100,BOTTOM,True,4,4,7
NA1_5506407054,9,FiddleSticks,100,UTILITY,True,4,2,10
NA1_5506407054,14,Sion,200,TOP,False,2,8,5
NA1_5506407054,76,Nidalee,200,JUNGLE,False,7,4,7
NA1_5506407054,55,Katarina,200,MIDDLE,False,11,5,5
NA1_5506407054,221,Zeri,200,BOTTOM,False,0,5,4
NA1_5506407054,902,Milio,200,UTILITY,False,0,4,7
NA1_5490885815,58,Renekton,100,TOP,False,5,6,1
NA1_5490885815,35,Shaco,100,JUNGLE,False,4,7,5
NA1_5490885815,26,Zilean,100,MIDDLE,False,1,6,4
NA1_5490885815,202,Jhin,100,BOTTOM,False,3,3,7
NA1_5490885815,412,Thresh,100,UTILITY,False,1,9,7
NA1_5490885815,36,DrMundo,200,TOP,True,1,4,3
NA1_5490885815,245,Ekko,200,JUNGLE,True,10,3,3
NA1_5490885815,92,Riven,200,MIDDLE,True,11,2,4
NA1_5490885815,81,Ezreal,200,BOTTOM,True,9,3,5
NA1_5490885815,111,Nautilus,200,UTILITY,True,0,2,14
NA1_5489377683,84,Akali,100,TOP,True,11,8,8
NA1_5489377683,56,Nocturne,100,JUNGLE,True,5,5,14
NA1_5489377683,92,Riven,100,MIDDLE,True,31,3,6
NA1_5489377683,136,AurelionSol,100,BOTTOM,True,13,8,16
NA1_5489377683,432,Bard,100,UTILITY,True,5,2,32
NA1_5489377683,114,Fiora,200,TOP,False,3,10,9
NA1_5489377683,36,DrMundo,200,JUNGLE,False,8,10,10
NA1_5489377683,134,Syndra,200,MIDDLE,False,4,14,7
NA1_5489377683,22,Ashe,200,BOTTOM,False,9,16,5
NA1_5489377683,235,Senna,200,UTILITY,False,2,15,12
NA1_5489349616,27,Singed,100,TOP,True,7,2,8
NA1_5489349616,107,Rengar,100,JUNGLE,True,9,8,6
NA1_5489349616,92,Riven,100,MIDDLE,True,22,6,8
NA1_5489349616,498,Xayah,100,BOTTOM,True,2,5,14
NA1_5489349616,526,Rell,100,UTILITY,True,2,6,17
NA1_5489349616,2,Olaf,200,TOP,False,5,5,1
NA1_5489349616,131,Diana,200,JUNGLE,False,6,9,11
NA1_5489349616,84,Akali,200,MIDDLE,False,7,14,5
NA1_5489349616,51,Caitlyn,200,BOTTOM,False,8,6,5
NA1_5489349616,902,Milio,200,UTILITY,False,1,8,15
NA1_5498092250,7,Leblanc,100,TOP,False,9,9,13
NA1_5498092250,904,Zaahen,100,JUNGLE,False,6,12,9
NA1_5498092250,517,Sylas,100,MIDDLE,False,13,7,9
NA1_5498092250,51,Caitlyn,100,BOTTOM,False,15,6,10
NA1_5498092250,412,Thresh,100,UTILITY,False,3,7,29
NA1_5498092250,266,Aatrox,200,TOP,True,3,8,9
NA1_5498092250,245,Ekko,200,JUNGLE,True,18,9,9
NA1_5498092250,9,FiddleSticks,200,MIDDLE,True,4,10,16
NA1_5498092250,119,Draven,200,BOTTOM,True,16,10,9
NA1_5498092250,111,Nautilus,200,UTILITY,True,0,9,24
NA1_5505994469,777,Yone,100,TOP,False,1,6,0
NA1_5505994469,63,Brand,100,JUNGLE,False,0,4,0
NA1_5505994469,901,Smolder,100,MIDDLE,False,0,3,0
NA1_5505994469,161,Velkoz,100,BOTTOM,False,2,1,1
NA1_5505994469,53,Blitzcrank,100,UTILITY,False,1,4,1
NA1_5505994469,266,Aatrox,200,TOP,True,3,1,3
NA1_5505994469,20,Nunu,200,JUNGLE,True,6,1,7
NA1_5505994469,42,Corki,200,MIDDLE,True,5,0,2
NA1_5505994469,800,Mel,200,BOTTOM,True,4,1,0
NA1_5505994469,26,Zilean,200,UTILITY,True,0,1,6
NA1_5490973134,19,Warwick,100,TOP,False,3,7,0
NA1_5490973134,20,Nunu,100,JUNGLE,False,1,6,3
NA1_5490973134,61,Orianna,100,MIDDLE,False,1,4,1
NA1_5490973134,895,Nilah,100,BOTTOM,False,1,6,1
NA1_5490973134,37,Sona,100,UTILITY,False,2,6,1
NA1_5490973134,39,Irelia,200,TOP,True,9,2,2
NA1_5490973134,950,Naafiri,200,JUNGLE,True,8,1,5
NA1_5490973134,134,Syndra,200,MIDDLE,True,3,2,5
NA1_5490973134,800,Mel,200,BOTTOM,True,7,2,5
NA1_5490973134,223,TahmKench,200,UTILITY,True,2,1,11
NA1_5514877152,48,Trundle,100,TOP,False,4,9,7
NA1_5514877152,59,JarvanIV,100,JUNGLE,False,3,12,14
NA1_5514877152,45,Veigar,100,MIDDLE,False,10,6,10
NA1_5514877152,910,Hwei,100,BOTTOM,False,13,8,12
NA1_5514877152,37,Sona,100,UTILITY,False,3,7,18
NA1_5514877152,266,Aatrox,200,TOP,True,9,5,13
NA1_5514877152,105,Fizz,200,JUNGLE,True,12,6,19
NA1_5514877152,30,Karthus,200,MIDDLE,True,12,11,16
NA1_5514877152,51,Caitlyn,200,BOTTOM,True,8,7,13
NA1_5514877152,267,Nami,200,UTILITY,True,1,4,33
NA1_5505600845,58,Renekton,100,TOP,False,3,7,2
NA1_5505600845,9,FiddleSticks,100,JUNGLE,False,6,7,8
NA1_5505600845,91,Talon,100,MIDDLE,False,4,4,7
NA1_5505600845,81,Ezreal,100,BOTTOM,False,8,4,6
NA1_5505600845,432,Bard,100,UTILITY,False,1,8,12
NA1_5505600845,86,Garen,200,TOP,True,11,3,6
NA1_5505600845,126,Jayce,200,JUNGLE,True,6,3,5
NA1_5505600845,950,Naafiri,200,MIDDLE,True,5,5,8
NA1_5505600845,101,Xerath,200,BOTTOM,True,7,4,14
NA1_5505600845,43,Karma,200,UTILITY,True,1,7,15
NA1_5511748128,79,Gragas,100,TOP,True,2,6,5
NA1_5511748128,56,Nocturne,100,JUNGLE,True,12,5,12
NA1_5511748128,58,Renekton,100,MIDDLE,True,11,5,13
NA1_5511748128,901,Smolder,100,BOTTOM,True,21,8,14
NA1_5511748128,201,Braum,100,UTILITY,True,0,7,39
NA1_5511748128,887,Gwen,200,TOP,False,4,6,3
NA1_5511748128,131,Diana,200,JUNGLE,False,6,11,12
NA1_5511748128,246,Qiyana,200,MIDDLE,False,12,8,3
NA1_5511748128,157,Yasuo,200,BOTTOM,False,9,10,10
NA1_5511748128,412,Thresh,200,UTILITY,False,0,11,15
NA1_5499141617,897,KSante,100,TOP,True,4,3,5
NA1_5499141617,104,Graves,100,JUNGLE,True,8,3,7
NA1_5499141617,4,TwistedFate,100,MIDDLE,True,7,5,10
NA1_5499141617,523,Aphelios,100,BOTTOM,True,11,2,7
NA1_5499141617,89,Leona,100,UTILITY,True,4,4,16
NA1_5499141617,893,Aurora,200,TOP,False,1,8,6
NA1_5499141617,163,Taliyah,200,JUNGLE,False,5,8,6
NA1_5499141617,777,Yone,200,MIDDLE,False,5,6,3
NA1_5499141617,910,Hwei,200,BOTTOM,False,0,6,3
NA1_5499141617,133,Quinn,200,UTILITY,False,6,6,7
NA1_5513288471,17,Teemo,100,TOP,False,3,7,4
NA1_5513288471,11,MasterYi,100,JUNGLE,False,3,10,7
NA1_5513288471,238,Zed,100,MIDDLE,False,2,4,2
NA1_5513288471,800,Mel,100,BOTTOM,False,10,6,0
NA1_5513288471,412,Thresh,100,UTILITY,False,0,5,10
NA1_5513288471,266,Aatrox,200,TOP,True,1,5,5
NA1_5513288471,120,Hecarim,200,JUNGLE,True,14,2,8
NA1_5513288471,115,Ziggs,200,MIDDLE,True,10,6,8
NA1_5513288471,222,Jinx,200,BOTTOM,True,6,3,9
NA1_5513288471,432,Bard,200,UTILITY,True,1,2,19
NA1_5496982032,75,Nasus,100,TOP,True,8,7,7
NA1_5496982032,887,Gwen,100,JUNGLE,True,17,5,7
NA1_5496982032,246,Qiyana,100,MIDDLE,True,8,13,11
NA1_5496982032,22,Ashe,100,BOTTOM,True,9,10,12
NA1_5496982032,432,Bard,100,UTILITY,True,3,8,24
NA1_5496982032,164,Camille,200,TOP,False,9,7,9
NA1_5496982032,107,Rengar,200,JUNGLE,False,7,11,11
NA1_5496982032,50,Swain,200,MIDDLE,False,6,9,8
NA1_5496982032,30,Karthus,200,BOTTOM,False,15,13,15
NA1_5496982032,497,Rakan,200,UTILITY,False,6,5,30
NA1_5499712894,875,Sett,100,TOP,False,5,9,2
NA1_5499712894,105,Fizz,100,JUNGLE,False,2,6,3
NA1_5499712894,246,Qiyana,100,MIDDLE,False,2,4,1
NA1_5499712894,119,Draven,100,BOTTOM,False,9,8,2
NA1_5499712894,53,Blitzcrank,100,UTILITY,False,1,3,9
NA1_5499712894,420,Illaoi,200,TOP,True,9,4,6
NA1_5499712894,9,FiddleSticks,200,JUNGLE,True,8,3,9
NA1_5499712894,157,Yasuo,200,MIDDLE,True,6,0,4
NA1_5499712894,22,Ashe,200,BOTTOM,True,2,8,6
NA1_5499712894,43,Karma,200,UTILITY,True,5,4,14
NA1_5517109350,266,Aatrox,100,TOP,True,8,4,8
NA1_5517109350,427,Ivern,100,JUNGLE,True,3,1,19
NA1_5517109350,50,Swain,100,MIDDLE,True,7,5,11
NA1_5517109350,202,Jhin,100,BOTTOM,True,11,3,8
NA1_5517109350,902,Milio,100,UTILITY,True,0,1,20
NA1_5517109350,14,Sion,200,TOP,False,1,7,8
NA1_5517109350,904,Zaahen,200,JUNGLE,False,3,6,3
NA1_5517109350,7,Leblanc,200,MIDDLE,False,7,7,2
NA1_5517109350,110,Varus,200,BOTTOM,False,3,6,4
NA1_5517109350,267,Nami,200,UTILITY,False,0,3,9
NA1_5486351903,150,Gnar,100,TOP,True,9,1,6
NA1_5486351903,20,Nunu,100,JUNGLE,True,8,0,12
NA1_5486351903,63,Brand,100,MIDDLE,True,1,2,8
NA1_5486351903,110,Varus,100,BOTTOM,True,12,7,10
NA1_5486351903,267,Nami,100,UTILITY,True,4,1,23
NA1_5486351903,777,Yone,200,TOP,False,1,6,1
NA1_5486351903,234,Viego,200,JUNGLE,False,3,9,3
NA1_5486351903,34,Anivia,200,MIDDLE,False,3,6,5
NA1_5486351903,81,Ezreal,200,BOTTOM,False,1,6,4
NA1_5486351903,35,Shaco,200,UTILITY,False,2,7,6
NA1_5503828145,164,Camille,100,TOP,False,11,7,4
NA1_5503828145,120,Hecarim,100,JUNGLE,False,10,5,5
NA1_5503828145,34,Anivia,100,MIDDLE,False,1,8,7
NA1_5503828145,67,Vayne,100,BOTTOM,False,5,9,4
NA1_5503828145,43,Karma,100,UTILITY,False,0,8,11
NA1_5503828145,92,Riven,200,TOP,True,7,7,6
NA1_5503828145,64,LeeSin,200,JUNGLE,True,9,4,11
NA1_5503828145,103,Ahri,200,MIDDLE,True,10,4,11
NA1_5503828145,81,Ezreal,200,BOTTOM,True,8,7,9
NA1_5503828145,37,Sona,200,UTILITY,True,3,5,20
NA1_5484666016,31,Chogath,100,TOP,True,2,5,7
NA1_5484666016,203,Kindred,100,JUNGLE,True,5,3,7
NA1_5484666016,3,Galio,100,MIDDLE,True,5,2,10
NA1_5484666016,110,Varus,100,BOTTOM,True,8,2,9
NA1_5484666016,267,Nami,100,UTILITY,True,2,1,19
NA1_5484666016,897,KSante,200,TOP,False,4,0,3
NA1_5484666016,904,Zaahen,200,JUNGLE,False,2,5,3
NA1_5484666016,84,Akali,200,MIDDLE,False,1,6,3
NA1_5484666016,42,Corki,200,BOTTOM,False,5,5,2
NA1_5484666016,412,Thresh,200,UTILITY,False,1,7,8
NA1_5495370968,39,Irelia,100,TOP,False,8,8,1
NA1_5495370968,121,Khazix,100,JUNGLE,False,3,4,3
NA1_5495370968,142,Zoe,100,MIDDLE,False,2,6,5
NA1_5495370968,523,Aphelios,100,BOTTOM,False,0,8,3
NA1_5495370968,412,Thresh,100,UTILITY,False,2,4,4
NA1_5495370968,78,Poppy,200,TOP,True,9,3,8
NA1_5495370968,234,Viego,200,JUNGLE,True,8,3,5
NA1_5495370968,103,Ahri,200,MIDDLE,True,4,3,9
NA1_5495370968,804,Yunara,200,BOTTOM,True,6,2,12
NA1_5495370968,44,Taric,200,UTILITY,True,3,4,17
NA1_5514095747,223,TahmKench,100,TOP,False,1,4,3
NA1_5514095747,64,LeeSin,100,JUNGLE,False,5,6,1
NA1_5514095747,901,Smolder,100,MIDDLE,False,0,4,2
NA1_5514095747,777,Yone,100,BOTTOM,False,5,3,1
NA1_5514095747,902,Milio,100,UTILITY,False,0,4,6
NA1_5514095747,36,DrMundo,200,TOP,True,2,3,1
NA1_5514095747,126,Jayce,200,JUNGLE,True,5,3,7
NA1_5514095747,103,Ahri,200,MIDDLE,True,6,1,5
NA1_5514095747,51,Caitlyn,200,BOTTOM,True,5,1,7
NA1_5514095747,412,Thresh,200,UTILITY,True,3,3,7
NA1_5498668970,85,Kennen,100,TOP,False,1,8,4
NA1_5498668970,141,Kayn,100,JUNGLE,False,1,6,1
NA1_5498668970,238,Zed,100,MIDDLE,False,3,5,2
NA1_5498668970,235,Senna,100,BOTTOM,False,2,4,2
NA1_5498668970,53,Blitzcrank,100,UTILITY,False,1,5,3
NA1_5498668970,164,Camille,200,TOP,True,2,2,8
NA1_5498668970,76,Nidalee,200,JUNGLE,True,13,0,9
NA1_5498668970,14,Sion,200,MIDDLE,True,3,3,11
NA1_5498668970,498,Xayah,200,BOTTOM,True,8,1,6
NA1_5498668970,57,Maokai,200,UTILITY,True,2,2,12
NA1_5519417417,266,Aatrox,100,TOP,False,3,9,2
NA1_5519417417,64,LeeSin,100,JUNGLE,False,2,10,6
NA1_5519417417,38,Kassadin,100,MIDDLE,False,6,7,5
NA1_5519417417,145,Kaisa,100,BOTTOM,False,7,14,4
NA1_5519417417,142,Zoe,100,UTILITY,False,2,9,8
NA1_5519417417,24,Jax,200,TOP,True,7,6,3
NA1_5519417417,104,Graves,200,JUNGLE,True,15,3,4
NA1_5519417417,103,Ahri,200,MIDDLE,True,17,0,5
NA1_5519417417,157,Yasuo,200,BOTTOM,True,8,9,12
NA1_5519417417,12,Alistar,200,UTILITY,True,2,2,26
NA1_5513038357,24,Jax,100,TOP,True,6,8,10
NA1_5513038357,75,Nasus,100,JUNGLE,True,11,8,16
NA1_5513038357,84,Akali,100,MIDDLE,True,18,5,10
NA1_5513038357,110,Varus,100,BOTTOM,True,7,9,11
NA1_5513038357,555,Pyke,100,UTILITY,True,7,10,8
NA1_5513038357,27,Singed,200,TOP,False,10,8,7
NA1_5513038357,30,Karthus,200,JUNGLE,False,8,15,20
NA1_5513038357,777,Yone,200,MIDDLE,False,8,15,7
NA1_5513038357,81,Ezreal,200,BOTTOM,False,13,7,10
NA1_5513038357,201,Braum,200,UTILITY,False,1,4,27
NA1_5517612350,48,Trundle,100,TOP,False,1,14,6
NA1_5517612350,421,RekSai,100,JUNGLE,False,16,10,11
NA1_5517612350,90,Malzahar,100,MIDDLE,False,6,12,16
NA1_5517612350,236,Lucian,100,BOTTOM,False,18,10,12
NA1_5517612350,35,Shaco,100,UTILITY,False,11,9,19
NA1_5517612350,84,Akali,200,TOP,True,19,10,9
NA1_5517612350,57,Maokai,200,JUNGLE,True,7,9,20
NA1_5517612350,777,Yone,200,MIDDLE,True,14,8,11
NA1_5517612350,145,Kaisa,200,BOTTOM,True,12,10,14
NA1_5517612350,111,Nautilus,200,UTILITY,True,3,15,20
NA1_5519285941,2,Olaf,100,TOP,False,4,9,1
NA1_5519285941,57,Maokai,100,JUNGLE,False,4,6,4
NA1_5519285941,157,Yasuo,100,MIDDLE,False,2,6,3
NA1_5519285941,81,Ezreal,100,BOTTOM,False,3,4,4
NA1_5519285941,497,Rakan,100,UTILITY,False,2,4,7
NA1_5519285941,164,Camille,200,TOP,True,9,3,5
NA1_5519285941,102,Shyvana,200,JUNGLE,True,11,3,10
NA1_5519285941,90,Malzahar,200,MIDDLE,True,4,2,10
NA1_5519285941,22,Ashe,200,BOTTOM,True,2,5,9
NA1_5519285941,235,Senna,200,UTILITY,True,3,2,18
NA1_5500714247,266,Aatrox,100,TOP,False,6,6,1
NA1_5500714247,64,LeeSin,100,JUNGLE,False,2,5,2
NA1_5500714247,4,TwistedFate,100,MIDDLE,False,1,5,0
NA1_5500714247,236,Lucian,100,BOTTOM,False,3,6,0
NA1_5500714247,350,Yuumi,100,UTILITY,False,0,5,3
NA1_5500714247,777,Yone,200,TOP,True,4,7,5
NA1_5500714247,36,DrMundo,200,JUNGLE,True,9,1,8
NA1_5500714247,1,Annie,200,MIDDLE,True,5,2,5
NA1_5500714247,202,Jhin,200,BOTTOM,True,8,2,10
NA1_5500714247,267,Nami,200,UTILITY,True,1,0,18
NA1_5505419913,897,KSante,100,TOP,True,6,4,9
NA1_5505419913,121,Khazix,100,JUNGLE,True,17,5,7
NA1_5505419913,3,Galio,100,MIDDLE,True,4,9,15
NA1_5505419913,119,Draven,100,BOTTOM,True,17,4,8
NA1_5505419913,350,Yuumi,100,UTILITY,True,1,2,26
NA1_5505419913,114,Fiora,200,TOP,False,5,9,1
NA1_5505419913,245,Ekko,200,JUNGLE,False,4,8,9
NA1_5505419913,91,Talon,200,MIDDLE,False,9,11,3
NA1_5505419913,800,Mel,200,BOTTOM,False,5,9,4
NA1_5505419913,267,Nami,200,UTILITY,False,1,8,9
NA1_5508790719,126,Jayce,100,TOP,False,6,14,6
NA1_5508790719,30,Karthus,100,JUNGLE,False,15,10,15
NA1_5508790719,950,Naafiri,100,MIDDLE,False,20,8,9
NA1_5508790719,29,Twitch,100,BOTTOM,False,5,11,8
NA1_5508790719,43,Karma,100,UTILITY,False,1,7,26
NA1_5508790719,266,Aatrox,200,TOP,True,9,9,10
NA1_5508790719,98,Shen,200,JUNGLE,True,9,8,17
NA1_5508790719,103,Ahri,200,MIDDLE,True,11,16,7
NA1_5508790719,221,Zeri,200,BOTTOM,True,8,9,12
NA1_5508790719,432,Bard,200,UTILITY,True,13,5,24
NA1_5503035519,516,Ornn,100,TOP,True,5,3,6
NA1_5503035519,517,Sylas,100,JUNGLE,True,10,1,9
NA1_5503035519,238,Zed,100,MIDDLE,True,6,4,8
NA1_5503035519,110,Varus,100,BOTTOM,True,7,3,6
NA1_5503035519,37,Sona,100,UTILITY,True,3,0,15
NA1_5503035519,67,Vayne,200,TOP,False,1,7,3
NA1_5503035519,200,Belveth,200,JUNGLE,False,6,8,3
NA1_5503035519,54,Malphite,200,MIDDLE,False,1,4,4
NA1_5503035519,895,Nilah,200,BOTTOM,False,1,6,3
NA1_5503035519,147,Seraphine,200,UTILITY,False,2,6,1
NA1_5506991004,517,Sylas,100,TOP,True,9,7,5
NA1_5506991004,234,Viego,100,JUNGLE,True,10,4,7
NA1_5506991004,41,Gangplank,100,MIDDLE,True,6,8,5
NA1_5506991004,90,Malzahar,100,BOTTOM,True,8,2,10
NA1_5506991004,432,Bard,100,UTILITY,True,0,5,14
NA1_5506991004,150,Gnar,200,TOP,False,3,8,9
NA1_5506991004,904,Zaahen,200,JUNGLE,False,11,4,6
NA1_5506991004,238,Zed,200,MIDDLE,False,5,7,6
NA1_5506991004,157,Yasuo,200,BOTTOM,False,5,4,4
NA1_5506991004,43,Karma,200,UTILITY,False,2,10,10
NA1_5503353942,887,Gwen,100,TOP,True,4,9,8
NA1_5503353942,36,DrMundo,100,JUNGLE,True,15,3,8
NA1_5503353942,103,Ahri,100,MIDDLE,True,4,4,3
NA1_5503353942,67,Vayne,100,BOTTOM,True,11,8,5
NA1_5503353942,235,Senna,100,UTILITY,True,1,6,21
NA1_5503353942,126,Jayce,200,TOP,False,6,8,6
NA1_5503353942,107,Rengar,200,JUNGLE,False,7,5,4
NA1_5503353942,166,Akshan,200,MIDDLE,False,4,6,7
NA1_5503353942,145,Kaisa,200,BOTTOM,False,9,10,7
NA1_5503353942,555,Pyke,200,UTILITY,False,4,8,13
NA1_5501467861,266,Aatrox,100,TOP,False,9,7,11
NA1_5501467861,64,LeeSin,100,JUNGLE,False,5,9,10
NA1_5501467861,893,Aurora,100,MIDDLE,False,9,3,8
NA1_5501467861,202,Jhin,100,BOTTOM,False,5,11,11
NA1_5501467861,142,Zoe,100,UTILITY,False,4,11,12
NA1_5501467861,13,Ryze,200,TOP,True,11,9,7
NA1_5501467861,427,Ivern,200,JUNGLE,True,4,6,20
NA1_5501467861,777,Yone,200,MIDDLE,True,3,6,3
NA1_5501467861,236,Lucian,200,BOTTOM,True,19,7,8
NA1_5501467861,44,Taric,200,UTILITY,True,4,4,24
NA1_5490951864,235,Senna,100,TOP,True,4,4,12
NA1_5490951864,64,LeeSin,100,JUNGLE,True,10,2,7
NA1_5490951864,31,Chogath,100,MIDDLE,True,13,2,3
NA1_5490951864,119,Draven,100,BOTTOM,True,12,5,6
NA1_5490951864,350,Yuumi,100,UTILITY,True,0,3,20
NA1_5490951864,799,Ambessa,200,TOP,False,3,7,3
NA1_5490951864,91,Talon,200,JUNGLE,False,4,8,5
NA1_5490951864,134,Syndra,200,MIDDLE,False,2,9,3
NA1_5490951864,21,MissFortune,200,BOTTOM,False,2,7,5
NA1_5490951864,154,Zac,200,UTILITY,False,5,8,4
NA1_5503003103,9,FiddleSticks,100,TOP,True,7,11,16
NA1_5503003103,104,Graves,100,JUNGLE,True,15,7,10
NA1_5503003103,55,Katarina,100,MIDDLE,True,21,7,7
NA1_5503003103,42,Corki,100,BOTTOM,True,11,11,13
NA1_5503003103,497,Rakan,100,UTILITY,True,3,5,28
NA1_5503003103,799,Ambessa,200,TOP,False,20,7,7
NA1_5503003103,54,Malphite,200,JUNGLE,False,3,8,18
NA1_5503003103,84,Akali,200,MIDDLE,False,11,16,4
NA1_5503003103,360,Samira,200,BOTTOM,False,4,17,8
NA1_5503003103,518,Neeko,200,UTILITY,False,3,9,19
NA1_5495063304,266,Aatrox,100,TOP,True,7,2,2
NA1_5495063304,62,MonkeyKing,100,JUNGLE,True,5,0,11
NA1_5495063304,134,Syndra,100,MIDDLE,True,2,3,2
NA1_5495063304,18,Tristana,100,BOTTOM,True,11,3,5
NA1_5495063304,44,Taric,100,UTILITY,True,1,4,16
NA1_5495063304,106,Volibear,200,TOP,False,2,5,1
NA1_5495063304,421,RekSai,200,JUNGLE,False,2,5,3
NA1_5495063304,105,Fizz,200,MIDDLE,False,2,2,2
NA1_5495063304,29,Twitch,200,BOTTOM,False,6,8,1
NA1_5495063304,267,Nami,200,UTILITY,False,0,6,6
NA1_5490935207,516,Ornn,100,TOP,True,7,4,10
NA1_5490935207,64,LeeSin,100,JUNGLE,True,5,4,19
NA1_5490935207,92,Riven,100,MIDDLE,True,19,4,3
NA1_5490935207,236,Lucian,100,BOTTOM,True,3,9,10
NA1_5490935207,267,Nami,100,UTILITY,True,1,7,18
NA1_5490935207,3,Galio,200,TOP,False,2,8,9
NA1_5490935207,154,Zac,200,JUNGLE,False,6,6,12
NA1_5490935207,163,Taliyah,200,MIDDLE,False,6,10,5
NA1_5490935207,119,Draven,200,BOTTOM,False,5,9,10
NA1_5490935207,555,Pyke,200,UTILITY,False,9,2,6
NA1_5499851593,85,Kennen,100,TOP,False,4,11,3
NA1_5499851593,64,LeeSin,100,JUNGLE,False,10,7,7
NA1_5499851593,55,Katarina,100,MIDDLE,False,12,10,7
NA1_5499851593,804,Yunara,100,BOTTOM,False,3,9,3
NA1_5499851593,412,Thresh,100,UTILITY,False,1,8,6
NA1_5499851593,799,Ambessa,200,TOP,True,11,6,9
NA1_5499851593,35,Shaco,200,JUNGLE,True,6,7,12
NA1_5499851593,134,Syndra,200,MIDDLE,True,11,11,13
NA1_5499851593,81,Ezreal,200,BOTTOM,True,15,2,7
NA1_5499851593,497,Rakan,200,UTILITY,True,1,4,24
NA1_5512704714,11,MasterYi,100,TOP,True,6,3,4
NA1_5512704714,254,Vi,100,JUNGLE,True,12,3,12
NA1_5512704714,3,Galio,100,MIDDLE,True,6,3,13
NA1_5512704714,498,Xayah,100,BOTTOM,True,11,4,12
NA1_5512704714,497,Rakan,100,UTILITY,True,2,1,22
NA1_5512704714,8,Vladimir,200,TOP,False,5,2,1
NA1_5512704714,120,Hecarim,200,JUNGLE,False,2,6,5
NA1_5512704714,238,Zed,200,MIDDLE,False,2,11,2
NA1_5512704714,804,Yunara,200,BOTTOM,False,3,11,3
NA1_5512704714,350,Yuumi,200,UTILITY,False,1,7,5
NA1_5504843322,98,Shen,100,TOP,False,2,5,2
NA1_5504843322,9,FiddleSticks,100,JUNGLE,False,4,6,3
NA1_5504843322,112,Viktor,100,MIDDLE,False,0,7,1
NA1_5504843322,29,Twitch,100,BOTTOM,False,3,4,2
NA1_5504843322,44,Taric,100,UTILITY,False,0,5,7
NA1_5504843322,887,Gwen,200,TOP,True,5,1,1
NA1_5504843322,91,Talon,200,JUNGLE,True,5,3,6
NA1_5504843322,80,Pantheon,200,MIDDLE,True,12,1,3
NA1_5504843322,523,Aphelios,200,BOTTOM,True,3,2,4
NA1_5504843322,432,Bard,200,UTILITY,True,2,2,13
NA1_5498501501,904,Zaahen,100,TOP,True,14,6,3
NA1_5498501501,64,LeeSin,100,JUNGLE,True,4,6,12
NA1_5498501501,90,Malzahar,100,MIDDLE,True,4,5,10
NA1_5498501501,21,MissFortune,100,BOTTOM,True,10,5,8
NA1_5498501501,89,Leona,100,UTILITY,True,2,4,20
NA1_5498501501,777,Yone,200,TOP,False,2,11,3
NA1_5498501501,120,Hecarim,200,JUNGLE,False,6,5,8
NA1_5498501501,55,Katarina,200,MIDDLE,False,10,7,8
NA1_5498501501,800,Mel,200,BOTTOM,False,8,3,5
NA1_5498501501,40,Janna,200,UTILITY,False,0,8,12
NA1_5499699451,96,KogMaw,100,TOP,False,3,14,6
NA1_5499699451,876,Lillia,100,JUNGLE,False,3,7,9
NA1_5499699451,157,Yasuo,100,MIDDLE,False,2,11,4
NA1_5499699451,234,Viego,100,BOTTOM,False,13,6,6
NA1_5499699451,350,Yuumi,100,UTILITY,False,1,5,15
NA1_5499699451,31,Chogath,200,TOP,True,13,5,9
NA1_5499699451,59,JarvanIV,200,JUNGLE,True,9,1,13
NA1_5499699451,238,Zed,200,MIDDLE,True,16,4,5
NA1_5499699451,50,Swain,200,BOTTOM,True,3,5,12
NA1_5499699451,412,Thresh,200,UTILITY,True,2,7,13
NA1_5484655260,904,Zaahen,100,TOP,False,7,10,11
NA1_5484655260,799,Ambessa,100,JUNGLE,False,12,11,13
NA1_5484655260,246,Qiyana,100,MIDDLE,False,8,16,8
NA1_5484655260,99,Lux,100,BOTTOM,False,22,8,13
NA1_5484655260,412,Thresh,100,UTILITY,False,6,11,23
NA1_5484655260,67,Vayne,200,TOP,True,16,17,7
NA1_5484655260,202,Jhin,200,JUNGLE,True,14,14,8
NA1_5484655260,157,Yasuo,200,MIDDLE,True,16,7,8
NA1_5484655260,147,Seraphine,200,BOTTOM,True,3,10,29
NA1_5484655260,223,TahmKench,200,UTILITY,True,7,7,22
NA1_5495503512,54,Malphite,100,TOP,True,5,10,18
NA1_5495503512,245,Ekko,100,JUNGLE,True,17,6,11
NA1_5495503512,950,Naafiri,100,MIDDLE,True,11,14,10
NA1_5495503512,161,Velkoz,100,BOTTOM,True,7,8,19
NA1_5495503512,37,Sona,100,UTILITY,True,1,14,27
NA1_5495503512,233,Briar,200,TOP,False,8,9,10
NA1_5495503512,59,JarvanIV,200,JUNGLE,False,13,5,21
NA1_5495503512,711,Vex,200,MIDDLE,False,17,10,14
NA1_5495503512,157,Yasuo,200,BOTTOM,False,10,8,17
NA1_5495503512,79,Gragas,200,UTILITY,False,4,9,18
NA1_5507785867,14,Sion,100,TOP,True,2,6,11
NA1_5507785867,104,Graves,100,JUNGLE,True,12,5,7
NA1_5507785867,136,AurelionSol,100,MIDDLE,True,5,6,8
NA1_5507785867,222,Jinx,100,BOTTOM,True,9,8,8
NA1_5507785867,43,Karma,100,UTILITY,True,0,5,20
NA1_5507785867,98,Shen,200,TOP,False,6,2,18
NA1_5507785867,234,Viego,200,JUNGLE,False,16,4,7
NA1_5507785867,4,TwistedFate,200,MIDDLE,False,3,10,7
NA1_5507785867,202,Jhin,200,BOTTOM,False,4,8,7
NA1_5507785867,267,Nami,200,UTILITY,False,1,4,19
NA1_5486109285,8,Vladimir,100,TOP,False,2,5,2
NA1_5486109285,234,Viego,100,JUNGLE,False,3,12,4
NA1_5486109285,92,Riven,100,MIDDLE,False,9,7,2
NA1_5486109285,110,Varus,100,BOTTOM,False,0,5,4
NA1_5486109285,26,Zilean,100,UTILITY,False,2,6,8
NA1_5486109285,82,Mordekaiser,200,TOP,True,5,2,10
NA1_5486109285,200,Belveth,200,JUNGLE,True,16,3,10
NA1_5486109285,39,Irelia,200,MIDDLE,True,8,5,5
NA1_5486109285,81,Ezreal,200,BOTTOM,True,5,2,13
NA1_5486109285,16,Soraka,200,UTILITY,True,0,4,20
NA1_5500193173,238,Zed,100,TOP,True,9,9,1
NA1_5500193173,59,JarvanIV,100,JUNGLE,True,5,5,24
NA1_5500193173,245,Ekko,100,MIDDLE,True,16,5,1
NA1_5500193173,18,Tristana,100,BOTTOM,True,11,4,10
NA1_5500193173,50,Swain,100,UTILITY,True,3,7,14
NA1_5500193173,79,Gragas,200,TOP,False,8,4,7
NA1_5500193173,81,Ezreal,200,JUNGLE,False,9,14,11
NA1_5500193173,42,Corki,200,MIDDLE,False,7,8,8
NA1_5500193173,147,Seraphine,200,BOTTOM,False,5,7,12
NA1_5500193173,37,Sona,200,UTILITY,False,1,11,15
NA1_5503362980,897,KSante,100,TOP,False,5,6,9
NA1_5503362980,121,Khazix,100,JUNGLE,False,14,8,8
NA1_5503362980,777,Yone,100,MIDDLE,False,3,7,8
NA1_5503362980,22,Ashe,100,BOTTOM,False,0,17,10
NA1_5503362980,800,Mel,100,UTILITY,False,15,12,4
NA1_5503362980,114,Fiora,200,TOP,True,6,11,3
NA1_5503362980,141,Kayn,200,JUNGLE,True,5,7,8
NA1_5503362980,166,Akshan,200,MIDDLE,True,16,4,7
NA1_5503362980,143,Zyra,200,BOTTOM,True,7,7,14
NA1_5503362980,60,Elise,200,UTILITY,True,16,8,8
NA1_5504837750,24,Jax,100,TOP,True,13,4,6
NA1_5504837750,5,XinZhao,100,JUNGLE,True,11,6,6
NA1_5504837750,45,Veigar,100,MIDDLE,True,5,8,6
NA1_5504837750,81,Ezreal,100,BOTTOM,True,4,9,9
NA1_5504837750,40,Janna,100,UTILITY,True,1,5,15
NA1_5504837750,86,Garen,200,TOP,False,4,9,5
NA1_5504837750,104,Graves,200,JUNGLE,False,14,6,6
NA1_5504837750,101,Xerath,200,MIDDLE,False,5,6,14
NA1_5504837750,145,Kaisa,200,BOTTOM,False,5,8,9
NA1_5504837750,526,Rell,200,UTILITY,False,2,5,18
NA1_5498275553,58,Renekton,100,TOP,False,4,5,3
NA1_5498275553,141,Kayn,100,JUNGLE,False,15,4,4
NA1_5498275553,55,Katarina,100,MIDDLE,False,5,6,2
NA1_5498275553,50,Swain,100,BOTTOM,False,2,10,6
NA1_5498275553,111,Nautilus,100,UTILITY,False,4,4,10
NA1_5498275553,150,Gnar,200,TOP,True,6,4,6
NA1_5498275553,91,Talon,200,JUNGLE,True,4,6,9
NA1_5498275553,134,Syndra,200,MIDDLE,True,2,8,5
NA1_5498275553,96,KogMaw,200,BOTTOM,True,14,7,7
NA1_5498275553,267,Nami,200,UTILITY,True,3,5,17
NA1_5502809655,887,Gwen,100,TOP,False,13,6,5
NA1_5502809655,104,Graves,100,JUNGLE,False,5,12,11
NA1_5502809655,238,Zed,100,MIDDLE,False,13,11,6
NA1_5502809655,523,Aphelios,100,BOTTOM,False,3,8,4
NA1_5502809655,37,Sona,100,UTILITY,False,1,15,17
NA1_5502809655,92,Riven,200,TOP,True,5,11,12
NA1_5502809655,91,Talon,200,JUNGLE,True,14,8,13
NA1_5502809655,517,Sylas,200,MIDDLE,True,9,7,11
NA1_5502809655,804,Yunara,200,BOTTOM,True,22,4,12
NA1_5502809655,412,Thresh,200,UTILITY,True,2,5,30
NA1_5493535113,41,Gangplank,100,TOP,False,7,8,2
NA1_5493535113,59,JarvanIV,100,JUNGLE,False,1,8,7
NA1_5493535113,84,Akali,100,MIDDLE,False,4,6,3
NA1_5493535113,222,Jinx,100,BOTTOM,False,2,10,7
NA1_5493535113,26,Zilean,100,UTILITY,False,2,4,9
NA1_5493535113,233,Briar,200,TOP,True,6,5,5
NA1_5493535113,20,Nunu,200,JUNGLE,True,8,3,16
NA1_5493535113,103,Ahri,200,MIDDLE,True,8,2,5
NA1_5493535113,15,Sivir,200,BOTTOM,True,9,4,11
NA1_5493535113,37,Sona,200,UTILITY,True,5,2,19
NA1_5500690899,82,Mordekaiser,100,TOP,False,7,8,3
NA1_5500690899,59,JarvanIV,100,JUNGLE,False,10,3,14
NA1_5500690899,42,Corki,100,MIDDLE,False,12,8,11
NA1_5500690899,99,Lux,100,BOTTOM,False,10,11,16
NA1_5500690899,142,Zoe,100,UTILITY,False,8,14,15
NA1_5500690899,266,Aatrox,200,TOP,True,13,8,6
NA1_5500690899,91,Talon,200,JUNGLE,True,7,10,13
NA1_5500690899,26,Zilean,200,MIDDLE,True,7,8,22
NA1_5500690899,18,Tristana,200,BOTTOM,True,15,8,15
NA1_5500690899,117,Lulu,200,UTILITY,True,2,13,30
NA1_5486343913,74,Heimerdinger,100,TOP,True,13,7,18
NA1_5486343913,131,Diana,100,JUNGLE,True,14,9,23
NA1_5486343913,238,Zed,100,MIDDLE,True,12,10,8
NA1_5486343913,81,Ezreal,100,BOTTOM,True,17,4,11
NA1_5486343913,412,Thresh,100,UTILITY,True,1,5,30
NA1_5486343913,8,Vladimir,200,TOP,False,8,10,6
NA1_5486343913,203,Kindred,200,JUNGLE,False,11,14,11
NA1_5486343913,517,Sylas,200,MIDDLE,False,8,12,7
NA1_5486343913,99,Lux,200,BOTTOM,False,6,8,13
NA1_5486343913,50,Swain,200,UTILITY,False,2,13,17
NA1_5487061602,266,Aatrox,100,TOP,True,2,0,1
NA1_5487061602,517,Sylas,100,JUNGLE,True,4,1,5
NA1_5487061602,950,Naafiri,100,MIDDLE,True,9,0,4
NA1_5487061602,45,Veigar,100,BOTTOM,True,1,3,2
NA1_5487061602,111,Nautilus,100,UTILITY,True,2,0,9
NA1_5487061602,240,Kled,200,TOP,False,0,1,0
NA1_5487061602,107,Rengar,200,JUNGLE,False,2,6,0
NA1_5487061602,38,Kassadin,200,MIDDLE,False,0,1,0
NA1_5487061602,51,Caitlyn,200,BOTTOM,False,1,4,1
NA1_5487061602,432,Bard,200,UTILITY,False,1,6,1
NA1_5507038192,36,DrMundo,100,TOP,False,2,5,1
NA1_5507038192,131,Diana,100,JUNGLE,False,0,9,5
NA1_5507038192,238,Zed,100,MIDDLE,False,17,6,1
NA1_5507038192,29,Twitch,100,BOTTOM,False,2,10,4
NA1_5507038192,117,Lulu,100,UTILITY,False,0,3,7
NA1_5507038192,98,Shen,200,TOP,True,3,3,9
NA1_5507038192,904,Zaahen,200,JUNGLE,True,13,2,6
NA1_5507038192,7,Leblanc,200,MIDDLE,True,5,13,5
NA1_5507038192,119,Draven,200,BOTTOM,True,12,3,6
NA1_5507038192,350,Yuumi,200,UTILITY,True,0,0,23
NA1_5470483875,24,Jax,100,TOP,True,5,5,4
NA1_5470483875,106,Volibear,100,JUNGLE,True,5,6,13
NA1_5470483875,268,Azir,100,MIDDLE,True,7,8,8
NA1_5470483875,901,Smolder,100,BOTTOM,True,14,8,9
NA1_5470483875,63,Brand,100,UTILITY,True,5,10,14
NA1_5470483875,92,Riven,200,TOP,False,7,7,7
NA1_5470483875,64,LeeSin,200,JUNGLE,False,9,5,11
NA1_5470483875,103,Ahri,200,MIDDLE,False,10,5,15
NA1_5470483875,67,Vayne,200,BOTTOM,False,11,8,10
NA1_5470483875,16,Soraka,200,UTILITY,False,0,11,19
NA1_5487029985,14,Sion,100,TOP,True,1,6,6
NA1_5487029985,245,Ekko,100,JUNGLE,True,11,2,6
NA1_5487029985,38,Kassadin,100,MIDDLE,True,3,0,3
NA1_5487029985,21,MissFortune,100,BOTTOM,True,5,2,14
NA1_5487029985,147,Seraphine,100,UTILITY,True,6,3,14
NA1_5487029985,904,Zaahen,200,TOP,False,4,7,1
NA1_5487029985,92,Riven,200,JUNGLE,False,4,6,1
NA1_5487029985,90,Malzahar,200,MIDDLE,False,0,0,6
NA1_5487029985,67,Vayne,200,BOTTOM,False,5,7,2
NA1_5487029985,117,Lulu,200,UTILITY,False,0,6,10
NA1_5492907204,6,Urgot,100,TOP,False,4,5,2
NA1_5492907204,48,Trundle,100,JUNGLE,False,2,9,2
NA1_5492907204,8,Vladimir,100,MIDDLE,False,5,7,2
NA1_5492907204,222,Jinx,100,BOTTOM,False,2,6,0
NA1_5492907204,76,Nidalee,100,UTILITY,False,0,8,2
NA1_5492907204,41,Gangplank,200,TOP,True,6,5,8
NA1_5492907204,200,Belveth,200,JUNGLE,True,11,1,11
NA1_5492907204,103,Ahri,200,MIDDLE,True,4,7,9
NA1_5492907204,136,AurelionSol,200,BOTTOM,True,11,0,10
NA1_5492907204,147,Seraphine,200,UTILITY,True,3,0,19
NA1_5492683004,126,Jayce,100,TOP,False,13,5,7
NA1_5492683004,36,DrMundo,100,JUNGLE,False,13,9,7
NA1_5492683004,54,Malphite,100,MIDDLE,False,3,9,15
NA1_5492683004,145,Kaisa,100,BOTTOM,False,10,9,12
NA1_5492683004,111,Nautilus,100,UTILITY,False,1,10,24
NA1_5492683004,157,Yasuo,200,TOP,True,3,12,6
NA1_5492683004,76,Nidalee,200,JUNGLE,True,13,7,17
NA1_5492683004,38,Kassadin,200,MIDDLE,True,12,5,13
NA1_5492683004,222,Jinx,200,BOTTOM,True,11,8,16
NA1_5492683004,37,Sona,200,UTILITY,True,3,8,33
NA1_5489279844,266,Aatrox,100,TOP,True,5,9,9
NA1_5489279844,799,Ambessa,100,JUNGLE,True,13,4,13
NA1_5489279844,39,Irelia,100,MIDDLE,True,11,4,11
NA1_5489279844,901,Smolder,100,BOTTOM,True,16,13,5
NA1_5489279844,267,Nami,100,UTILITY,True,0,10,23
NA1_5489279844,904,Zaahen,200,TOP,False,5,14,9
NA1_5489279844,121,Khazix,200,JUNGLE,False,8,9,11
NA1_5489279844,115,Ziggs,200,MIDDLE,False,3,5,13
NA1_5489279844,236,Lucian,200,BOTTOM,False,21,9,11
NA1_5489279844,412,Thresh,200,UTILITY,False,3,8,26
NA1_5488591963,41,Gangplank,100,TOP,True,11,7,7
NA1_5488591963,30,Karthus,100,JUNGLE,True,16,8,9
NA1_5488591963,134,Syndra,100,MIDDLE,True,4,1,10
NA1_5488591963,523,Aphelios,100,BOTTOM,True,12,6,8
NA1_5488591963,43,Karma,100,UTILITY,True,2,4,21
NA1_5488591963,126,Jayce,200,TOP,False,2,10,4
NA1_5488591963,122,Darius,200,JUNGLE,False,4,11,4
NA1_5488591963,92,Riven,200,MIDDLE,False,10,8,4
NA1_5488591963,81,Ezreal,200,BOTTOM,False,4,5,3
NA1_5488591963,60,Elise,200,UTILITY,False,5,11,5
NA1_5485738792,799,Ambessa,100,TOP,False,4,9,4
NA1_5485738792,254,Vi,100,JUNGLE,False,4,6,7
NA1_5485738792,157,Yasuo,100,MIDDLE,False,5,6,4
NA1_5485738792,800,Mel,100,BOTTOM,False,4,7,2
NA1_5485738792,147,Seraphine,100,UTILITY,False,1,6,11
NA1_5485738792,86,Garen,200,TOP,True,9,1,8
NA1_5485738792,266,Aatrox,200,JUNGLE,True,8,6,8
NA1_5485738792,13,Ryze,200,MIDDLE,True,8,2,8
NA1_5485738792,523,Aphelios,200,BOTTOM,True,7,6,8
NA1_5485738792,497,Rakan,200,UTILITY,True,2,3,17
NA1_5502530706,2,Olaf,100,TOP,True,6,4,2
NA1_5502530706,20,Nunu,100,JUNGLE,True,7,1,13
NA1_5502530706,238,Zed,100,MIDDLE,True,13,3,3
NA1_5502530706,50,Swain,100,BOTTOM,True,9,3,3
NA1_5502530706,89,Leona,100,UTILITY,True,0,2,13
NA1_5502530706,122,Darius,200,TOP,False,3,7,1
NA1_5502530706,131,Diana,200,JUNGLE,False,6,6,3
NA1_5502530706,91,Talon,200,MIDDLE,False,2,8,1
NA1_5502530706,202,Jhin,200,BOTTOM,False,2,7,3
NA1_5502530706,117,Lulu,200,UTILITY,False,0,7,4
NA1_5499644228,34,Anivia,100,TOP,True,8,1,9
NA1_5499644228,59,JarvanIV,100,JUNGLE,True,7,6,15
NA1_5499644228,518,Neeko,100,MIDDLE,True,6,5,11
NA1_5499644228,804,Yunara,100,BOTTOM,True,7,5,9
NA1_5499644228,78,Poppy,100,UTILITY,True,4,7,13
NA1_5499644228,85,Kennen,200,TOP,False,5,5,5
NA1_5499644228,91,Talon,200,JUNGLE,False,8,6,7
NA1_5499644228,777,Yone,200,MIDDLE,False,3,6,8
NA1_5499644228,145,Kaisa,200,BOTTOM,False,4,8,7
NA1_5499644228,267,Nami,200,UTILITY,False,4,8,17
NA1_5517111478,799,Ambessa,100,TOP,False,6,7,6
NA1_5517111478,56,Nocturne,100,JUNGLE,False,4,7,12
NA1_5517111478,90,Malzahar,100,MIDDLE,False,8,7,6
NA1_5517111478,804,Yunara,100,BOTTOM,False,6,13,7
NA1_5517111478,40,Janna,100,UTILITY,False,1,6,14
NA1_5517111478,98,Shen,200,TOP,True,11,1,14
NA1_5517111478,20,Nunu,200,JUNGLE,True,3,8,23
NA1_5517111478,112,Viktor,200,MIDDLE,True,15,6,8
NA1_5517111478,910,Hwei,200,BOTTOM,True,11,7,14
NA1_5517111478,267,Nami,200,UTILITY,True,0,3,31
NA1_5483808798,122,Darius,100,TOP,True,11,1,4
NA1_5483808798,904,Zaahen,100,JUNGLE,True,5,4,12
NA1_5483808798,86,Garen,100,MIDDLE,True,6,6,5
NA1_5483808798,45,Veigar,100,BOTTOM,True,5,2,7
NA1_5483808798,89,Leona,100,UTILITY,True,1,4,11
NA1_5483808798,516,Ornn,200,TOP,False,1,5,3
NA1_5483808798,64,LeeSin,200,JUNGLE,False,4,5,8
NA1_5483808798,238,Zed,200,MIDDLE,False,4,7,5
NA1_5483808798,145,Kaisa,200,BOTTOM,False,6,4,4
NA1_5483808798,412,Thresh,200,UTILITY,False,2,7,8
NA1_5483389975,887,Gwen,100,TOP,True,7,1,2
NA1_5483389975,91,Talon,100,JUNGLE,True,4,2,5
NA1_5483389975,84,Akali,100,MIDDLE,True,6,2,2
NA1_5483389975,147,Seraphine,100,BOTTOM,True,4,0,8
NA1_5483389975,12,Alistar,100,UTILITY,True,1,1,12
NA1_5483389975,98,Shen,200,TOP,False,1,7,0
NA1_5483389975,234,Viego,200,JUNGLE,False,2,3,2
NA1_5483389975,134,Syndra,200,MIDDLE,False,2,4,1
NA1_5483389975,42,Corki,200,BOTTOM,False,1,5,0
NA1_5483389975,40,Janna,200,UTILITY,False,0,3,0
NA1_5501495028,114,Fiora,100,TOP,False,3,7,1
NA1_5501495028,245,Ekko,100,JUNGLE,False,6,1,2
NA1_5501495028,893,Aurora,100,MIDDLE,False,0,7,2
NA1_5501495028,498,Xayah,100,BOTTOM,False,1,2,1
NA1_5501495028,44,Taric,100,UTILITY,False,0,5,2
NA1_5501495028,39,Irelia,200,TOP,True,6,5,1
NA1_5501495028,120,Hecarim,200,JUNGLE,True,4,2,0
NA1_5501495028,142,Zoe,200,MIDDLE,True,6,0,0
NA1_5501495028,235,Senna,200,BOTTOM,True,3,0,6
NA1_5501495028,98,Shen,200,UTILITY,True,3,3,7
NA1_5504446712,80,Pantheon,100,TOP,False,1,5,1
NA1_5504446712,79,Gragas,100,JUNGLE,False,3,4,4
NA1_5504446712,157,Yasuo,100,MIDDLE,False,5,6,2
NA1_5504446712,22,Ashe,100,BOTTOM,False,4,10,4
NA1_5504446712,223,TahmKench,100,UTILITY,False,0,9,7
NA1_5504446712,59,JarvanIV,200,TOP,True,4,1,5
NA1_5504446712,20,Nunu,200,JUNGLE,True,5,2,11
NA1_5504446712,90,Malzahar,200,MIDDLE,True,6,5,9
NA1_5504446712,804,Yunara,200,BOTTOM,True,17,1,7
NA1_5504446712,526,Rell,200,UTILITY,True,2,4,26
NA1_5500053926,157,Yasuo,100,TOP,True,6,5,7
NA1_5500053926,517,Sylas,100,JUNGLE,True,13,4,10
NA1_5500053926,105,Fizz,100,MIDDLE,True,12,4,8
NA1_5500053926,360,Samira,100,BOTTOM,True,8,6,11
NA1_5500053926,111,Nautilus,100,UTILITY,True,2,6,13
NA1_5500053926,19,Warwick,200,TOP,False,9,9,2
NA1_5500053926,28,Evelynn,200,JUNGLE,False,2,4,4
NA1_5500053926,804,Yunara,200,MIDDLE,False,4,12,8
NA1_5500053926,51,Caitlyn,200,BOTTOM,False,7,10,6
NA1_5500053926,201,Braum,200,UTILITY,False,3,6,17
NA1_5517772788,875,Sett,100,TOP,False,4,7,0
NA1_5517772788,56,Nocturne,100,JUNGLE,False,6,6,3
NA1_5517772788,142,Zoe,100,MIDDLE,False,4,8,4
NA1_5517772788,523,Aphelios,100,BOTTOM,False,1,9,9
NA1_5517772788,43,Karma,100,UTILITY,False,1,9,9
NA1_5517772788,25,Morgana,200,TOP,True,6,2,12
NA1_5517772788,234,Viego,200,JUNGLE,True,12,4,10
NA1_5517772788,800,Mel,200,MIDDLE,True,9,3,5
NA1_5517772788,119,Draven,200,BOTTOM,True,12,6,8
NA1_5517772788,79,Gragas,200,UTILITY,True,0,1,22
NA1_5482830962,777,Yone,100,TOP,False,3,13,2
NA1_5482830962,245,Ekko,100,JUNGLE,False,4,5,6
NA1_5482830962,238,Zed,100,MIDDLE,False,6,6,1
NA1_5482830962,81,Ezreal,100,BOTTOM,False,5,7,7
NA1_5482830962,37,Sona,100,UTILITY,False,0,6,14
NA1_5482830962,41,Gangplank,200,TOP,True,20,3,2
NA1_5482830962,121,Khazix,200,JUNGLE,True,11,2,4
NA1_5482830962,61,Orianna,200,MIDDLE,True,4,3,12
NA1_5482830962,147,Seraphine,200,BOTTOM,True,2,4,11
NA1_5482830962,154,Zac,200,UTILITY,True,0,6,8
NA1_5490114438,24,Jax,100,TOP,False,7,6,0
NA1_5490114438,120,Hecarim,100,JUNGLE,False,3,7,7
NA1_5490114438,13,Ryze,100,MIDDLE,False,2,9,7
NA1_5490114438,804,Yunara,100,BOTTOM,False,3,6,8
NA1_5490114438,412,Thresh,100,UTILITY,False,1,8,9
NA1_5490114438,904,Zaahen,200,TOP,True,3,3,8
NA1_5490114438,9,FiddleSticks,200,JUNGLE,True,6,3,15
NA1_5490114438,92,Riven,200,MIDDLE,True,16,2,6
NA1_5490114438,51,Caitlyn,200,BOTTOM,True,10,3,5
NA1_5490114438,43,Karma,200,UTILITY,True,1,5,24
NA1_5506370349,223,TahmKench,100,TOP,False,0,3,0
NA1_5506370349,104,Graves,100,JUNGLE,False,1,7,0
NA1_5506370349,134,Syndra,100,MIDDLE,False,0,5,0
NA1_5506370349,222,Jinx,100,BOTTOM,False,1,5,2
NA1_5506370349,412,Thresh,100,UTILITY,False,1,6,2
NA1_5506370349,6,Urgot,200,TOP,True,3,0,0
NA1_5506370349,76,Nidalee,200,JUNGLE,True,6,0,7
NA1_5506370349,103,Ahri,200,MIDDLE,True,7,0,4
NA1_5506370349,42,Corki,200,BOTTOM,True,8,1,6
NA1_5506370349,888,Renata,200,UTILITY,True,2,2,15
NA1_5503060645,150,Gnar,100,TOP,True,2,1,0
NA1_5503060645,59,JarvanIV,100,JUNGLE,True,5,1,5
NA1_5503060645,161,Velkoz,100,MIDDLE,True,10,2,2
NA1_5503060645,42,Corki,100,BOTTOM,True,2,2,4
NA1_5503060645,16,Soraka,100,UTILITY,True,0,1,7
NA1_5503060645,24,Jax,200,TOP,False,2,3,0
NA1_5503060645,245,Ekko,200,JUNGLE,False,2,4,3
NA1_5503060645,134,Syndra,200,MIDDLE,False,1,7,1
NA1_5503060645,145,Kaisa,200,BOTTOM,False,2,4,2
NA1_5503060645,117,Lulu,200,UTILITY,False,0,1,3
NA1_5509480283,80,Pantheon,100,TOP,True,6,6,3
NA1_5509480283,56,Nocturne,100,JUNGLE,True,2,2,13
NA1_5509480283,42,Corki,100,MIDDLE,True,10,3,8
NA1_5509480283,45,Veigar,100,BOTTOM,True,13,2,13
NA1_5509480283,517,Sylas,100,UTILITY,True,3,4,16
NA1_5509480283,86,Garen,200,TOP,False,6,9,4
NA1_5509480283,104,Graves,200,JUNGLE,False,4,5,2
NA1_5509480283,126,Jayce,200,MIDDLE,False,0,8,4
NA1_5509480283,804,Yunara,200,BOTTOM,False,7,5,4
NA1_5509480283,37,Sona,200,UTILITY,False,0,8,10
NA1_5513033948,84,Akali,100,TOP,False,3,6,0
NA1_5513033948,77,Udyr,100,JUNGLE,False,2,6,3
NA1_5513033948,103,Ahri,100,MIDDLE,False,1,3,0
NA1_5513033948,901,Smolder,100,BOTTOM,False,0,3,0
NA1_5513033948,147,Seraphine,100,UTILITY,False,2,4,0
NA1_5513033948,41,Gangplank,200,TOP,True,8,2,2
NA1_5513033948,75,Nasus,200,JUNGLE,True,1,2,4
NA1_5513033948,777,Yone,200,MIDDLE,True,4,1,0
NA1_5513033948,222,Jinx,200,BOTTOM,True,4,2,4
NA1_5513033948,161,Velkoz,200,UTILITY,True,5,1,4
NA1_5495189950,54,Malphite,100,TOP,True,4,2,6
NA1_5495189950,233,Briar,100,JUNGLE,True,18,3,11
NA1_5495189950,55,Katarina,100,MIDDLE,True,13,4,6
NA1_5495189950,147,Seraphine,100,BOTTOM,True,4,4,22
NA1_5495189950,111,Nautilus,100,UTILITY,True,1,7,9
NA1_5495189950,36,DrMundo,200,TOP,False,0,7,2
NA1_5495189950,245,Ekko,200,JUNGLE,False,5,6,2
NA1_5495189950,238,Zed,200,MIDDLE,False,6,12,4
NA1_5495189950,145,Kaisa,200,BOTTOM,False,7,7,5
NA1_5495189950,63,Brand,200,UTILITY,False,2,8,8
NA1_5500885238,164,Camille,100,TOP,False,2,7,5
NA1_5500885238,77,Udyr,100,JUNGLE,False,9,4,5
NA1_5500885238,39,Irelia,100,MIDDLE,False,6,12,1
NA1_5500885238,910,Hwei,100,BOTTOM,False,3,9,7
NA1_5500885238,99,Lux,100,UTILITY,False,3,8,12
NA1_5500885238,58,Renekton,200,TOP,True,9,7,7
NA1_5500885238,203,Kindred,200,JUNGLE,True,16,4,11
NA1_5500885238,3,Galio,200,MIDDLE,True,3,2,14
NA1_5500885238,81,Ezreal,200,BOTTOM,True,10,5,6
NA1_5500885238,43,Karma,200,UTILITY,True,2,5,20
NA1_5517095084,48,Trundle,100,TOP,True,2,7,5
NA1_5517095084,107,Rengar,100,JUNGLE,True,9,4,6
NA1_5517095084,34,Anivia,100,MIDDLE,True,16,5,13
NA1_5517095084,498,Xayah,100,BOTTOM,True,18,6,8
NA1_5517095084,9,FiddleSticks,100,UTILITY,True,2,9,15
NA1_5517095084,777,Yone,200,TOP,False,7,3,3
NA1_5517095084,64,LeeSin,200,JUNGLE,False,6,14,5
NA1_5517095084,127,Lissandra,200,MIDDLE,False,5,10,3
NA1_5517095084,145,Kaisa,200,BOTTOM,False,10,12,8
NA1_5517095084,78,Poppy,200,UTILITY,False,3,8,16
NA1_5490326047,92,Riven,100,TOP,False,1,8,1
NA1_5490326047,950,Naafiri,100,JUNGLE,False,3,5,5
NA1_5490326047,157,Yasuo,100,MIDDLE,False,4,12,5
NA1_5490326047,147,Seraphine,100,BOTTOM,False,3,4,2
NA1_5490326047,57,Maokai,100,UTILITY,False,3,3,5
NA1_5490326047,31,Chogath,200,TOP,True,5,2,0
NA1_5490326047,59,JarvanIV,200,JUNGLE,True,7,3,13
NA1_5490326047,112,Viktor,200,MIDDLE,True,10,5,8
NA1_5490326047,22,Ashe,200,BOTTOM,True,5,2,9
NA1_5490326047,267,Nami,200,UTILITY,True,5,2,16
NA1_5490081587,36,DrMundo,100,TOP,True,9,7,5
NA1_5490081587,63,Brand,100,JUNGLE,True,7,7,20
NA1_5490081587,166,Akshan,100,MIDDLE,True,7,5,10
NA1_5490081587,202,Jhin,100,BOTTOM,True,7,5,7
NA1_5490081587,60,Elise,100,UTILITY,True,7,5,7
NA1_5490081587,19,Warwick,200,TOP,False,19,8,5
NA1_5490081587,5,XinZhao,200,JUNGLE,False,4,9,8
NA1_5490081587,12,Alistar,200,MIDDLE,False,3,12,5
NA1_5490081587,147,Seraphine,200,BOTTOM,False,3,4,5
NA1_5490081587,267,Nami,200,UTILITY,False,0,4,13
NA1_5501393506,161,Velkoz,100,TOP,False,2,12,2
NA1_5501393506,76,Nidalee,100,JUNGLE,False,2,4,7
NA1_5501393506,75,Nasus,100,MIDDLE,False,5,5,2
NA1_5501393506,42,Corki,100,BOTTOM,False,8,8,1
NA1_5501393506,267,Nami,100,UTILITY,False,1,6,8
NA1_5501393506,6,Urgot,200,TOP,True,10,5,1
NA1_5501393506,20,Nunu,200,JUNGLE,True,7,2,10
NA1_5501393506,777,Yone,200,MIDDLE,True,5,4,6
NA1_5501393506,804,Yunara,200,BOTTOM,True,11,6,11
NA1_5501393506,34,Anivia,200,UTILITY,True,2,2,16
NA1_5503769180,58,Renekton,100,TOP,True,8,3,7
NA1_5503769180,104,Graves,100,JUNGLE,True,18,2,4
NA1_5503769180,13,Ryze,100,MIDDLE,True,4,4,10
NA1_5503769180,523,Aphelios,100,BOTTOM,True,1,8,14
NA1_5503769180,412,Thresh,100,UTILITY,True,1,9,19
NA1_5503769180,887,Gwen,200,TOP,False,2,10,5
NA1_5503769180,62,MonkeyKing,200,JUNGLE,False,6,7,11
NA1_5503769180,55,Katarina,200,MIDDLE,False,7,5,2
NA1_5503769180,21,MissFortune,200,BOTTOM,False,10,5,9
NA1_5503769180,497,Rakan,200,UTILITY,False,1,5,18
NA1_5511867969,164,Camille,100,TOP,True,12,7,12
NA1_5511867969,56,Nocturne,100,JUNGLE,True,14,4,16
NA1_5511867969,103,Ahri,100,MIDDLE,True,10,8,15
NA1_5511867969,498,Xayah,100,BOTTOM,True,12,9,9
NA1_5511867969,16,Soraka,100,UTILITY,True,0,5,32
NA1_5511867969,114,Fiora,200,TOP,False,2,11,7
NA1_5511867969,517,Sylas,200,JUNGLE,False,5,9,9
NA1_5511867969,777,Yone,200,MIDDLE,False,11,6,7
NA1_5511867969,157,Yasuo,200,BOTTOM,False,9,9,5
NA1_5511867969,555,Pyke,200,UTILITY,False,6,13,9
NA1_5512290397,67,Vayne,100,TOP,False,5,8,1
NA1_5512290397,36,DrMundo,100,JUNGLE,False,2,5,4
NA1_5512290397,115,Ziggs,100,MIDDLE,False,2,4,6
NA1_5512290397,81,Ezreal,100,BOTTOM,False,1,5,7
NA1_5512290397,142,Zoe,100,UTILITY,False,3,6,7
NA1_5512290397,54,Malphite,200,TOP,True,7,3,3
NA1_5512290397,106,Volibear,200,JUNGLE,True,4,1,2
NA1_5512290397,777,Yone,200,MIDDLE,True,7,4,1
NA1_5512290397,222,Jinx,200,BOTTOM,True,9,2,4
NA1_5512290397,412,Thresh,200,UTILITY,True,1,3,8
NA1_5503475597,39,Irelia,100,TOP,False,7,7,2
NA1_5503475597,234,Viego,100,JUNGLE,False,13,7,3
NA1_5503475597,893,Aurora,100,MIDDLE,False,2,6,7
NA1_5503475597,498,Xayah,100,BOTTOM,False,6,10,7
NA1_5503475597,50,Swain,100,UTILITY,False,2,8,16
NA1_5503475597,126,Jayce,200,TOP,True,5,10,3
NA1_5503475597,5,XinZhao,200,JUNGLE,True,8,5,14
NA1_5503475597,103,Ahri,200,MIDDLE,True,11,5,10
NA1_5503475597,222,Jinx,200,BOTTOM,True,8,7,16
NA1_5503475597,147,Seraphine,200,UTILITY,True,6,3,26
NA1_5504558017,238,Zed,100,TOP,True,9,3,15
NA1_5504558017,5,XinZhao,100,JUNGLE,True,14,6,12
NA1_5504558017,85,Kennen,100,MIDDLE,True,8,5,9
NA1_5504558017,234,Viego,100,BOTTOM,True,11,7,9
NA1_5504558017,235,Senna,100,UTILITY,True,6,5,24
NA1_5504558017,36,DrMundo,200,TOP,False,3,12,5
NA1_5504558017,254,Vi,200,JUNGLE,False,5,7,9
NA1_5504558017,517,Sylas,200,MIDDLE,False,5,10,9
NA1_5504558017,115,Ziggs,200,BOTTOM,False,4,7,10
NA1_5504558017,555,Pyke,200,UTILITY,False,9,12,6
NA1_5503998447,41,Gangplank,100,TOP,True,2,4,7
NA1_5503998447,56,Nocturne,100,JUNGLE,True,12,2,5
NA1_5503998447,142,Zoe,100,MIDDLE,True,3,3,5
NA1_5503998447,236,Lucian,100,BOTTOM,True,11,3,6
NA1_5503998447,267,Nami,100,UTILITY,True,2,1,19
NA1_5503998447,164,Camille,200,TOP,False,4,5,2
NA1_5503998447,64,LeeSin,200,JUNGLE,False,3,9,3
NA1_5503998447,777,Yone,200,MIDDLE,False,6,5,1
NA1_5503998447,45,Veigar,200,BOTTOM,False,0,8,3
NA1_5503998447,43,Karma,200,UTILITY,False,0,3,2
NA1_5511816886,799,Ambessa,100,TOP,False,9,8,2
NA1_5511816886,24,Jax,100,JUNGLE,False,14,9,3
NA1_5511816886,92,Riven,100,MIDDLE,False,4,11,9
NA1_5511816886,523,Aphelios,100,BOTTOM,False,4,8,8
NA1_5511816886,902,Milio,100,UTILITY,False,0,6,11
NA1_5511816886,79,Gragas,200,TOP,True,6,6,9
NA1_5511816886,131,Diana,200,JUNGLE,True,7,5,8
NA1_5511816886,157,Yasuo,200,MIDDLE,True,7,11,9
NA1_5511816886,360,Samira,200,BOTTOM,True,22,4,5
NA1_5511816886,89,Leona,200,UTILITY,True,0,5,26
NA1_5499311737,266,Aatrox,100,TOP,False,7,5,5
NA1_5499311737,233,Briar,100,JUNGLE,False,6,10,5
NA1_5499311737,55,Katarina,100,MIDDLE,False,5,8,5
NA1_5499311737,81,Ezreal,100,BOTTOM,False,8,3,4
NA1_5499311737,89,Leona,100,UTILITY,False,0,9,10
NA1_5499311737,114,Fiora,200,TOP,True,3,6,4
NA1_5499311737,163,Taliyah,200,JUNGLE,True,5,7,13
NA1_5499311737,86,Garen,200,MIDDLE,True,6,2,10
NA1_5499311737,236,Lucian,200,BOTTOM,True,19,7,9
NA1_5499311737,201,Braum,200,UTILITY,True,2,4,21
NA1_5488277580,84,Akali,100,TOP,False,6,10,2
NA1_5488277580,104,Graves,100,JUNGLE,False,5,8,1
NA1_5488277580,950,Naafiri,100,MIDDLE,False,7,6,4
NA1_5488277580,222,Jinx,100,BOTTOM,False,1,5,3
NA1_5488277580,26,Zilean,100,UTILITY,False,2,2,4
NA1_5488277580,516,Ornn,200,TOP,True,4,9,4
NA1_5488277580,30,Karthus,200,JUNGLE,True,16,4,7
NA1_5488277580,80,Pantheon,200,MIDDLE,True,5,5,7
NA1_5488277580,81,Ezreal,200,BOTTOM,True,4,3,8
NA1_5488277580,37,Sona,200,UTILITY,True,2,1,13
NA1_5488193509,516,Ornn,100,TOP,False,8,2,2
NA1_5488193509,32,Amumu,100,JUNGLE,False,4,4,8
NA1_5488193509,157,Yasuo,100,MIDDLE,False,1,10,2
NA1_5488193509,110,Varus,100,BOTTOM,False,3,9,1
NA1_5488193509,12,Alistar,100,UTILITY,False,1,5,7
NA1_5488193509,78,Poppy,200,TOP,True,4,8,5
NA1_5488193509,5,XinZhao,200,JUNGLE,True,10,4,5
NA1_5488193509,127,Lissandra,200,MIDDLE,True,10,3,7
NA1_5488193509,99,Lux,200,BOTTOM,True,6,2,9
NA1_5488193509,26,Zilean,200,UTILITY,True,0,0,14
NA1_5503862818,75,Nasus,100,TOP,False,8,7,5
NA1_5503862818,76,Nidalee,100,JUNGLE,False,13,9,5
NA1_5503862818,800,Mel,100,MIDDLE,False,7,14,2
NA1_5503862818,22,Ashe,100,BOTTOM,False,2,9,8
NA1_5503862818,147,Seraphine,100,UTILITY,False,0,13,9
NA1_5503862818,517,Sylas,200,TOP,True,8,8,7
NA1_5503862818,121,Khazix,200,JUNGLE,True,5,6,11
NA1_5503862818,23,Tryndamere,200,MIDDLE,True,11,12,7
NA1_5503862818,69,Cassiopeia,200,BOTTOM,True,25,3,7
NA1_5503862818,43,Karma,200,UTILITY,True,3,1,28
NA1_5500274530,58,Renekton,100,TOP,False,1,1,0
NA1_5500274530,887,Gwen,100,JUNGLE,False,1,2,1
NA1_5500274530,238,Zed,100,MIDDLE,False,2,2,1
NA1_5500274530,29,Twitch,100,BOTTOM,False,4,6,0
NA1_5500274530,1,Annie,100,UTILITY,False,0,4,4
NA1_5500274530,31,Chogath,200,TOP,True,0,0,1
NA1_5500274530,950,Naafiri,200,JUNGLE,True,4,2,0
NA1_5500274530,50,Swain,200,MIDDLE,True,0,3,4
NA1_5500274530,96,KogMaw,200,BOTTOM,True,11,2,0
NA1_5500274530,117,Lulu,200,UTILITY,True,0,1,9
NA1_5500622375,799,Ambessa,100,TOP,False,5,4,7
NA1_5500622375,63,Brand,100,JUNGLE,False,4,5,10
NA1_5500622375,157,Yasuo,100,MIDDLE,False,8,9,6
NA1_5500622375,67,Vayne,100,BOTTOM,False,17,9,4
NA1_5500622375,1,Annie,100,UTILITY,False,2,12,17
NA1_5500622375,14,Sion,200,TOP,True,1,6,10
NA1_5500622375,163,Taliyah,200,JUNGLE,True,9,9,17
NA1_5500622375,238,Zed,200,MIDDLE,True,7,8,8
NA1_5500622375,222,Jinx,200,BOTTOM,True,21,7,8
NA1_5500622375,40,Janna,200,UTILITY,True,1,6,31
NA1_5487187289,777,Yone,100,TOP,False,4,4,2
NA1_5487187289,36,DrMundo,100,JUNGLE,False,1,4,5
NA1_5487187289,90,Malzahar,100,MIDDLE,False,2,4,3
NA1_5487187289,236,Lucian,100,BOTTOM,False,2,6,0
NA1_5487187289,37,Sona,100,UTILITY,False,0,3,3
NA1_5487187289,27,Singed,200,TOP,True,3,3,4
NA1_5487187289,11,MasterYi,200,JUNGLE,True,10,2,6
NA1_5487187289,901,Smolder,200,MIDDLE,True,3,2,9
NA1_5487187289,42,Corki,200,BOTTOM,True,4,1,5
NA1_5487187289,518,Neeko,200,UTILITY,True,1,1,13
NA1_5489165512,8,Vladimir,100,TOP,False,7,11,1
NA1_5489165512,799,Ambessa,100,JUNGLE,False,13,9,6
NA1_5489165512,103,Ahri,100,MIDDLE,False,8,9,7
NA1_5489165512,901,Smolder,100,BOTTOM,False,1,13,3
NA1_5489165512,267,Nami,100,UTILITY,False,1,10,7
NA1_5489165512,164,Camille,200,TOP,True,15,6,7
NA1_5489165512,56,Nocturne,200,JUNGLE,True,13,5,11
NA1_5489165512,240,Kled,200,MIDDLE,True,15,8,9
NA1_5489165512,202,Jhin,200,BOTTOM,True,6,5,19
NA1_5489165512,161,Velkoz,200,UTILITY,True,3,6,17
NA1_5498633481,164,Camille,100,TOP,False,5,8,2
NA1_5498633481,131,Diana,100,JUNGLE,False,11,9,10
NA1_5498633481,105,Fizz,100,MIDDLE,False,5,10,3
NA1_5498633481,51,Caitlyn,100,BOTTOM,False,5,8,11
NA1_5498633481,4,TwistedFate,100,UTILITY,False,6,4,15
NA1_5498633481,23,Tryndamere,200,TOP,True,8,6,6
NA1_5498633481,35,Shaco,200,JUNGLE,True,7,4,10
NA1_5498633481,1,Annie,200,MIDDLE,True,12,4,11
NA1_5498633481,96,KogMaw,200,BOTTOM,True,5,9,5
NA1_5498633481,235,Senna,200,UTILITY,True,7,9,16
NA1_5507030995,69,Cassiopeia,100,TOP,True,5,1,6
NA1_5507030995,421,RekSai,100,JUNGLE,True,5,1,10
NA1_5507030995,157,Yasuo,100,MIDDLE,True,9,2,3
NA1_5507030995,63,Brand,100,BOTTOM,True,4,1,7
NA1_5507030995,16,Soraka,100,UTILITY,True,2,1,13
NA1_5507030995,54,Malphite,200,TOP,False,0,4,1
NA1_5507030995,245,Ekko,200,JUNGLE,False,2,4,1
NA1_5507030995,34,Anivia,200,MIDDLE,False,1,6,2
NA1_5507030995,18,Tristana,200,BOTTOM,False,3,7,3
NA1_5507030995,117,Lulu,200,UTILITY,False,0,4,6
NA1_5470415961,92,Riven,100,TOP,False,2,5,0
NA1_5470415961,59,JarvanIV,100,JUNGLE,False,2,3,1
NA1_5470415961,69,Cassiopeia,100,MIDDLE,False,1,6,2
NA1_5470415961,901,Smolder,100,BOTTOM,False,0,5,0
NA1_5470415961,37,Sona,100,UTILITY,False,2,4,0
NA1_5470415961,50,Swain,200,TOP,True,6,3,0
NA1_5470415961,245,Ekko,200,JUNGLE,True,9,0,3
NA1_5470415961,43,Karma,200,MIDDLE,True,0,2,6
NA1_5470415961,119,Draven,200,BOTTOM,True,7,1,3
NA1_5470415961,53,Blitzcrank,200,UTILITY,True,1,1,11
NA1_5495634692,421,RekSai,100,TOP,False,0,7,0
NA1_5495634692,254,Vi,100,JUNGLE,False,2,2,0
NA1_5495634692,39,Irelia,100,MIDDLE,False,0,7,0
NA1_5495634692,119,Draven,100,BOTTOM,False,2,4,1
NA1_5495634692,267,Nami,100,UTILITY,False,0,3,4
NA1_5495634692,164,Camille,200,TOP,True,6,0,1
NA1_5495634692,19,Warwick,200,JUNGLE,True,5,1,2
NA1_5495634692,711,Vex,200,MIDDLE,True,9,1,3
NA1_5495634692,63,Brand,200,BOTTOM,True,3,1,4
NA1_5495634692,497,Rakan,200,UTILITY,True,0,1,9
NA1_5499568756,39,Irelia,100,TOP,True,9,3,3
NA1_5499568756,35,Shaco,100,JUNGLE,True,7,6,3
NA1_5499568756,31,Chogath,100,MIDDLE,True,10,1,6
NA1_5499568756,81,Ezreal,100,BOTTOM,True,9,6,7
NA1_5499568756,37,Sona,100,UTILITY,True,1,9,17
NA1_5499568756,893,Aurora,200,TOP,False,2,8,1
NA1_5499568756,107,Rengar,200,JUNGLE,False,8,8,5
NA1_5499568756,163,Taliyah,200,MIDDLE,False,2,4,3
NA1_5499568756,804,Yunara,200,BOTTOM,False,10,7,5
NA1_5499568756,555,Pyke,200,UTILITY,False,3,9,10
NA1_5519520208,36,DrMundo,100,TOP,True,4,13,9
NA1_5519520208,421,RekSai,100,JUNGLE,True,16,5,17
NA1_5519520208,3,Galio,100,MIDDLE,True,14,9,17
NA1_5519520208,202,Jhin,100,BOTTOM,True,15,7,9
NA1_5519520208,161,Velkoz,100,UTILITY,True,8,10,22
NA1_5519520208,77,Udyr,200,TOP,False,13,8,3
NA1_5519520208,28,Evelynn,200,JUNGLE,False,6,13,7
NA1_5519520208,126,Jayce,200,MIDDLE,False,14,14,0
NA1_5519520208,81,Ezreal,200,BOTTOM,False,7,13,7
NA1_5519520208,432,Bard,200,UTILITY,False,4,9,16
NA1_5489358728,41,Gangplank,100,TOP,False,9,6,6
NA1_5489358728,131,Diana,100,JUNGLE,False,8,8,9
NA1_5489358728,103,Ahri,100,MIDDLE,False,3,5,5
NA1_5489358728,523,Aphelios,100,BOTTOM,False,7,6,5
NA1_5489358728,25,Morgana,100,UTILITY,False,1,9,13
NA1_5489358728,56,Nocturne,200,TOP,True,3,10,7
NA1_5489358728,106,Volibear,200,JUNGLE,True,9,5,10
NA1_5489358728,38,Kassadin,200,MIDDLE,True,10,4,8
NA1_5489358728,115,Ziggs,200,BOTTOM,True,10,3,12
NA1_5489358728,43,Karma,200,UTILITY,True,2,6,17
NA1_5488595654,75,Nasus,100,TOP,True,2,11,7
NA1_5488595654,77,Udyr,100,JUNGLE,True,5,3,23
NA1_5488595654,13,Ryze,100,MIDDLE,True,6,9,7
NA1_5488595654,21,MissFortune,100,BOTTOM,True,21,5,7
NA1_5488595654,902,Milio,100,UTILITY,True,0,1,27
NA1_5488595654,113,Sejuani,200,TOP,False,8,5,10
NA1_5488595654,76,Nidalee,200,JUNGLE,False,6,5,11
NA1_5488595654,92,Riven,200,MIDDLE,False,9,5,9
NA1_5488595654,895,Nilah,200,BOTTOM,False,1,9,8
NA1_5488595654,53,Blitzcrank,200,UTILITY,False,5,10,10
NA1_5502293381,114,Fiora,100,TOP,False,4,8,3
NA1_5502293381,121,Khazix,100,JUNGLE,False,8,5,8
NA1_5502293381,166,Akshan,100,MIDDLE,False,11,11,7
NA1_5502293381,498,Xayah,100,BOTTOM,False,5,5,5
NA1_5502293381,267,Nami,100,UTILITY,False,1,7,12
NA1_5502293381,54,Malphite,200,TOP,True,4,6,6
NA1_5502293381,887,Gwen,200,JUNGLE,True,8,4,6
NA1_5502293381,238,Zed,200,MIDDLE,True,20,6,6
NA1_5502293381,21,MissFortune,200,BOTTOM,True,2,8,8
NA1_5502293381,37,Sona,200,UTILITY,True,2,5,19
NA1_5491444209,82,Mordekaiser,100,TOP,True,6,6,1
NA1_5491444209,421,RekSai,100,JUNGLE,True,16,1,12
NA1_5491444209,166,Akshan,100,MIDDLE,True,12,2,8
NA1_5491444209,51,Caitlyn,100,BOTTOM,True,3,4,5
NA1_5491444209,267,Nami,100,UTILITY,True,0,4,20
NA1_5491444209,2,Olaf,200,TOP,False,4,8,2
NA1_5491444209,104,Graves,200,JUNGLE,False,5,10,2
NA1_5491444209,103,Ahri,200,MIDDLE,False,4,10,3
NA1_5491444209,147,Seraphine,200,BOTTOM,False,4,3,4
NA1_5491444209,235,Senna,200,UTILITY,False,0,6,9
NA1_5519757789,122,Darius,100,TOP,False,15,7,12
NA1_5519757789,56,Nocturne,100,JUNGLE,False,3,5,11
NA1_5519757789,517,Sylas,100,MIDDLE,False,11,11,14
NA1_5519757789,119,Draven,100,BOTTOM,False,13,11,14
NA1_5519757789,43,Karma,100,UTILITY,False,2,8,33
NA1_5519757789,266,Aatrox,200,TOP,True,1,14,12
NA1_5519757789,143,Zyra,200,JUNGLE,True,7,4,22
NA1_5519757789,103,Ahri,200,MIDDLE,True,15,5,13
NA1_5519757789,18,Tristana,200,BOTTOM,True,16,7,12
NA1_5519757789,12,Alistar,200,UTILITY,True,2,14,24
NA1_5497762955,103,Ahri,100,TOP,True,2,8,3
NA1_5497762955,141,Kayn,100,JUNGLE,True,7,7,3
NA1_5497762955,41,Gangplank,100,MIDDLE,True,9,6,8
NA1_5497762955,202,Jhin,100,BOTTOM,True,5,6,11
NA1_5497762955,111,Nautilus,100,UTILITY,True,1,4,15
NA1_5497762955,266,Aatrox,200,TOP,False,7,4,3
NA1_5497762955,107,Rengar,200,JUNGLE,False,10,5,7
NA1_5497762955,38,Kassadin,200,MIDDLE,False,9,3,4
NA1_5497762955,895,Nilah,200,BOTTOM,False,4,6,5
NA1_5497762955,43,Karma,200,UTILITY,False,1,6,17
NA1_5519401667,24,Jax,100,TOP,True,8,5,7
NA1_5519401667,102,Shyvana,100,JUNGLE,True,6,7,11
NA1_5519401667,157,Yasuo,100,MIDDLE,True,11,7,6
NA1_5519401667,235,Senna,100,BOTTOM,True,7,5,16
NA1_5519401667,223,TahmKench,100,UTILITY,True,3,3,15
NA1_5519401667,31,Chogath,200,TOP,False,5,8,3
NA1_5519401667,80,Pantheon,200,JUNGLE,False,11,8,8
NA1_5519401667,134,Syndra,200,MIDDLE,False,4,6,6
NA1_5519401667,202,Jhin,200,BOTTOM,False,3,6,13
NA1_5519401667,555,Pyke,200,UTILITY,False,4,7,4
NA1_5502317147,420,Illaoi,100,TOP,True,4,3,2
NA1_5502317147,107,Rengar,100,JUNGLE,True,6,0,5
NA1_5502317147,7,Leblanc,100,MIDDLE,True,9,1,5
NA1_5502317147,523,Aphelios,100,BOTTOM,True,0,0,1
NA1_5502317147,412,Thresh,100,UTILITY,True,1,0,3
NA1_5502317147,19,Warwick,200,TOP,False,3,6,0
NA1_5502317147,104,Graves,200,JUNGLE,False,1,6,0
NA1_5502317147,90,Malzahar,200,MIDDLE,False,0,6,1
NA1_5502317147,222,Jinx,200,BOTTOM,False,0,1,0
NA1_5502317147,37,Sona,200,UTILITY,False,0,1,0
NA1_5501074020,24,Jax,100,TOP,False,3,16,7
NA1_5501074020,20,Nunu,100,JUNGLE,False,8,11,14
NA1_5501074020,950,Naafiri,100,MIDDLE,False,15,13,9
NA1_5501074020,800,Mel,100,BOTTOM,False,9,10,4
NA1_5501074020,57,Maokai,100,UTILITY,False,2,12,11
NA1_5501074020,41,Gangplank,200,TOP,True,14,6,13
NA1_5501074020,63,Brand,200,JUNGLE,True,6,8,15
NA1_5501074020,799,Ambessa,200,MIDDLE,True,17,8,12
NA1_5501074020,222,Jinx,200,BOTTOM,True,18,5,11
NA1_5501074020,101,Xerath,200,UTILITY,True,7,11,22
NA1_5513674179,2,Olaf,100,TOP,True,24,3,6
NA1_5513674179,75,Nasus,100,JUNGLE,True,8,3,12
NA1_5513674179,134,Syndra,100,MIDDLE,True,14,8,5
NA1_5513674179,145,Kaisa,100,BOTTOM,True,3,7,6
NA1_5513674179,526,Rell,100,UTILITY,True,2,5,26
NA1_5513674179,14,Sion,200,TOP,False,4,17,6
NA1_5513674179,141,Kayn,200,JUNGLE,False,11,8,3
NA1_5513674179,112,Viktor,200,MIDDLE,False,5,9,3
NA1_5513674179,800,Mel,200,BOTTOM,False,6,9,2
NA1_5513674179,43,Karma,200,UTILITY,False,0,8,17
NA1_5517133482,34,Anivia,100,TOP,True,2,5,6
NA1_5517133482,799,Ambessa,100,JUNGLE,True,18,7,9
NA1_5517133482,142,Zoe,100,MIDDLE,True,12,8,15
NA1_5517133482,42,Corki,100,BOTTOM,True,6,1,13
NA1_5517133482,267,Nami,100,UTILITY,True,1,6,28
NA1_5517133482,54,Malphite,200,TOP,False,2,4,3
NA1_5517133482,517,Sylas,200,JUNGLE,False,2,10,6
NA1_5517133482,3,Galio,200,MIDDLE,False,5,10,10
NA1_5517133482,145,Kaisa,200,BOTTOM,False,15,5,3
NA1_5517133482,99,Lux,200,UTILITY,False,3,10,14
NA1_5510058729,799,Ambessa,100,TOP,True,7,7,15
NA1_5510058729,104,Graves,100,JUNGLE,True,11,6,15
NA1_5510058729,105,Fizz,100,MIDDLE,True,8,9,19
NA1_5510058729,81,Ezreal,100,BOTTOM,True,17,6,14
NA1_5510058729,432,Bard,100,UTILITY,True,1,5,37
NA1_5510058729,58,Renekton,200,TOP,False,3,12,6
NA1_5510058729,36,DrMundo,200,JUNGLE,False,11,8,10
NA1_5510058729,101,Xerath,200,MIDDLE,False,8,4,14
NA1_5510058729,145,Kaisa,200,BOTTOM,False,11,7,9
NA1_5510058729,43,Karma,200,UTILITY,False,0,13,23
NA1_5488644464,86,Garen,100,TOP,True,7,10,4
NA1_5488644464,60,Elise,100,JUNGLE,True,6,7,24
NA1_5488644464,38,Kassadin,100,MIDDLE,True,17,6,8
NA1_5488644464,523,Aphelios,100,BOTTOM,True,12,7,15
NA1_5488644464,412,Thresh,100,UTILITY,True,1,8,32
NA1_5488644464,80,Pantheon,200,TOP,False,9,9,14
NA1_5488644464,246,Qiyana,200,JUNGLE,False,6,8,14
NA1_5488644464,800,Mel,200,MIDDLE,False,16,6,10
NA1_5488644464,67,Vayne,200,BOTTOM,False,7,8,13
NA1_5488644464,201,Braum,200,UTILITY,False,0,12,22
NA1_5483400833,266,Aatrox,100,TOP,False,1,5,4
NA1_5483400833,11,MasterYi,100,JUNGLE,False,6,10,6
NA1_5483400833,13,Ryze,100,MIDDLE,False,1,5,0
NA1_5483400833,147,Seraphine,100,BOTTOM,False,10,7,4
NA1_5483400833,34,Anivia,100,UTILITY,False,3,10,11
NA1_5483400833,83,Yorick,200,TOP,True,3,3,8
NA1_5483400833,60,Elise,200,JUNGLE,True,14,4,12
NA1_5483400833,105,Fizz,200,MIDDLE,True,5,1,10
NA1_5483400833,202,Jhin,200,BOTTOM,True,14,6,13
NA1_5483400833,235,Senna,200,UTILITY,True,0,7,24
NA1_5485819206,68,Rumble,100,TOP,False,12,4,3
NA1_5485819206,91,Talon,100,JUNGLE,False,5,6,7
NA1_5485819206,62,MonkeyKing,100,MIDDLE,False,4,7,8
NA1_5485819206,236,Lucian,100,BOTTOM,False,7,6,4
NA1_5485819206,412,Thresh,100,UTILITY,False,3,8,11
NA1_5485819206,39,Irelia,200,TOP,True,2,9,4
NA1_5485819206,19,Warwick,200,JUNGLE,True,11,3,11
NA1_5485819206,92,Riven,200,MIDDLE,True,8,7,10
NA1_5485819206,901,Smolder,200,BOTTOM,True,7,5,12
NA1_5485819206,37,Sona,200,UTILITY,True,3,7,17
NA1_5484944838,897,KSante,100,TOP,False,1,5,0
NA1_5484944838,126,Jayce,100,JUNGLE,False,1,3,1
NA1_5484944838,142,Zoe,100,MIDDLE,False,0,5,0
NA1_5484944838,523,Aphelios,100,BOTTOM,False,0,5,0
NA1_5484944838,117,Lulu,100,UTILITY,False,1,6,0
NA1_5484944838,110,Varus,200,TOP,True,5,1,1
NA1_5484944838,121,Khazix,200,JUNGLE,True,5,1,4
NA1_5484944838,13,Ryze,200,MIDDLE,True,5,0,5
NA1_5484944838,222,Jinx,200,BOTTOM,True,7,0,4
NA1_5484944838,12,Alistar,200,UTILITY,True,2,1,7
NA1_5505889034,157,Yasuo,100,TOP,True,4,2,4
NA1_5505889034,126,Jayce,100,JUNGLE,True,14,3,8
NA1_5505889034,18,Tristana,100,MIDDLE,True,11,3,7
NA1_5505889034,69,Cassiopeia,100,BOTTOM,True,11,6,9
NA1_5505889034,43,Karma,100,UTILITY,True,0,6,23
NA1_5505889034,27,Singed,200,TOP,False,0,6,4
NA1_5505889034,64,LeeSin,200,JUNGLE,False,5,8,3
NA1_5505889034,20,Nunu,200,MIDDLE,False,7,8,6
NA1_5505889034,901,Smolder,200,BOTTOM,False,6,11,4
NA1_5505889034,267,Nami,200,UTILITY,False,1,9,10
NA1_5506404398,31,Chogath,100,TOP,False,3,11,4
NA1_5506404398,77,Udyr,100,JUNGLE,False,7,6,3
NA1_5506404398,157,Yasuo,100,MIDDLE,False,7,12,3
NA1_5506404398,81,Ezreal,100,BOTTOM,False,1,7,3
NA1_5506404398,267,Nami,100,UTILITY,False,1,7,8
NA1_5506404398,126,Jayce,200,TOP,True,11,4,10
NA1_5506404398,876,Lillia,200,JUNGLE,True,7,4,12
NA1_5506404398,84,Akali,200,MIDDLE,True,5,5,11
NA1_5506404398,202,Jhin,200,BOTTOM,True,16,2,10
NA1_5506404398,101,Xerath,200,UTILITY,True,4,4,17
NA1_5504535169,84,Akali,100,TOP,True,6,1,0
NA1_5504535169,5,XinZhao,100,JUNGLE,True,7,2,6
NA1_5504535169,58,Renekton,100,MIDDLE,True,4,3,8
NA1_5504535169,81,Ezreal,100,BOTTOM,True,6,2,4
NA1_5504535169,235,Senna,100,UTILITY,True,3,2,14
NA1_5504535169,517,Sylas,200,TOP,False,2,5,1
NA1_5504535169,24,Jax,200,JUNGLE,False,0,7,2
NA1_5504535169,157,Yasuo,200,MIDDLE,False,4,6,3
NA1_5504535169,29,Twitch,200,BOTTOM,False,3,3,2
NA1_5504535169,12,Alistar,200,UTILITY,False,1,5,4
NA1_5493984494,58,Renekton,100,TOP,True,16,9,12
NA1_5493984494,120,Hecarim,100,JUNGLE,True,7,7,23
NA1_5493984494,950,Naafiri,100,MIDDLE,True,15,5,10
NA1_5493984494,147,Seraphine,100,BOTTOM,True,7,4,21
NA1_5493984494,12,Alistar,100,UTILITY,True,1,10,23
NA1_5493984494,96,KogMaw,200,TOP,False,11,11,12
NA1_5493984494,28,Evelynn,200,JUNGLE,False,11,6,9
NA1_5493984494,517,Sylas,200,MIDDLE,False,8,5,11
NA1_5493984494,901,Smolder,200,BOTTOM,False,3,11,11
NA1_5493984494,78,Poppy,200,UTILITY,False,2,13,16
NA1_5506258685,106,Volibear,100,TOP,False,7,2,8
NA1_5506258685,121,Khazix,100,JUNGLE,False,8,5,8
NA1_5506258685,103,Ahri,100,MIDDLE,False,11,5,6
NA1_5506258685,15,Sivir,100,BOTTOM,False,0,10,1
NA1_5506258685,350,Yuumi,100,UTILITY,False,0,4,19
NA1_5506258685,41,Gangplank,200,TOP,True,4,8,10
NA1_5506258685,107,Rengar,200,JUNGLE,True,11,4,7
NA1_5506258685,1,Annie,200,MIDDLE,True,2,5,11
NA1_5506258685,67,Vayne,200,BOTTOM,True,9,2,5
NA1_5506258685,117,Lulu,200,UTILITY,True,0,7,13
NA1_5500850912,6,Urgot,100,TOP,False,3,11,2
NA1_5500850912,427,Ivern,100,JUNGLE,False,1,5,7
NA1_5500850912,112,Viktor,100,MIDDLE,False,2,10,4
NA1_5500850912,67,Vayne,100,BOTTOM,False,8,6,2
NA1_5500850912,43,Karma,100,UTILITY,False,2,7,9
NA1_5500850912,164,Camille,200,TOP,True,11,4,2
NA1_5500850912,121,Khazix,200,JUNGLE,True,5,3,11
NA1_5500850912,157,Yasuo,200,MIDDLE,True,11,2,13
NA1_5500850912,99,Lux,200,BOTTOM,True,4,5,9
NA1_5500850912,134,Syndra,200,UTILITY,True,8,2,15
NA1_5506445826,39,Irelia,100,TOP,True,7,2,3
NA1_5506445826,234,Viego,100,JUNGLE,True,8,4,9
NA1_5506445826,131,Diana,100,MIDDLE,True,8,5,6
NA1_5506445826,161,Velkoz,100,BOTTOM,True,3,5,8
NA1_5506445826,80,Pantheon,100,UTILITY,True,6,3,9
NA1_5506445826,122,Darius,200,TOP,False,4,9,0
NA1_5506445826,59,JarvanIV,200,JUNGLE,False,7,10,5
NA1_5506445826,157,Yasuo,200,MIDDLE,False,6,7,3
NA1_5506445826,81,Ezreal,200,BOTTOM,False,2,3,2
NA1_5506445826,432,Bard,200,UTILITY,False,0,3,9
NA1_5498591281,240,Kled,100,TOP,True,3,4,1
NA1_5498591281,120,Hecarim,100,JUNGLE,True,17,1,2
NA1_5498591281,112,Viktor,100,MIDDLE,True,2,2,13
NA1_5498591281,69,Cassiopeia,100,BOTTOM,True,11,5,4
NA1_5498591281,412,Thresh,100,UTILITY,True,3,4,14
NA1_5498591281,86,Garen,200,TOP,False,3,5,0
NA1_5498591281,106,Volibear,200,JUNGLE,False,2,6,1
NA1_5498591281,777,Yone,200,MIDDLE,False,4,7,0
NA1_5498591281,804,Yunara,200,BOTTOM,False,5,11,3
NA1_5498591281,37,Sona,200,UTILITY,False,2,7,8
NA1_5512422213,164,Camille,100,TOP,True,9,4,1
NA1_5512422213,421,RekSai,100,JUNGLE,True,4,2,5
NA1_5512422213,238,Zed,100,MIDDLE,True,4,4,7
NA1_5512422213,498,Xayah,100,BOTTOM,True,8,2,5
NA1_5512422213,16,Soraka,100,UTILITY,True,3,4,15
NA1_5512422213,777,Yone,200,TOP,False,8,7,2
NA1_5512422213,56,Nocturne,200,JUNGLE,False,5,5,2
NA1_5512422213,90,Malzahar,200,MIDDLE,False,0,0,4
NA1_5512422213,29,Twitch,200,BOTTOM,False,2,11,3
NA1_5512422213,350,Yuumi,200,UTILITY,False,1,5,5
NA1_5485102418,67,Vayne,100,TOP,False,4,10,3
NA1_5485102418,60,Elise,100,JUNGLE,False,6,7,6
NA1_5485102418,893,Aurora,100,MIDDLE,False,14,5,6
NA1_5485102418,119,Draven,100,BOTTOM,False,6,4,9
NA1_5485102418,40,Janna,100,UTILITY,False,2,4,14
NA1_5485102418,110,Varus,200,TOP,True,9,2,5
NA1_5485102418,107,Rengar,200,JUNGLE,True,14,7,4
NA1_5485102418,142,Zoe,200,MIDDLE,True,4,9,6
NA1_5485102418,81,Ezreal,200,BOTTOM,True,3,9,5
NA1_5485102418,143,Zyra,200,UTILITY,True,0,5,11
NA1_5486365063,897,KSante,100,TOP,False,3,8,10
NA1_5486365063,11,MasterYi,100,JUNGLE,False,1,8,10
NA1_5486365063,517,Sylas,100,MIDDLE,False,13,10,3
NA1_5486365063,901,Smolder,100,BOTTOM,False,2,8,4
NA1_5486365063,37,Sona,100,UTILITY,False,2,7,10
NA1_5486365063,86,Garen,200,TOP,True,11,6,10
NA1_5486365063,107,Rengar,200,JUNGLE,True,8,5,12
NA1_5486365063,142,Zoe,200,MIDDLE,True,12,3,14
NA1_5486365063,22,Ashe,200,BOTTOM,True,10,4,10
NA1_5486365063,53,Blitzcrank,200,UTILITY,True,0,3,21
NA1_5485230715,114,Fiora,100,TOP,True,3,7,1
NA1_5485230715,876,Lillia,100,JUNGLE,True,8,2,14
NA1_5485230715,98,Shen,100,MIDDLE,True,6,1,12
NA1_5485230715,15,Sivir,100,BOTTOM,True,10,2,11
NA1_5485230715,235,Senna,100,UTILITY,True,8,4,13
NA1_5485230715,516,Ornn,200,TOP,False,5,3,3
NA1_5485230715,799,Ambessa,200,JUNGLE,False,5,6,4
NA1_5485230715,61,Orianna,200,MIDDLE,False,2,6,5
NA1_5485230715,523,Aphelios,200,BOTTOM,False,3,12,1
NA1_5485230715,50,Swain,200,UTILITY,False,1,8,6
NA1_5485121756,17,Teemo,100,TOP,False,3,6,2
NA1_5485121756,107,Rengar,100,JUNGLE,False,5,7,3
NA1_5485121756,8,Vladimir,100,MIDDLE,False,3,6,2
NA1_5485121756,901,Smolder,100,BOTTOM,False,8,7,1
NA1_5485121756,12,Alistar,100,UTILITY,False,2,7,9
NA1_5485121756,112,Viktor,200,TOP,True,6,4,3
NA1_5485121756,36,DrMundo,200,JUNGLE,True,8,4,10
NA1_5485121756,61,Orianna,200,MIDDLE,True,4,3,4
NA1_5485121756,21,MissFortune,200,BOTTOM,True,13,3,6
NA1_5485121756,111,Nautilus,200,UTILITY,True,1,7,14
NA1_5514963196,150,Gnar,100,TOP,False,0,7,0
NA1_5514963196,131,Diana,100,JUNGLE,False,3,4,3
NA1_5514963196,102,Shyvana,100,MIDDLE,False,0,2,1
NA1_5514963196,246,Qiyana,100,BOTTOM,False,6,5,1
NA1_5514963196,99,Lux,100,UTILITY,False,1,3,8
NA1_5514963196,114,Fiora,200,TOP,True,6,0,1
NA1_5514963196,121,Khazix,200,JUNGLE,True,8,2,2
NA1_5514963196,13,Ryze,200,MIDDLE,True,3,0,4
NA1_5514963196,50,Swain,200,BOTTOM,True,3,4,3
NA1_5514963196,45,Veigar,200,UTILITY,True,1,4,4
NA1_5499726421,92,Riven,100,TOP,True,12,9,6
NA1_5499726421,113,Sejuani,100,JUNGLE,True,5,7,19
NA1_5499726421,101,Xerath,100,MIDDLE,True,4,6,17
NA1_5499726421,81,Ezreal,100,BOTTOM,True,11,6,12
NA1_5499726421,201,Braum,100,UTILITY,True,7,4,23
NA1_5499726421,96,KogMaw,200,TOP,False,6,11,7
NA1_5499726421,111,Nautilus,200,JUNGLE,False,3,10,15
NA1_5499726421,8,Vladimir,200,MIDDLE,False,12,3,6
NA1_5499726421,51,Caitlyn,200,BOTTOM,False,10,8,7
NA1_5499726421,518,Neeko,200,UTILITY,False,1,7,18
NA1_5506229993,6,Urgot,100,TOP,True,9,5,2
NA1_5506229993,64,LeeSin,100,JUNGLE,True,7,1,2
NA1_5506229993,4,TwistedFate,100,MIDDLE,True,1,0,3
NA1_5506229993,901,Smolder,100,BOTTOM,True,2,0,3
NA1_5506229993,111,Nautilus,100,UTILITY,True,3,1,7
NA1_5506229993,36,DrMundo,200,TOP,False,2,8,0
NA1_5506229993,421,RekSai,200,JUNGLE,False,5,4,1
NA1_5506229993,777,Yone,200,MIDDLE,False,0,3,0
NA1_5506229993,63,Brand,200,BOTTOM,False,0,3,2
NA1_5506229993,44,Taric,200,UTILITY,False,0,4,2
NA1_5485842953,98,Shen,100,TOP,False,2,3,8
NA1_5485842953,421,RekSai,100,JUNGLE,False,6,10,5
NA1_5485842953,143,Zyra,100,MIDDLE,False,13,9,5
NA1_5485842953,222,Jinx,100,BOTTOM,False,1,6,9
NA1_5485842953,37,Sona,100,UTILITY,False,0,6,13
NA1_5485842953,27,Singed,200,TOP,True,7,2,10
NA1_5485842953,121,Khazix,200,JUNGLE,True,8,6,8
NA1_5485842953,92,Riven,200,MIDDLE,True,7,6,10
NA1_5485842953,51,Caitlyn,200,BOTTOM,True,12,5,7
NA1_5485842953,902,Milio,200,UTILITY,True,0,3,16
NA1_5515526932,19,Warwick,100,TOP,False,1,16,2
NA1_5515526932,30,Karthus,100,JUNGLE,False,9,9,7
NA1_5515526932,126,Jayce,100,MIDDLE,False,4,9,9
NA1_5515526932,901,Smolder,100,BOTTOM,False,2,10,8
NA1_5515526932,147,Seraphine,100,UTILITY,False,5,6,5
NA1_5515526932,10,Kayle,200,TOP,True,17,3,6
NA1_5515526932,950,Naafiri,200,JUNGLE,True,10,2,8
NA1_5515526932,893,Aurora,200,MIDDLE,True,10,4,8
NA1_5515526932,202,Jhin,200,BOTTOM,True,10,2,9
NA1_5515526932,555,Pyke,200,UTILITY,True,3,10,13
NA1_5483184719,41,Gangplank,100,TOP,True,4,4,3
NA1_5483184719,234,Viego,100,JUNGLE,True,7,1,5
NA1_5483184719,4,TwistedFate,100,MIDDLE,True,8,2,5
NA1_5483184719,21,MissFortune,100,BOTTOM,True,7,2,8
NA1_5483184719,78,Poppy,100,UTILITY,True,4,4,14
NA1_5483184719,39,Irelia,200,TOP,False,2,6,4
NA1_5483184719,91,Talon,200,JUNGLE,False,4,3,5
NA1_5483184719,13,Ryze,200,MIDDLE,False,2,10,1
NA1_5483184719,145,Kaisa,200,BOTTOM,False,3,3,3
NA1_5483184719,526,Rell,200,UTILITY,False,2,8,4
NA1_5517037212,157,Yasuo,100,TOP,False,1,6,2
NA1_5517037212,106,Volibear,100,JUNGLE,False,7,7,2
NA1_5517037212,136,AurelionSol,100,MIDDLE,False,6,10,5
NA1_5517037212,222,Jinx,100,BOTTOM,False,2,14,6
NA1_5517037212,92,Riven,100,UTILITY,False,1,9,7
NA1_5517037212,10,Kayle,200,TOP,True,7,0,13
NA1_5517037212,72,Skarner,200,JUNGLE,True,4,2,15
NA1_5517037212,777,Yone,200,MIDDLE,True,15,4,8
NA1_5517037212,901,Smolder,200,BOTTOM,True,17,8,8
NA1_5517037212,53,Blitzcrank,200,UTILITY,True,3,3,28
NA1_5502330675,516,Ornn,100,TOP,True,3,5,9
NA1_5502330675,121,Khazix,100,JUNGLE,True,7,2,5
NA1_5502330675,238,Zed,100,MIDDLE,True,9,5,11
NA1_5502330675,29,Twitch,100,BOTTOM,True,15,4,10
NA1_5502330675,161,Velkoz,100,UTILITY,True,11,6,12
NA1_5502330675,114,Fiora,200,TOP,False,3,8,2
NA1_5502330675,245,Ekko,200,JUNGLE,False,10,8,4
NA1_5502330675,800,Mel,200,MIDDLE,False,3,7,1
NA1_5502330675,222,Jinx,200,BOTTOM,False,6,11,4
NA1_5502330675,89,Leona,200,UTILITY,False,0,11,8
NA1_5487794615,39,Irelia,100,TOP,False,3,10,2
NA1_5487794615,102,Shyvana,100,JUNGLE,False,8,6,8
NA1_5487794615,112,Viktor,100,MIDDLE,False,1,10,8
NA1_5487794615,202,Jhin,100,BOTTOM,False,9,10,5
NA1_5487794615,99,Lux,100,UTILITY,False,3,11,6
NA1_5487794615,67,Vayne,200,TOP,True,12,5,5
NA1_5487794615,77,Udyr,200,JUNGLE,True,17,4,6
NA1_5487794615,50,Swain,200,MIDDLE,True,8,6,14
NA1_5487794615,147,Seraphine,200,BOTTOM,True,8,5,19
NA1_5487794615,43,Karma,200,UTILITY,True,2,4,21
NA1_5496024221,897,KSante,100,TOP,False,5,4,4
NA1_5496024221,113,Sejuani,100,JUNGLE,False,2,6,4
NA1_5496024221,69,Cassiopeia,100,MIDDLE,False,4,7,2
NA1_5496024221,221,Zeri,100,BOTTOM,False,5,7,1
NA1_5496024221,350,Yuumi,100,UTILITY,False,0,5,6
NA1_5496024221,6,Urgot,200,TOP,True,4,9,1
NA1_5496024221,20,Nunu,200,JUNGLE,True,3,0,16
NA1_5496024221,157,Yasuo,200,MIDDLE,True,9,1,9
NA1_5496024221,112,Viktor,200,BOTTOM,True,5,3,10
NA1_5496024221,7,Leblanc,200,UTILITY,True,8,3,12
NA1_5488356085,516,Ornn,100,TOP,True,2,7,3
NA1_5488356085,517,Sylas,100,JUNGLE,True,4,4,9
NA1_5488356085,268,Azir,100,MIDDLE,True,3,4,6
NA1_5488356085,81,Ezreal,100,BOTTOM,True,13,7,2
NA1_5488356085,43,Karma,100,UTILITY,True,3,4,19
NA1_5488356085,114,Fiora,200,TOP,False,15,5,2
NA1_5488356085,20,Nunu,200,JUNGLE,False,2,2,6
NA1_5488356085,141,Kayn,200,MIDDLE,False,5,7,4
NA1_5488356085,895,Nilah,200,BOTTOM,False,1,6,3
NA1_5488356085,111,Nautilus,200,UTILITY,False,3,5,8
NA1_5495172420,6,Urgot,100,TOP,False,8,5,7
NA1_5495172420,154,Zac,100,JUNGLE,False,2,6,15
NA1_5495172420,711,Vex,100,MIDDLE,False,13,9,7
NA1_5495172420,236,Lucian,100,BOTTOM,False,5,7,6
NA1_5495172420,267,Nami,100,UTILITY,False,2,12,12
NA1_5495172420,10,Kayle,200,TOP,True,10,7,7
NA1_5495172420,113,Sejuani,200,JUNGLE,True,1,5,15
NA1_5495172420,777,Yone,200,MIDDLE,True,7,10,7
NA1_5495172420,29,Twitch,200,BOTTOM,True,18,5,4
NA1_5495172420,117,Lulu,200,UTILITY,True,3,3,26
NA1_5511690551,114,Fiora,100,TOP,False,4,9,1
NA1_5511690551,876,Lillia,100,JUNGLE,False,10,9,7
NA1_5511690551,166,Akshan,100,MIDDLE,False,4,4,6
NA1_5511690551,202,Jhin,100,BOTTOM,False,9,7,6
NA1_5511690551,12,Alistar,100,UTILITY,False,1,6,16
NA1_5511690551,74,Heimerdinger,200,TOP,True,3,4,9
NA1_5511690551,238,Zed,200,JUNGLE,True,12,2,10
NA1_5511690551,246,Qiyana,200,MIDDLE,True,13,5,1
NA1_5511690551,429,Kalista,200,BOTTOM,True,7,6,7
NA1_5511690551,89,Leona,200,UTILITY,True,0,11,13
NA1_5488354783,141,Kayn,100,TOP,False,4,9,4
NA1_5488354783,31,Chogath,100,JUNGLE,False,6,8,8
NA1_5488354783,38,Kassadin,100,MIDDLE,False,12,4,4
NA1_5488354783,81,Ezreal,100,BOTTOM,False,2,10,6
NA1_5488354783,12,Alistar,100,UTILITY,False,1,8,15
NA1_5488354783,19,Warwick,200,TOP,True,10,5,11
NA1_5488354783,131,Diana,200,JUNGLE,True,7,3,15
NA1_5488354783,3,Galio,200,MIDDLE,True,1,4,21
NA1_5488354783,901,Smolder,200,BOTTOM,True,17,6,9
NA1_5488354783,555,Pyke,200,UTILITY,True,4,7,15
NA1_5510567822,39,Irelia,100,TOP,False,8,10,1
NA1_5510567822,887,Gwen,100,JUNGLE,False,5,10,4
NA1_5510567822,777,Yone,100,MIDDLE,False,7,17,3
NA1_5510567822,115,Ziggs,100,BOTTOM,False,5,6,4
NA1_5510567822,22,Ashe,100,UTILITY,False,3,4,10
NA1_5510567822,58,Renekton,200,TOP,True,15,5,6
NA1_5510567822,104,Graves,200,JUNGLE,True,15,3,14
NA1_5510567822,103,Ahri,200,MIDDLE,True,11,10,10
NA1_5510567822,81,Ezreal,200,BOTTOM,True,3,7,4
NA1_5510567822,526,Rell,200,UTILITY,True,3,3,24
NA1_5504772152,13,Ryze,100,TOP,False,2,9,5
NA1_5504772152,5,XinZhao,100,JUNGLE,False,7,13,7
NA1_5504772152,157,Yasuo,100,MIDDLE,False,13,12,2
NA1_5504772152,29,Twitch,100,BOTTOM,False,5,7,10
NA1_5504772152,497,Rakan,100,UTILITY,False,0,8,12
NA1_5504772152,876,Lillia,200,TOP,True,5,8,10
NA1_5504772152,904,Zaahen,200,JUNGLE,True,8,6,13
NA1_5504772152,238,Zed,200,MIDDLE,True,18,5,7
NA1_5504772152,63,Brand,200,BOTTOM,True,7,1,18
NA1_5504772152,555,Pyke,200,UTILITY,True,11,7,13
NA1_5517178078,98,Shen,100,TOP,False,0,5,2
NA1_5517178078,904,Zaahen,100,JUNGLE,False,1,7,1
NA1_5517178078,142,Zoe,100,MIDDLE,False,2,9,1
NA1_5517178078,51,Caitlyn,100,BOTTOM,False,2,3,0
NA1_5517178078,45,Veigar,100,UTILITY,False,0,8,1
NA1_5517178078,133,Quinn,200,TOP,True,9,0,2
NA1_5517178078,91,Talon,200,JUNGLE,True,15,0,5
NA1_5517178078,101,Xerath,200,MIDDLE,True,2,4,5
NA1_5517178078,202,Jhin,200,BOTTOM,True,5,1,2
NA1_5517178078,267,Nami,200,UTILITY,True,1,0,13
NA1_5501402226,19,Warwick,100,TOP,True,6,3,6
NA1_5501402226,245,Ekko,100,JUNGLE,True,16,2,7
NA1_5501402226,105,Fizz,100,MIDDLE,True,9,4,7
NA1_5501402226,804,Yunara,100,BOTTOM,True,2,5,10
NA1_5501402226,147,Seraphine,100,UTILITY,True,1,1,15
NA1_5501402226,517,Sylas,200,TOP,False,2,13,2
NA1_5501402226,254,Vi,200,JUNGLE,False,1,8,3
NA1_5501402226,103,Ahri,200,MIDDLE,False,3,7,2
NA1_5501402226,81,Ezreal,200,BOTTOM,False,8,3,4
NA1_5501402226,412,Thresh,200,UTILITY,False,1,3,11
NA1_5500030882,19,Warwick,100,TOP,True,9,3,0
NA1_5500030882,154,Zac,100,JUNGLE,True,0,3,7
NA1_5500030882,166,Akshan,100,MIDDLE,True,3,1,3
NA1_5500030882,115,Ziggs,100,BOTTOM,True,4,0,5
NA1_5500030882,412,Thresh,100,UTILITY,True,4,0,8
NA1_5500030882,75,Nasus,200,TOP,False,1,5,2
NA1_5500030882,5,XinZhao,200,JUNGLE,False,4,2,2
NA1_5500030882,245,Ekko,200,MIDDLE,False,1,4,1
NA1_5500030882,81,Ezreal,200,BOTTOM,False,0,4,3
NA1_5500030882,223,TahmKench,200,UTILITY,False,1,5,2
NA1_5490599822,799,Ambessa,100,TOP,True,9,6,10
NA1_5490599822,154,Zac,100,JUNGLE,True,4,3,14
NA1_5490599822,711,Vex,100,MIDDLE,True,12,5,11
NA1_5490599822,42,Corki,100,BOTTOM,True,13,2,5
NA1_5490599822,902,Milio,100,UTILITY,True,0,2,22
NA1_5490599822,86,Garen,200,TOP,False,6,6,1
NA1_5490599822,246,Qiyana,200,JUNGLE,False,1,11,6
NA1_5490599822,55,Katarina,200,MIDDLE,False,6,11,4
NA1_5490599822,29,Twitch,200,BOTTOM,False,3,5,4
NA1_5490599822,350,Yuumi,200,UTILITY,False,2,5,7
NA1_5488588786,10,Kayle,100,TOP,True,5,1,1
NA1_5488588786,36,DrMundo,100,JUNGLE,True,4,1,7
NA1_5488588786,711,Vex,100,MIDDLE,True,5,0,3
NA1_5488588786,145,Kaisa,100,BOTTOM,True,2,0,3
NA1_5488588786,412,Thresh,100,UTILITY,True,0,2,7
NA1_5488588786,904,Zaahen,200,TOP,False,0,5,1
NA1_5488588786,77,Udyr,200,JUNGLE,False,1,7,2
NA1_5488588786,38,Kassadin,200,MIDDLE,False,2,3,0
NA1_5488588786,115,Ziggs,200,BOTTOM,False,1,1,1
NA1_5488588786,37,Sona,200,UTILITY,False,0,0,2
NA1_5488630835,421,RekSai,100,TOP,False,7,8,9
NA1_5488630835,799,Ambessa,100,JUNGLE,False,11,7,12
NA1_5488630835,142,Zoe,100,MIDDLE,False,13,11,13
NA1_5488630835,63,Brand,100,BOTTOM,False,6,9,9
NA1_5488630835,25,Morgana,100,UTILITY,False,3,10,17
NA1_5488630835,92,Riven,200,TOP,True,3,6,10
NA1_5488630835,104,Graves,200,JUNGLE,True,16,9,9
NA1_5488630835,38,Kassadin,200,MIDDLE,True,12,4,13
NA1_5488630835,67,Vayne,200,BOTTOM,True,12,11,10
NA1_5488630835,111,Nautilus,200,UTILITY,True,2,10,20
NA1_5483085459,92,Riven,100,TOP,True,16,7,8
NA1_5483085459,120,Hecarim,100,JUNGLE,True,6,3,16
NA1_5483085459,45,Veigar,100,MIDDLE,True,14,8,7
NA1_5483085459,147,Seraphine,100,BOTTOM,True,7,6,14
NA1_5483085459,432,Bard,100,UTILITY,True,0,7,22
NA1_5483085459,69,Cassiopeia,200,TOP,False,2,9,2
NA1_5483085459,59,JarvanIV,200,JUNGLE,False,12,6,10
NA1_5483085459,84,Akali,200,MIDDLE,False,8,9,6
NA1_5483085459,29,Twitch,200,BOTTOM,False,5,9,3
NA1_5483085459,517,Sylas,200,UTILITY,False,4,10,11
NA1_5500916510,164,Camille,100,TOP,False,7,12,5
NA1_5500916510,126,Jayce,100,JUNGLE,False,11,6,7
NA1_5500916510,7,Leblanc,100,MIDDLE,False,11,4,11
NA1_5500916510,804,Yunara,100,BOTTOM,False,3,10,7
NA1_5500916510,117,Lulu,100,UTILITY,False,1,11,19
NA1_5500916510,31,Chogath,200,TOP,True,17,4,9
NA1_5500916510,121,Khazix,200,JUNGLE,True,5,10,6
NA1_5500916510,61,Orianna,200,MIDDLE,True,2,10,15
NA1_5500916510,157,Yasuo,200,BOTTOM,True,17,5,14
NA1_5500916510,113,Sejuani,200,UTILITY,True,2,4,27
NA1_5487989701,39,Irelia,100,TOP,True,3,3,6
NA1_5487989701,887,Gwen,100,JUNGLE,True,8,2,3
NA1_5487989701,103,Ahri,100,MIDDLE,True,2,3,6
NA1_5487989701,236,Lucian,100,BOTTOM,True,13,3,5
NA1_5487989701,902,Milio,100,UTILITY,True,1,4,20
NA1_5487989701,31,Chogath,200,TOP,False,0,6,3
NA1_5487989701,121,Khazix,200,JUNGLE,False,7,6,2
NA1_5487989701,147,Seraphine,200,MIDDLE,False,3,2,6
NA1_5487989701,42,Corki,200,BOTTOM,False,4,6,8
NA1_5487989701,34,Anivia,200,UTILITY,False,1,7,9
NA1_5483206357,266,Aatrox,100,TOP,True,6,4,10
NA1_5483206357,238,Zed,100,JUNGLE,True,9,2,18
NA1_5483206357,4,TwistedFate,100,MIDDLE,True,4,3,16
NA1_5483206357,523,Aphelios,100,BOTTOM,True,15,6,8
NA1_5483206357,7,Leblanc,100,UTILITY,True,6,10,15
NA1_5483206357,41,Gangplank,200,TOP,False,4,4,9
NA1_5483206357,91,Talon,200,JUNGLE,False,1,9,6
NA1_5483206357,517,Sylas,200,MIDDLE,False,8,8,4
NA1_5483206357,360,Samira,200,BOTTOM,False,10,6,7
NA1_5483206357,111,Nautilus,200,UTILITY,False,1,13,15
NA1_5519146950,516,Ornn,100,TOP,True,5,4,19
NA1_5519146950,234,Viego,100,JUNGLE,True,23,2,5
NA1_5519146950,157,Yasuo,100,MIDDLE,True,2,5,8
NA1_5519146950,202,Jhin,100,BOTTOM,True,5,3,16
NA1_5519146950,37,Sona,100,UTILITY,True,3,5,23
NA1_5519146950,58,Renekton,200,TOP,False,3,10,1
NA1_5519146950,102,Shyvana,200,JUNGLE,False,4,8,4
NA1_5519146950,61,Orianna,200,MIDDLE,False,6,4,5
NA1_5519146950,99,Lux,200,BOTTOM,False,6,4,3
NA1_5519146950,16,Soraka,200,UTILITY,False,0,12,10
NA1_5492967421,50,Swain,100,TOP,False,1,3,2
NA1_5492967421,91,Talon,100,JUNGLE,False,4,5,1
NA1_5492967421,84,Akali,100,MIDDLE,False,2,5,0
NA1_5492967421,804,Yunara,100,BOTTOM,False,2,8,3
NA1_5492967421,43,Karma,100,UTILITY,False,0,7,4
NA1_5492967421,887,Gwen,200,TOP,True,2,3,2
NA1_5492967421,20,Nunu,200,JUNGLE,True,5,1,7
NA1_5492967421,101,Xerath,200,MIDDLE,True,7,0,3
NA1_5492967421,42,Corki,200,BOTTOM,True,12,1,9
NA1_5492967421,16,Soraka,200,UTILITY,True,2,4,18
NA1_5512550622,799,Ambessa,100,TOP,True,16,3,7
NA1_5512550622,254,Vi,100,JUNGLE,True,11,6,6
NA1_5512550622,711,Vex,100,MIDDLE,True,8,10,16
NA1_5512550622,804,Yunara,100,BOTTOM,True,6,4,15
NA1_5512550622,111,Nautilus,100,UTILITY,True,1,5,24
NA1_5512550622,86,Garen,200,TOP,False,12,5,2
NA1_5512550622,77,Udyr,200,JUNGLE,False,9,10,9
NA1_5512550622,157,Yasuo,200,MIDDLE,False,6,11,8
NA1_5512550622,115,Ziggs,200,BOTTOM,False,1,8,8
NA1_5512550622,526,Rell,200,UTILITY,False,0,8,18
NA1_5513764081,36,DrMundo,100,TOP,False,5,7,5
NA1_5513764081,799,Ambessa,100,JUNGLE,False,3,11,5
NA1_5513764081,8,Vladimir,100,MIDDLE,False,8,8,4
NA1_5513764081,22,Ashe,100,BOTTOM,False,7,7,7
NA1_5513764081,147,Seraphine,100,UTILITY,False,4,3,16
NA1_5513764081,98,Shen,200,TOP,True,8,4,15
NA1_5513764081,234,Viego,200,JUNGLE,True,14,6,8
NA1_5513764081,157,Yasuo,200,MIDDLE,True,9,2,13
NA1_5513764081,498,Xayah,200,BOTTOM,True,3,7,6
NA1_5513764081,518,Neeko,200,UTILITY,True,2,8,14
NA1_5504828224,516,Ornn,100,TOP,True,3,3,9
NA1_5504828224,104,Graves,100,JUNGLE,True,9,5,8
NA1_5504828224,103,Ahri,100,MIDDLE,True,12,4,8
NA1_5504828224,63,Brand,100,BOTTOM,True,9,2,10
NA1_5504828224,80,Pantheon,100,UTILITY,True,4,8,15
NA1_5504828224,36,DrMundo,200,TOP,False,5,4,0
NA1_5504828224,5,XinZhao,200,JUNGLE,False,7,7,7
NA1_5504828224,50,Swain,200,MIDDLE,False,7,12,7
NA1_5504828224,22,Ashe,200,BOTTOM,False,1,8,3
NA1_5504828224,40,Janna,200,UTILITY,False,1,6,14
NA1_5498180077,777,Yone,100,TOP,True,2,11,4
NA1_5498180077,35,Shaco,100,JUNGLE,True,5,6,14
NA1_5498180077,90,Malzahar,100,MIDDLE,True,3,8,12
NA1_5498180077,18,Tristana,100,BOTTOM,True,23,6,2
NA1_5498180077,350,Yuumi,100,UTILITY,True,1,5,26
NA1_5498180077,150,Gnar,200,TOP,False,7,5,9
NA1_5498180077,75,Nasus,200,JUNGLE,False,7,2,4
NA1_5498180077,9,FiddleSticks,200,MIDDLE,False,2,8,11
NA1_5498180077,222,Jinx,200,BOTTOM,False,6,12,11
NA1_5498180077,7,Leblanc,200,UTILITY,False,14,7,7
NA1_5495127812,17,Teemo,100,TOP,True,5,5,3
NA1_5495127812,64,LeeSin,100,JUNGLE,True,10,1,10
NA1_5495127812,4,TwistedFate,100,MIDDLE,True,4,5,5
NA1_5495127812,110,Varus,100,BOTTOM,True,9,5,8
NA1_5495127812,43,Karma,100,UTILITY,True,2,3,21
NA1_5495127812,85,Kennen,200,TOP,False,4,7,7
NA1_5495127812,421,RekSai,200,JUNGLE,False,7,6,6
NA1_5495127812,84,Akali,200,MIDDLE,False,5,3,9
NA1_5495127812,523,Aphelios,200,BOTTOM,False,3,4,7
NA1_5495127812,53,Blitzcrank,200,UTILITY,False,0,10,6
NA1_5506729212,85,Kennen,100,TOP,False,5,13,9
NA1_5506729212,254,Vi,100,JUNGLE,False,9,9,7
NA1_5506729212,238,Zed,100,MIDDLE,False,5,6,4
NA1_5506729212,145,Kaisa,100,BOTTOM,False,9,8,7
NA1_5506729212,12,Alistar,100,UTILITY,False,4,8,18
NA1_5506729212,84,Akali,200,TOP,True,20,4,9
NA1_5506729212,799,Ambessa,200,JUNGLE,True,10,9,13
NA1_5506729212,157,Yasuo,200,MIDDLE,True,2,4,11
NA1_5506729212,161,Velkoz,200,BOTTOM,True,8,8,12
NA1_5506729212,235,Senna,200,UTILITY,True,4,7,22
NA1_5519134617,126,Jayce,100,TOP,False,1,1,0
NA1_5519134617,104,Graves,100,JUNGLE,False,0,1,0
NA1_5519134617,34,Anivia,100,MIDDLE,False,0,0,0
NA1_5519134617,147,Seraphine,100,BOTTOM,False,0,0,0
NA1_5519134617,7,Leblanc,100,UTILITY,False,0,1,0
NA1_5519134617,106,Volibear,200,TOP,True,2,1,0
NA1_5519134617,102,Shyvana,200,JUNGLE,True,0,0,1
NA1_5519134617,3,Galio,200,MIDDLE,True,0,0,1
NA1_5519134617,221,Zeri,200,BOTTOM,True,0,0,1
NA1_5519134617,350,Yuumi,200,UTILITY,True,1,0,0
NA1_5514249306,74,Heimerdinger,100,TOP,True,3,7,5
NA1_5514249306,104,Graves,100,JUNGLE,True,16,1,4
NA1_5514249306,777,Yone,100,MIDDLE,True,4,4,2
NA1_5514249306,523,Aphelios,100,BOTTOM,True,5,2,6
NA1_5514249306,117,Lulu,100,UTILITY,True,0,1,17
NA1_5514249306,122,Darius,200,TOP,False,6,6,1
NA1_5514249306,234,Viego,200,JUNGLE,False,4,4,3
NA1_5514249306,112,Viktor,200,MIDDLE,False,4,6,1
NA1_5514249306,222,Jinx,200,BOTTOM,False,1,6,2
NA1_5514249306,40,Janna,200,UTILITY,False,0,6,4
NA1_5504831255,24,Jax,100,TOP,True,13,2,3
NA1_5504831255,120,Hecarim,100,JUNGLE,True,2,4,8
NA1_5504831255,80,Pantheon,100,MIDDLE,True,9,1,2
NA1_5504831255,29,Twitch,100,BOTTOM,True,7,3,1
NA1_5504831255,497,Rakan,100,UTILITY,True,1,1,12
NA1_5504831255,266,Aatrox,200,TOP,False,1,8,2
NA1_5504831255,5,XinZhao,200,JUNGLE,False,5,8,4
NA1_5504831255,157,Yasuo,200,MIDDLE,False,2,9,4
NA1_5504831255,45,Veigar,200,BOTTOM,False,1,6,6
NA1_5504831255,43,Karma,200,UTILITY,False,2,1,6
NA1_5510424791,266,Aatrox,100,TOP,True,6,2,9
NA1_5510424791,126,Jayce,100,JUNGLE,True,10,3,9
NA1_5510424791,3,Galio,100,MIDDLE,True,9,4,7
NA1_5510424791,901,Smolder,100,BOTTOM,True,9,2,6
NA1_5510424791,350,Yuumi,100,UTILITY,True,2,0,18
NA1_5510424791,54,Malphite,200,TOP,False,2,7,2
NA1_5510424791,876,Lillia,200,JUNGLE,False,1,8,6
NA1_5510424791,75,Nasus,200,MIDDLE,False,5,4,2
NA1_5510424791,51,Caitlyn,200,BOTTOM,False,1,8,1
NA1_5510424791,888,Renata,200,UTILITY,False,2,9,7
NA1_5496042722,157,Yasuo,100,TOP,True,5,5,7
NA1_5496042722,104,Graves,100,JUNGLE,True,14,3,5
NA1_5496042722,34,Anivia,100,MIDDLE,True,8,2,9
NA1_5496042722,42,Corki,100,BOTTOM,True,8,3,9
NA1_5496042722,201,Braum,100,UTILITY,True,2,4,17
NA1_5496042722,19,Warwick,200,TOP,False,5,12,1
NA1_5496042722,91,Talon,200,JUNGLE,False,2,6,4
NA1_5496042722,101,Xerath,200,MIDDLE,False,1,4,4
NA1_5496042722,51,Caitlyn,200,BOTTOM,False,4,7,3
NA1_5496042722,99,Lux,200,UTILITY,False,4,10,7
NA1_5502868878,14,Sion,100,TOP,False,7,7,10
NA1_5502868878,64,LeeSin,100,JUNGLE,False,12,11,6
NA1_5502868878,112,Viktor,100,MIDDLE,False,5,6,10
NA1_5502868878,161,Velkoz,100,BOTTOM,False,7,13,11
NA1_5502868878,412,Thresh,100,UTILITY,False,1,10,19
NA1_5502868878,24,Jax,200,TOP,True,15,6,6
NA1_5502868878,904,Zaahen,200,JUNGLE,True,8,6,16
NA1_5502868878,238,Zed,200,MIDDLE,True,12,6,6
NA1_5502868878,29,Twitch,200,BOTTOM,True,12,6,6
NA1_5502868878,117,Lulu,200,UTILITY,True,0,8,22
NA1_5498113790,114,Fiora,100,TOP,False,4,5,1
NA1_5498113790,9,FiddleSticks,100,JUNGLE,False,2,5,4
NA1_5498113790,14,Sion,100,MIDDLE,False,4,8,1
NA1_5498113790,804,Yunara,100,BOTTOM,False,2,7,1
NA1_5498113790,43,Karma,100,UTILITY,False,1,5,5
NA1_5498113790,86,Garen,200,TOP,True,7,4,2
NA1_5498113790,111,Nautilus,200,JUNGLE,True,6,2,11
NA1_5498113790,55,Katarina,200,MIDDLE,True,6,2,11
NA1_5498113790,81,Ezreal,200,BOTTOM,True,11,2,5
NA1_5498113790,267,Nami,200,UTILITY,True,0,3,14
NA1_5506319056,41,Gangplank,100,TOP,True,6,3,7
NA1_5506319056,91,Talon,100,JUNGLE,True,3,4,8
NA1_5506319056,103,Ahri,100,MIDDLE,True,8,1,1
NA1_5506319056,157,Yasuo,100,BOTTOM,True,9,7,4
NA1_5506319056,267,Nami,100,UTILITY,True,0,6,13
NA1_5506319056,5,XinZhao,200,TOP,False,4,6,3
NA1_5506319056,104,Graves,200,JUNGLE,False,4,6,8
NA1_5506319056,901,Smolder,200,MIDDLE,False,4,6,4
NA1_5506319056,134,Syndra,200,BOTTOM,False,7,5,4
NA1_5506319056,902,Milio,200,UTILITY,False,2,3,12
NA1_5493512663,98,Shen,100,TOP,True,5,4,18
NA1_5493512663,904,Zaahen,100,JUNGLE,True,6,10,17
NA1_5493512663,887,Gwen,100,MIDDLE,True,15,8,8
NA1_5493512663,51,Caitlyn,100,BOTTOM,True,16,7,10
NA1_5493512663,32,Amumu,100,UTILITY,True,1,5,20
NA1_5493512663,85,Kennen,200,TOP,False,7,9,11
NA1_5493512663,122,Darius,200,JUNGLE,False,13,8,11
NA1_5493512663,90,Malzahar,200,MIDDLE,False,8,6,11
NA1_5493512663,145,Kaisa,200,BOTTOM,False,4,10,13
NA1_5493512663,111,Nautilus,200,UTILITY,False,2,10,14
NA1_5483998290,14,Sion,100,TOP,False,4,8,7
NA1_5483998290,799,Ambessa,100,JUNGLE,False,11,7,4
NA1_5483998290,142,Zoe,100,MIDDLE,False,8,4,7
NA1_5483998290,103,Ahri,100,BOTTOM,False,2,6,9
NA1_5483998290,902,Milio,100,UTILITY,False,0,8,14
NA1_5483998290,266,Aatrox,200,TOP,True,15,5,3
NA1_5483998290,121,Khazix,200,JUNGLE,True,5,5,4
NA1_5483998290,893,Aurora,200,MIDDLE,True,7,4,5
NA1_5483998290,143,Zyra,200,BOTTOM,True,0,4,10
NA1_5483998290,235,Senna,200,UTILITY,True,6,7,12
NA1_5496051190,24,Jax,100,TOP,True,1,8,7
NA1_5496051190,59,JarvanIV,100,JUNGLE,True,10,5,17
NA1_5496051190,105,Fizz,100,MIDDLE,True,14,4,13
NA1_5496051190,145,Kaisa,100,BOTTOM,True,8,4,10
NA1_5496051190,7,Leblanc,100,UTILITY,True,2,5,12
NA1_5496051190,86,Garen,200,TOP,False,10,9,1
NA1_5496051190,427,Ivern,200,JUNGLE,False,4,7,13
NA1_5496051190,103,Ahri,200,MIDDLE,False,3,7,4
NA1_5496051190,67,Vayne,200,BOTTOM,False,8,6,8
NA1_5496051190,40,Janna,200,UTILITY,False,1,6,18
NA1_5490633342,58,Renekton,100,TOP,True,10,7,8
NA1_5490633342,107,Rengar,100,JUNGLE,True,13,2,10
NA1_5490633342,61,Orianna,100,MIDDLE,True,3,2,10
NA1_5490633342,45,Veigar,100,BOTTOM,True,4,2,2
NA1_5490633342,235,Senna,100,UTILITY,True,2,2,19
NA1_5490633342,516,Ornn,200,TOP,False,3,12,5
NA1_5490633342,234,Viego,200,JUNGLE,False,5,7,2
NA1_5490633342,112,Viktor,200,MIDDLE,False,2,6,3
NA1_5490633342,15,Sivir,200,BOTTOM,False,4,3,5
NA1_5490633342,412,Thresh,200,UTILITY,False,1,4,7
NA1_5503914106,121,Khazix,100,TOP,True,2,0,1
NA1_5503914106,56,Nocturne,100,JUNGLE,True,9,2,6
NA1_5503914106,4,TwistedFate,100,MIDDLE,True,4,4,5
NA1_5503914106,51,Caitlyn,100,BOTTOM,True,1,2,5
NA1_5503914106,432,Bard,100,UTILITY,True,3,1,10
NA1_5503914106,36,DrMundo,200,TOP,False,0,1,0
NA1_5503914106,76,Nidalee,200,JUNGLE,False,5,5,3
NA1_5503914106,13,Ryze,200,MIDDLE,False,1,4,2
NA1_5503914106,804,Yunara,200,BOTTOM,False,3,5,2
NA1_5503914106,16,Soraka,200,UTILITY,False,0,4,5
NA1_5511233561,41,Gangplank,100,TOP,True,15,6,11
NA1_5511233561,876,Lillia,100,JUNGLE,True,10,4,10
NA1_5511233561,238,Zed,100,MIDDLE,True,15,6,9
NA1_5511233561,145,Kaisa,100,BOTTOM,True,10,8,9
NA1_5511233561,53,Blitzcrank,100,UTILITY,True,2,4,16
NA1_5511233561,84,Akali,200,TOP,False,3,13,6
NA1_5511233561,126,Jayce,200,JUNGLE,False,10,10,6
NA1_5511233561,246,Qiyana,200,MIDDLE,False,8,11,4
NA1_5511233561,110,Varus,200,BOTTOM,False,6,11,6
NA1_5511233561,16,Soraka,200,UTILITY,False,1,7,17
NA1_5497927800,5,XinZhao,100,TOP,True,3,2,4
NA1_5497927800,56,Nocturne,100,JUNGLE,True,8,5,3
NA1_5497927800,112,Viktor,100,MIDDLE,True,6,4,9
NA1_5497927800,81,Ezreal,100,BOTTOM,True,10,5,8
NA1_5497927800,800,Mel,100,UTILITY,True,9,6,12
NA1_5497927800,164,Camille,200,TOP,False,2,5,2
NA1_5497927800,104,Graves,200,JUNGLE,False,3,5,6
NA1_5497927800,166,Akshan,200,MIDDLE,False,8,7,3
NA1_5497927800,22,Ashe,200,BOTTOM,False,5,9,4
NA1_5497927800,53,Blitzcrank,200,UTILITY,False,3,10,5
NA1_5471161898,98,Shen,100,TOP,True,2,0,16
NA1_5471161898,20,Nunu,100,JUNGLE,True,13,2,13
NA1_5471161898,103,Ahri,100,MIDDLE,True,4,3,10
NA1_5471161898,901,Smolder,100,BOTTOM,True,9,2,17
NA1_5471161898,50,Swain,100,UTILITY,True,2,3,23
NA1_5471161898,36,DrMundo,200,TOP,False,0,4,0
NA1_5471161898,141,Kayn,200,JUNGLE,False,1,8,3
NA1_5471161898,245,Ekko,200,MIDDLE,False,3,6,1
NA1_5471161898,236,Lucian,200,BOTTOM,False,6,6,1
NA1_5471161898,201,Braum,200,UTILITY,False,0,6,7
NA1_5514136794,777,Yone,100,TOP,True,3,6,9
NA1_5514136794,77,Udyr,100,JUNGLE,True,14,0,12
NA1_5514136794,84,Akali,100,MIDDLE,True,5,5,4
NA1_5514136794,119,Draven,100,BOTTOM,True,11,5,9
NA1_5514136794,111,Nautilus,100,UTILITY,True,1,5,19
NA1_5514136794,893,Aurora,200,TOP,False,6,6,2
NA1_5514136794,60,Elise,200,JUNGLE,False,5,8,4
NA1_5514136794,238,Zed,200,MIDDLE,False,6,4,4
NA1_5514136794,145,Kaisa,200,BOTTOM,False,2,10,8
NA1_5514136794,35,Shaco,200,UTILITY,False,2,6,9
NA1_5505777955,79,Gragas,100,TOP,True,11,3,12
NA1_5505777955,950,Naafiri,100,JUNGLE,True,12,7,7
NA1_5505777955,136,AurelionSol,100,MIDDLE,True,14,6,9
NA1_5505777955,221,Zeri,100,BOTTOM,True,5,8,8
NA1_5505777955,555,Pyke,100,UTILITY,True,7,11,7
NA1_5505777955,86,Garen,200,TOP,False,3,9,1
NA1_5505777955,60,Elise,200,JUNGLE,False,6,11,11
NA1_5505777955,777,Yone,200,MIDDLE,False,8,10,8
NA1_5505777955,119,Draven,200,BOTTOM,False,10,10,8
NA1_5505777955,161,Velkoz,200,UTILITY,False,8,9,13
NA1_5489240957,86,Garen,100,TOP,True,8,3,3
NA1_5489240957,11,MasterYi,100,JUNGLE,True,13,4,9
NA1_5489240957,154,Zac,100,MIDDLE,True,4,4,12
NA1_5489240957,51,Caitlyn,100,BOTTOM,True,3,2,6
NA1_5489240957,89,Leona,100,UTILITY,True,4,2,17
NA1_5489240957,164,Camille,200,TOP,False,1,5,5
NA1_5489240957,887,Gwen,200,JUNGLE,False,7,8,2
NA1_5489240957,39,Irelia,200,MIDDLE,False,4,9,4
NA1_5489240957,15,Sivir,200,BOTTOM,False,3,3,3
NA1_5489240957,26,Zilean,200,UTILITY,False,0,7,10
NA1_5512672297,240,Kled,100,TOP,True,12,4,9
NA1_5512672297,106,Volibear,100,JUNGLE,True,3,3,8
NA1_5512672297,777,Yone,100,MIDDLE,True,15,6,3
NA1_5512672297,115,Ziggs,100,BOTTOM,True,4,5,3
NA1_5512672297,63,Brand,100,UTILITY,True,0,6,10
NA1_5512672297,60,Elise,200,TOP,False,3,15,5
NA1_5512672297,48,Trundle,200,JUNGLE,False,2,4,7
NA1_5512672297,887,Gwen,200,MIDDLE,False,5,9,6
NA1_5512672297,29,Twitch,200,BOTTOM,False,8,4,4
NA1_5512672297,235,Senna,200,UTILITY,False,6,2,8
NA1_5489703717,2,Olaf,100,TOP,True,9,7,5
NA1_5489703717,28,Evelynn,100,JUNGLE,True,11,2,7
NA1_5489703717,126,Jayce,100,MIDDLE,True,7,4,9
NA1_5489703717,222,Jinx,100,BOTTOM,True,9,3,10
NA1_5489703717,267,Nami,100,UTILITY,True,4,6,18
NA1_5489703717,10,Kayle,200,TOP,False,5,9,6
NA1_5489703717,36,DrMundo,200,JUNGLE,False,5,5,5
NA1_5489703717,268,Azir,200,MIDDLE,False,3,8,2
NA1_5489703717,523,Aphelios,200,BOTTOM,False,7,9,6
NA1_5489703717,32,Amumu,200,UTILITY,False,2,9,13
NA1_5488617239,68,Rumble,100,TOP,False,2,5,8
NA1_5488617239,35,Shaco,100,JUNGLE,False,4,9,6
NA1_5488617239,38,Kassadin,100,MIDDLE,False,6,4,3
NA1_5488617239,51,Caitlyn,100,BOTTOM,False,5,14,4
NA1_5488617239,111,Nautilus,100,UTILITY,False,4,6,8
NA1_5488617239,887,Gwen,200,TOP,True,4,8,7
NA1_5488617239,234,Viego,200,JUNGLE,True,6,4,2
NA1_5488617239,84,Akali,200,MIDDLE,True,6,3,3
NA1_5488617239,202,Jhin,200,BOTTOM,True,14,4,7
NA1_5488617239,161,Velkoz,200,UTILITY,True,8,2,18
NA1_5502337716,897,KSante,100,TOP,True,2,8,9
NA1_5502337716,60,Elise,100,JUNGLE,True,21,3,3
NA1_5502337716,37,Sona,100,MIDDLE,True,1,2,16
NA1_5502337716,202,Jhin,100,BOTTOM,True,6,7,8
NA1_5502337716,12,Alistar,100,UTILITY,True,3,5,14
NA1_5502337716,122,Darius,200,TOP,False,5,6,3
NA1_5502337716,121,Khazix,200,JUNGLE,False,6,7,4
NA1_5502337716,163,Taliyah,200,MIDDLE,False,2,5,7
NA1_5502337716,804,Yunara,200,BOTTOM,False,8,10,8
NA1_5502337716,350,Yuumi,200,UTILITY,False,4,5,7
NA1_5490991437,904,Zaahen,100,TOP,False,4,9,4
NA1_5490991437,56,Nocturne,100,JUNGLE,False,4,7,6
NA1_5490991437,8,Vladimir,100,MIDDLE,False,3,5,3
NA1_5490991437,901,Smolder,100,BOTTOM,False,10,10,4
NA1_5490991437,518,Neeko,100,UTILITY,False,3,12,9
NA1_5490991437,14,Sion,200,TOP,True,4,6,5
NA1_5490991437,200,Belveth,200,JUNGLE,True,12,3,10
NA1_5490991437,45,Veigar,200,MIDDLE,True,9,2,8
NA1_5490991437,119,Draven,200,BOTTOM,True,16,7,6
NA1_5490991437,25,Morgana,200,UTILITY,True,2,6,20
NA1_5505164638,79,Gragas,100,TOP,True,2,13,5
NA1_5505164638,102,Shyvana,100,JUNGLE,True,4,5,5
NA1_5505164638,112,Viktor,100,MIDDLE,True,1,7,4
NA1_5505164638,202,Jhin,100,BOTTOM,True,15,9,7
NA1_5505164638,235,Senna,100,UTILITY,True,5,13,18
NA1_5505164638,142,Zoe,200,TOP,False,9,6,11
NA1_5505164638,120,Hecarim,200,JUNGLE,False,13,5,12
NA1_5505164638,101,Xerath,200,MIDDLE,False,9,2,9
NA1_5505164638,145,Kaisa,200,BOTTOM,False,10,6,11
NA1_5505164638,99,Lux,200,UTILITY,False,6,8,14
NA1_5506494706,68,Rumble,100,TOP,False,5,6,4
NA1_5506494706,64,LeeSin,100,JUNGLE,False,4,11,10
NA1_5506494706,157,Yasuo,100,MIDDLE,False,2,10,6
NA1_5506494706,804,Yunara,100,BOTTOM,False,8,5,2
NA1_5506494706,432,Bard,100,UTILITY,False,1,9,9
NA1_5506494706,777,Yone,200,TOP,True,12,3,5
NA1_5506494706,121,Khazix,200,JUNGLE,True,14,4,8
NA1_5506494706,711,Vex,200,MIDDLE,True,8,7,9
NA1_5506494706,21,MissFortune,200,BOTTOM,True,6,4,4
NA1_5506494706,12,Alistar,200,UTILITY,True,1,2,21
NA1_5487896110,904,Zaahen,100,TOP,True,4,8,2
NA1_5487896110,64,LeeSin,100,JUNGLE,True,13,4,13
NA1_5487896110,38,Kassadin,100,MIDDLE,True,10,3,9
NA1_5487896110,523,Aphelios,100,BOTTOM,True,10,3,9
NA1_5487896110,40,Janna,100,UTILITY,True,1,3,18
NA1_5487896110,420,Illaoi,200,TOP,False,6,3,3
NA1_5487896110,107,Rengar,200,JUNGLE,False,5,7,5
NA1_5487896110,18,Tristana,200,MIDDLE,False,6,8,3
NA1_5487896110,147,Seraphine,200,BOTTOM,False,3,9,3
NA1_5487896110,223,TahmKench,200,UTILITY,False,1,11,7
NA1_5493486822,19,Warwick,100,TOP,False,2,8,2
NA1_5493486822,904,Zaahen,100,JUNGLE,False,1,4,6
NA1_5493486822,887,Gwen,100,MIDDLE,False,3,7,1
NA1_5493486822,119,Draven,100,BOTTOM,False,7,8,0
NA1_5493486822,267,Nami,100,UTILITY,False,0,5,8
NA1_5493486822,9,FiddleSticks,200,TOP,True,8,3,6
NA1_5493486822,64,LeeSin,200,JUNGLE,True,5,0,12
NA1_5493486822,23,Tryndamere,200,MIDDLE,True,9,4,2
NA1_5493486822,15,Sivir,200,BOTTOM,True,7,3,4
NA1_5493486822,37,Sona,200,UTILITY,True,3,3,13
NA1_5481450096,86,Garen,100,TOP,False,12,8,4
NA1_5481450096,126,Jayce,100,JUNGLE,False,6,11,15
NA1_5481450096,910,Hwei,100,MIDDLE,False,6,8,11
NA1_5481450096,523,Aphelios,100,BOTTOM,False,10,10,6
NA1_5481450096,12,Alistar,100,UTILITY,False,3,7,20
NA1_5481450096,114,Fiora,200,TOP,True,9,9,6
NA1_5481450096,72,Skarner,200,JUNGLE,True,7,3,18
NA1_5481450096,43,Karma,200,MIDDLE,True,7,8,15
NA1_5481450096,50,Swain,200,BOTTOM,True,8,9,12
NA1_5481450096,235,Senna,200,UTILITY,True,13,8,13
NA1_5487914111,41,Gangplank,100,TOP,False,1,6,0
NA1_5487914111,126,Jayce,100,JUNGLE,False,5,4,4
NA1_5487914111,43,Karma,100,MIDDLE,False,3,9,7
NA1_5487914111,804,Yunara,100,BOTTOM,False,5,4,4
NA1_5487914111,117,Lulu,100,UTILITY,False,0,5,8
NA1_5487914111,266,Aatrox,200,TOP,True,4,4,4
NA1_5487914111,254,Vi,200,JUNGLE,True,5,4,6
NA1_5487914111,38,Kassadin,200,MIDDLE,True,11,1,6
NA1_5487914111,222,Jinx,200,BOTTOM,True,6,2,10
NA1_5487914111,201,Braum,200,UTILITY,True,2,3,17
NA1_5493969006,893,Aurora,100,TOP,True,3,3,3
NA1_5493969006,35,Shaco,100,JUNGLE,True,8,1,3
NA1_5493969006,7,Leblanc,100,MIDDLE,True,6,3,3
NA1_5493969006,51,Caitlyn,100,BOTTOM,True,9,2,2
NA1_5493969006,57,Maokai,100,UTILITY,True,2,1,11
NA1_5493969006,14,Sion,200,TOP,False,3,5,3
NA1_5493969006,104,Graves,200,JUNGLE,False,5,3,2
NA1_5493969006,90,Malzahar,200,MIDDLE,False,1,5,1
NA1_5493969006,110,Varus,200,BOTTOM,False,1,9,2
NA1_5493969006,40,Janna,200,UTILITY,False,0,6,5
NA1_5506613204,67,Vayne,100,TOP,True,9,5,4
NA1_5506613204,76,Nidalee,100,JUNGLE,True,15,1,7
NA1_5506613204,238,Zed,100,MIDDLE,True,6,3,4
NA1_5506613204,101,Xerath,100,BOTTOM,True,3,4,9
NA1_5506613204,43,Karma,100,UTILITY,True,4,3,15
NA1_5506613204,777,Yone,200,TOP,False,1,8,3
NA1_5506613204,246,Qiyana,200,JUNGLE,False,9,7,2
NA1_5506613204,134,Syndra,200,MIDDLE,False,1,7,2
NA1_5506613204,901,Smolder,200,BOTTOM,False,4,5,3
NA1_5506613204,412,Thresh,200,UTILITY,False,1,10,7
NA1_5501414944,24,Jax,100,TOP,True,5,5,7
NA1_5501414944,64,LeeSin,100,JUNGLE,True,12,4,15
NA1_5501414944,134,Syndra,100,MIDDLE,True,5,8,5
NA1_5501414944,910,Hwei,100,BOTTOM,True,8,5,11
NA1_5501414944,48,Trundle,100,UTILITY,True,3,4,17
NA1_5501414944,777,Yone,200,TOP,False,6,8,5
NA1_5501414944,245,Ekko,200,JUNGLE,False,7,9,3
NA1_5501414944,103,Ahri,200,MIDDLE,False,10,3,6
NA1_5501414944,498,Xayah,200,BOTTOM,False,3,6,6
NA1_5501414944,201,Braum,200,UTILITY,False,0,7,14
NA1_5496765569,887,Gwen,100,TOP,True,2,6,7
NA1_5496765569,104,Graves,100,JUNGLE,True,13,2,2
NA1_5496765569,10,Kayle,100,MIDDLE,True,3,5,11
NA1_5496765569,222,Jinx,100,BOTTOM,True,11,4,9
NA1_5496765569,43,Karma,100,UTILITY,True,0,3,22
NA1_5496765569,164,Camille,200,TOP,False,8,5,1
NA1_5496765569,20,Nunu,200,JUNGLE,False,1,5,9
NA1_5496765569,80,Pantheon,200,MIDDLE,False,6,6,5
NA1_5496765569,221,Zeri,200,BOTTOM,False,4,6,3
NA1_5496765569,432,Bard,200,UTILITY,False,1,7,7
NA1_5499424203,31,Chogath,100,TOP,False,3,6,1
NA1_5499424203,904,Zaahen,100,JUNGLE,False,6,8,6
NA1_5499424203,154,Zac,100,MIDDLE,False,3,7,2
NA1_5499424203,235,Senna,100,BOTTOM,False,4,6,5
NA1_5499424203,412,Thresh,100,UTILITY,False,1,8,13
NA1_5499424203,127,Lissandra,200,TOP,True,3,4,7
NA1_5499424203,427,Ivern,200,JUNGLE,True,3,2,21
NA1_5499424203,8,Vladimir,200,MIDDLE,True,6,3,12
NA1_5499424203,498,Xayah,200,BOTTOM,True,21,4,6
NA1_5499424203,16,Soraka,200,UTILITY,True,2,4,26
NA1_5492644847,516,Ornn,100,TOP,False,1,7,2
NA1_5492644847,20,Nunu,100,JUNGLE,False,4,6,6
NA1_5492644847,115,Ziggs,100,MIDDLE,False,3,4,4
NA1_5492644847,222,Jinx,100,BOTTOM,False,3,5,2
NA1_5492644847,147,Seraphine,100,UTILITY,False,1,5,5
NA1_5492644847,799,Ambessa,200,TOP,True,6,1,5
NA1_5492644847,11,MasterYi,200,JUNGLE,True,13,3,6
NA1_5492644847,517,Sylas,200,MIDDLE,True,4,4,9
NA1_5492644847,901,Smolder,200,BOTTOM,True,3,2,8
NA1_5492644847,16,Soraka,200,UTILITY,True,1,2,16
NA1_5503330771,114,Fiora,100,TOP,False,1,13,1
NA1_5503330771,143,Zyra,100,JUNGLE,False,6,6,5
NA1_5503330771,246,Qiyana,100,MIDDLE,False,3,8,2
NA1_5503330771,222,Jinx,100,BOTTOM,False,9,4,4
NA1_5503330771,350,Yuumi,100,UTILITY,False,1,4,11
NA1_5503330771,126,Jayce,200,TOP,True,13,4,6
NA1_5503330771,203,Kindred,200,JUNGLE,True,7,5,6
NA1_5503330771,103,Ahri,200,MIDDLE,True,10,4,10
NA1_5503330771,115,Ziggs,200,BOTTOM,True,5,2,5
NA1_5503330771,16,Soraka,200,UTILITY,True,0,5,19
NA1_5485293284,887,Gwen,100,TOP,False,10,12,3
NA1_5485293284,104,Graves,100,JUNGLE,False,9,9,12
NA1_5485293284,41,Gangplank,100,MIDDLE,False,14,10,12
NA1_5485293284,222,Jinx,100,BOTTOM,False,0,8,14
NA1_5485293284,113,Sejuani,100,UTILITY,False,9,7,20
NA1_5485293284,54,Malphite,200,TOP,True,6,10,14
NA1_5485293284,20,Nunu,200,JUNGLE,True,5,9,28
NA1_5485293284,13,Ryze,200,MIDDLE,True,13,9,14
NA1_5485293284,18,Tristana,200,BOTTOM,True,12,7,14
NA1_5485293284,555,Pyke,200,UTILITY,True,10,7,16
NA1_5488453356,62,MonkeyKing,100,TOP,True,11,5,3
NA1_5488453356,35,Shaco,100,JUNGLE,True,6,3,13
NA1_5488453356,800,Mel,100,MIDDLE,True,5,4,8
NA1_5488453356,51,Caitlyn,100,BOTTOM,True,15,3,11
NA1_5488453356,43,Karma,100,UTILITY,True,4,7,23
NA1_5488453356,777,Yone,200,TOP,False,3,9,1
NA1_5488453356,28,Evelynn,200,JUNGLE,False,6,5,5
NA1_5488453356,7,Leblanc,200,MIDDLE,False,6,5,3
NA1_5488453356,360,Samira,200,BOTTOM,False,6,10,3
NA1_5488453356,89,Leona,200,UTILITY,False,0,12,11
NA1_5505202436,24,Jax,100,TOP,False,2,3,1
NA1_5505202436,17,Teemo,100,JUNGLE,False,4,5,3
NA1_5505202436,133,Quinn,100,MIDDLE,False,3,10,1
NA1_5505202436,161,Velkoz,100,BOTTOM,False,1,5,0
NA1_5505202436,43,Karma,100,UTILITY,False,0,3,1
NA1_5505202436,81,Ezreal,200,TOP,True,5,7,2
NA1_5505202436,60,Elise,200,JUNGLE,True,9,2,5
NA1_5505202436,38,Kassadin,200,MIDDLE,True,5,1,4
NA1_5505202436,800,Mel,200,BOTTOM,True,7,0,6
NA1_5505202436,267,Nami,200,UTILITY,True,0,0,12
NA1_5506248675,86,Garen,100,TOP,False,4,7,1
NA1_5506248675,120,Hecarim,100,JUNGLE,False,1,7,2
NA1_5506248675,777,Yone,100,MIDDLE,False,0,2,1
NA1_5506248675,50,Swain,100,BOTTOM,False,1,5,0
NA1_5506248675,432,Bard,100,UTILITY,False,1,4,3
NA1_5506248675,5,XinZhao,200,TOP,True,4,2,2
NA1_5506248675,76,Nidalee,200,JUNGLE,True,13,2,6
NA1_5506248675,1,Annie,200,MIDDLE,True,2,1,5
NA1_5506248675,18,Tristana,200,BOTTOM,True,4,1,9
NA1_5506248675,43,Karma,200,UTILITY,True,2,1,16
NA1_5513319138,82,Mordekaiser,100,TOP,True,10,5,1
NA1_5513319138,254,Vi,100,JUNGLE,True,4,3,5
NA1_5513319138,127,Lissandra,100,MIDDLE,True,6,3,6
NA1_5513319138,222,Jinx,100,BOTTOM,True,8,1,1
NA1_5513319138,267,Nami,100,UTILITY,True,0,3,10
NA1_5513319138,238,Zed,200,TOP,False,2,8,4
NA1_5513319138,104,Graves,200,JUNGLE,False,3,3,6
NA1_5513319138,61,Orianna,200,MIDDLE,False,3,10,7
NA1_5513319138,236,Lucian,200,BOTTOM,False,7,5,3
NA1_5513319138,350,Yuumi,200,UTILITY,False,0,2,11
NA1_5485707705,92,Riven,100,TOP,True,10,8,3
NA1_5485707705,60,Elise,100,JUNGLE,True,13,0,10
NA1_5485707705,105,Fizz,100,MIDDLE,True,6,5,10
NA1_5485707705,147,Seraphine,100,BOTTOM,True,4,2,13
NA1_5485707705,99,Lux,100,UTILITY,True,4,1,18
NA1_5485707705,150,Gnar,200,TOP,False,5,7,3
NA1_5485707705,141,Kayn,200,JUNGLE,False,5,5,1
NA1_5485707705,131,Diana,200,MIDDLE,False,1,9,6
NA1_5485707705,901,Smolder,200,BOTTOM,False,4,9,2
NA1_5485707705,267,Nami,200,UTILITY,False,1,7,6
NA1_5488605446,75,Nasus,100,TOP,True,11,5,14
NA1_5488605446,799,Ambessa,100,JUNGLE,True,5,4,5
NA1_5488605446,92,Riven,100,MIDDLE,True,13,6,5
NA1_5488605446,115,Ziggs,100,BOTTOM,True,8,9,10
NA1_5488605446,432,Bard,100,UTILITY,True,3,7,19
NA1_5488605446,67,Vayne,200,TOP,False,1,12,3
NA1_5488605446,904,Zaahen,200,JUNGLE,False,3,6,13
NA1_5488605446,38,Kassadin,200,MIDDLE,False,15,12,2
NA1_5488605446,145,Kaisa,200,BOTTOM,False,9,6,9
NA1_5488605446,201,Braum,200,UTILITY,False,3,4,19
NA1_5505443808,421,RekSai,100,TOP,True,7,5,5
NA1_5505443808,517,Sylas,100,JUNGLE,True,8,4,9
NA1_5505443808,910,Hwei,100,MIDDLE,True,7,2,11
NA1_5505443808,523,Aphelios,100,BOTTOM,True,5,5,9
NA1_5505443808,44,Taric,100,UTILITY,True,3,8,13
NA1_5505443808,31,Chogath,200,TOP,False,2,10,8
NA1_5505443808,24,Jax,200,JUNGLE,False,5,6,9
NA1_5505443808,112,Viktor,200,MIDDLE,False,6,6,7
NA1_5505443808,157,Yasuo,200,BOTTOM,False,10,5,8
NA1_5505443808,267,Nami,200,UTILITY,False,1,3,18
NA1_5497636539,126,Jayce,100,TOP,True,9,2,11
NA1_5497636539,24,Jax,100,JUNGLE,True,12,6,11
NA1_5497636539,887,Gwen,100,MIDDLE,True,8,5,7
NA1_5497636539,910,Hwei,100,BOTTOM,True,6,5,16
NA1_5497636539,26,Zilean,100,UTILITY,True,0,4,28
NA1_5497636539,150,Gnar,200,TOP,False,4,7,5
NA1_5497636539,33,Rammus,200,JUNGLE,False,3,4,8
NA1_5497636539,163,Taliyah,200,MIDDLE,False,7,8,6
NA1_5497636539,222,Jinx,200,BOTTOM,False,6,11,1
NA1_5497636539,37,Sona,200,UTILITY,False,2,5,15
NA1_5519432446,887,Gwen,100,TOP,False,8,5,4
NA1_5519432446,154,Zac,100,JUNGLE,False,1,10,10
NA1_5519432446,134,Syndra,100,MIDDLE,False,6,10,3
NA1_5519432446,360,Samira,100,BOTTOM,False,10,11,4
NA1_5519432446,111,Nautilus,100,UTILITY,False,1,10,12
NA1_5519432446,86,Garen,200,TOP,True,4,5,12
NA1_5519432446,64,LeeSin,200,JUNGLE,True,22,3,16
NA1_5519432446,50,Swain,200,MIDDLE,True,9,3,17
NA1_5519432446,81,Ezreal,200,BOTTOM,True,3,7,9
NA1_5519432446,518,Neeko,200,UTILITY,True,8,8,22
NA1_5487875640,23,Tryndamere,100,TOP,True,6,5,9
NA1_5487875640,245,Ekko,100,JUNGLE,True,13,6,6
NA1_5487875640,3,Galio,100,MIDDLE,True,11,7,17
NA1_5487875640,42,Corki,100,BOTTOM,True,9,7,15
NA1_5487875640,111,Nautilus,100,UTILITY,True,5,6,25
NA1_5487875640,516,Ornn,200,TOP,False,2,5,5
NA1_5487875640,517,Sylas,200,JUNGLE,False,10,10,8
NA1_5487875640,91,Talon,200,MIDDLE,False,7,6,7
NA1_5487875640,222,Jinx,200,BOTTOM,False,11,12,10
NA1_5487875640,201,Braum,200,UTILITY,False,1,11,19
NA1_5499348868,240,Kled,100,TOP,False,2,9,8
NA1_5499348868,904,Zaahen,100,JUNGLE,False,1,7,8
NA1_5499348868,800,Mel,100,MIDDLE,False,8,6,4
NA1_5499348868,119,Draven,100,BOTTOM,False,9,11,6
NA1_5499348868,497,Rakan,100,UTILITY,False,3,12,14
NA1_5499348868,31,Chogath,200,TOP,True,14,1,10
NA1_5499348868,113,Sejuani,200,JUNGLE,True,2,3,29
NA1_5499348868,105,Fizz,200,MIDDLE,True,10,3,13
NA1_5499348868,81,Ezreal,200,BOTTOM,True,14,7,18
NA1_5499348868,43,Karma,200,UTILITY,True,5,9,26
NA1_5506430902,799,Ambessa,100,TOP,False,1,6,0
NA1_5506430902,233,Briar,100,JUNGLE,False,4,3,1
NA1_5506430902,101,Xerath,100,MIDDLE,False,0,6,2
NA1_5506430902,15,Sivir,100,BOTTOM,False,0,2,0
NA1_5506430902,497,Rakan,100,UTILITY,False,1,2,2
NA1_5506430902,39,Irelia,200,TOP,True,4,1,2
NA1_5506430902,517,Sylas,200,JUNGLE,True,3,2,5
NA1_5506430902,157,Yasuo,200,MIDDLE,True,8,2,3
NA1_5506430902,498,Xayah,200,BOTTOM,True,3,0,0
NA1_5506430902,111,Nautilus,200,UTILITY,True,1,1,7
NA1_5512851176,27,Singed,100,TOP,False,2,5,2
NA1_5512851176,80,Pantheon,100,JUNGLE,False,11,5,8
NA1_5512851176,134,Syndra,100,MIDDLE,False,4,7,0
NA1_5512851176,901,Smolder,100,BOTTOM,False,3,6,5
NA1_5512851176,89,Leona,100,UTILITY,False,0,9,10
NA1_5512851176,150,Gnar,200,TOP,True,4,0,5
NA1_5512851176,35,Shaco,200,JUNGLE,True,8,1,12
NA1_5512851176,910,Hwei,200,MIDDLE,True,5,5,3
NA1_5512851176,81,Ezreal,200,BOTTOM,True,12,6,10
NA1_5512851176,1,Annie,200,UTILITY,True,3,8,17
NA1_5502110936,777,Yone,100,TOP,False,1,4,3
NA1_5502110936,20,Nunu,100,JUNGLE,False,6,8,4
NA1_5502110936,85,Kennen,100,MIDDLE,False,6,6,3
NA1_5502110936,4,TwistedFate,100,BOTTOM,False,5,11,3
NA1_5502110936,22,Ashe,100,UTILITY,False,1,14,6
NA1_5502110936,126,Jayce,200,TOP,True,5,4,5
NA1_5502110936,36,DrMundo,200,JUNGLE,True,9,1,14
NA1_5502110936,84,Akali,200,MIDDLE,True,5,6,5
NA1_5502110936,804,Yunara,200,BOTTOM,True,21,3,13
NA1_5502110936,267,Nami,200,UTILITY,True,2,5,30
NA1_5488255370,904,Zaahen,100,TOP,False,1,8,1
NA1_5488255370,91,Talon,100,JUNGLE,False,0,4,2
NA1_5488255370,517,Sylas,100,MIDDLE,False,0,11,0
NA1_5488255370,901,Smolder,100,BOTTOM,False,4,5,3
NA1_5488255370,111,Nautilus,100,UTILITY,False,3,3,3
NA1_5488255370,27,Singed,200,TOP,True,7,2,5
NA1_5488255370,121,Khazix,200,JUNGLE,True,9,0,7
NA1_5488255370,38,Kassadin,200,MIDDLE,True,11,0,4
NA1_5488255370,51,Caitlyn,200,BOTTOM,True,4,2,2
NA1_5488255370,117,Lulu,200,UTILITY,True,0,5,12
NA1_5500121115,58,Renekton,100,TOP,False,6,5,0
NA1_5500121115,799,Ambessa,100,JUNGLE,False,0,6,8
NA1_5500121115,161,Velkoz,100,MIDDLE,False,3,9,5
NA1_5500121115,67,Vayne,100,BOTTOM,False,6,9,2
NA1_5500121115,432,Bard,100,UTILITY,False,2,2,11
NA1_5500121115,516,Ornn,200,TOP,True,5,4,6
NA1_5500121115,24,Jax,200,JUNGLE,True,6,4,9
NA1_5500121115,238,Zed,200,MIDDLE,True,13,3,8
NA1_5500121115,235,Senna,200,BOTTOM,True,5,2,13
NA1_5500121115,57,Maokai,200,UTILITY,True,2,4,12
NA1_5512884096,799,Ambessa,100,TOP,False,3,8,1
NA1_5512884096,104,Graves,100,JUNGLE,False,10,6,7
NA1_5512884096,103,Ahri,100,MIDDLE,False,4,2,6
NA1_5512884096,145,Kaisa,100,BOTTOM,False,4,11,6
NA1_5512884096,267,Nami,100,UTILITY,False,0,8,11
NA1_5512884096,34,Anivia,200,TOP,True,6,4,12
NA1_5512884096,62,MonkeyKing,200,JUNGLE,True,9,4,13
NA1_5512884096,101,Xerath,200,MIDDLE,True,5,4,8
NA1_5512884096,96,KogMaw,200,BOTTOM,True,14,7,4
NA1_5512884096,888,Renata,200,UTILITY,True,1,2,19
NA1_5492178857,516,Ornn,100,TOP,True,0,2,13
NA1_5492178857,421,RekSai,100,JUNGLE,True,20,3,7
NA1_5492178857,4,TwistedFate,100,MIDDLE,True,7,1,16
NA1_5492178857,51,Caitlyn,100,BOTTOM,True,4,2,12
NA1_5492178857,43,Karma,100,UTILITY,True,1,3,19
NA1_5492178857,26,Zilean,200,TOP,False,1,6,5
NA1_5492178857,102,Shyvana,200,JUNGLE,False,6,5,3
NA1_5492178857,157,Yasuo,200,MIDDLE,False,1,10,2
NA1_5492178857,115,Ziggs,200,BOTTOM,False,2,6,5
NA1_5492178857,111,Nautilus,200,UTILITY,False,1,5,5
NA1_5473667081,78,Poppy,100,TOP,True,4,1,1
NA1_5473667081,59,JarvanIV,100,JUNGLE,True,8,0,8
NA1_5473667081,777,Yone,100,MIDDLE,True,6,3,5
NA1_5473667081,804,Yunara,100,BOTTOM,True,12,2,3
NA1_5473667081,40,Janna,100,UTILITY,True,1,2,14
NA1_5473667081,799,Ambessa,200,TOP,False,2,5,0
NA1_5473667081,154,Zac,200,JUNGLE,False,2,5,0
NA1_5473667081,136,AurelionSol,200,MIDDLE,False,0,6,1
NA1_5473667081,222,Jinx,200,BOTTOM,False,2,9,2
NA1_5473667081,117,Lulu,200,UTILITY,False,2,6,5
NA1_5488332872,904,Zaahen,100,TOP,False,2,4,1
NA1_5488332872,54,Malphite,100,JUNGLE,False,2,3,4
NA1_5488332872,8,Vladimir,100,MIDDLE,False,2,0,5
NA1_5488332872,901,Smolder,100,BOTTOM,False,5,4,2
NA1_5488332872,267,Nami,100,UTILITY,False,2,9,5
NA1_5488332872,897,KSante,200,TOP,True,4,0,2
NA1_5488332872,121,Khazix,200,JUNGLE,True,4,3,3
NA1_5488332872,38,Kassadin,200,MIDDLE,True,2,2,1
NA1_5488332872,145,Kaisa,200,BOTTOM,True,6,3,3
NA1_5488332872,517,Sylas,200,UTILITY,True,4,5,7
NA1_5495414053,67,Vayne,100,TOP,True,12,6,6
NA1_5495414053,126,Jayce,100,JUNGLE,True,5,4,12
NA1_5495414053,112,Viktor,100,MIDDLE,True,8,1,15
NA1_5495414053,222,Jinx,100,BOTTOM,True,5,7,7
NA1_5495414053,412,Thresh,100,UTILITY,True,2,5,14
NA1_5495414053,142,Zoe,200,TOP,False,10,11,3
NA1_5495414053,154,Zac,200,JUNGLE,False,2,3,7
NA1_5495414053,36,DrMundo,200,MIDDLE,False,3,8,1
NA1_5495414053,804,Yunara,200,BOTTOM,False,8,4,1
NA1_5495414053,267,Nami,200,UTILITY,False,0,6,14
NA1_5491332111,27,Singed,100,TOP,True,0,0,5
NA1_5491332111,20,Nunu,100,JUNGLE,True,2,4,8
NA1_5491332111,154,Zac,100,MIDDLE,True,3,4,0
NA1_5491332111,18,Tristana,100,BOTTOM,True,14,1,1
NA1_5491332111,350,Yuumi,100,UTILITY,True,0,1,15
NA1_5491332111,98,Shen,200,TOP,False,0,4,7
NA1_5491332111,904,Zaahen,200,JUNGLE,False,5,3,2
NA1_5491332111,142,Zoe,200,MIDDLE,False,3,4,6
NA1_5491332111,145,Kaisa,200,BOTTOM,False,1,7,2
NA1_5491332111,555,Pyke,200,UTILITY,False,1,1,7
NA1_5487682563,24,Jax,100,TOP,True,3,3,5
NA1_5487682563,107,Rengar,100,JUNGLE,True,4,1,7
NA1_5487682563,238,Zed,100,MIDDLE,True,12,2,4
NA1_5487682563,523,Aphelios,100,BOTTOM,True,9,1,5
NA1_5487682563,267,Nami,100,UTILITY,True,0,1,14
NA1_5487682563,106,Volibear,200,TOP,False,1,7,4
NA1_5487682563,234,Viego,200,JUNGLE,False,2,5,1
NA1_5487682563,950,Naafiri,200,MIDDLE,False,1,8,1
NA1_5487682563,145,Kaisa,200,BOTTOM,False,3,4,0
NA1_5487682563,117,Lulu,200,UTILITY,False,0,4,3
NA1_5495145292,110,Varus,100,TOP,False,1,7,7
NA1_5495145292,64,LeeSin,100,JUNGLE,False,14,8,3
NA1_5495145292,516,Ornn,100,MIDDLE,False,1,6,13
NA1_5495145292,51,Caitlyn,100,BOTTOM,False,13,8,8
NA1_5495145292,518,Neeko,100,UTILITY,False,2,7,19
NA1_5495145292,10,Kayle,200,TOP,True,6,3,15
NA1_5495145292,104,Graves,200,JUNGLE,True,14,7,14
NA1_5495145292,777,Yone,200,MIDDLE,True,5,9,5
NA1_5495145292,50,Swain,200,BOTTOM,True,10,8,15
NA1_5495145292,43,Karma,200,UTILITY,True,1,4,28
NA1_5489256632,86,Garen,100,TOP,False,2,12,2
NA1_5489256632,19,Warwick,100,JUNGLE,False,8,9,5
NA1_5489256632,154,Zac,100,MIDDLE,False,3,4,6
NA1_5489256632,901,Smolder,100,BOTTOM,False,4,9,5
NA1_5489256632,117,Lulu,100,UTILITY,False,1,7,9
NA1_5489256632,122,Darius,200,TOP,True,16,4,3
NA1_5489256632,30,Karthus,200,JUNGLE,True,7,2,13
NA1_5489256632,234,Viego,200,MIDDLE,True,6,5,2
NA1_5489256632,804,Yunara,200,BOTTOM,True,10,3,11
NA1_5489256632,267,Nami,200,UTILITY,True,2,4,20
NA1_5493119253,14,Sion,100,TOP,True,10,2,14
NA1_5493119253,59,JarvanIV,100,JUNGLE,True,17,2,16
NA1_5493119253,246,Qiyana,100,MIDDLE,True,16,12,8
NA1_5493119253,147,Seraphine,100,BOTTOM,True,7,7,15
NA1_5493119253,25,Morgana,100,UTILITY,True,2,7,21
NA1_5493119253,67,Vayne,200,TOP,False,5,14,6
NA1_5493119253,35,Shaco,200,JUNGLE,False,2,6,11
NA1_5493119253,84,Akali,200,MIDDLE,False,13,10,6
NA1_5493119253,42,Corki,200,BOTTOM,False,7,10,6
NA1_5493119253,26,Zilean,200,UTILITY,False,2,12,17
NA1_5519378763,266,Aatrox,100,TOP,True,0,2,0
NA1_5519378763,102,Shyvana,100,JUNGLE,True,2,1,3
NA1_5519378763,127,Lissandra,100,MIDDLE,True,0,0,2
NA1_5519378763,119,Draven,100,BOTTOM,True,9,1,0
NA1_5519378763,412,Thresh,100,UTILITY,True,0,1,9
NA1_5519378763,34,Anivia,200,TOP,False,0,1,2
NA1_5519378763,35,Shaco,200,JUNGLE,False,3,2,0
NA1_5519378763,157,Yasuo,200,MIDDLE,False,1,1,0
NA1_5519378763,81,Ezreal,200,BOTTOM,False,0,4,0
NA1_5519378763,432,Bard,200,UTILITY,False,1,3,1
NA1_5503894178,84,Akali,100,TOP,True,6,1,1
NA1_5503894178,104,Graves,100,JUNGLE,True,8,1,5
NA1_5503894178,105,Fizz,100,MIDDLE,True,10,1,2
NA1_5503894178,96,KogMaw,100,BOTTOM,True,2,4,9
NA1_5503894178,117,Lulu,100,UTILITY,True,1,1,6
NA1_5503894178,126,Jayce,200,TOP,False,1,7,0
NA1_5503894178,143,Zyra,200,JUNGLE,False,1,4,2
NA1_5503894178,893,Aurora,200,MIDDLE,False,3,4,1
NA1_5503894178,804,Yunara,200,BOTTOM,False,1,6,2
NA1_5503894178,37,Sona,200,UTILITY,False,2,6,2
NA1_5487934647,6,Urgot,100,TOP,False,3,6,4
NA1_5487934647,59,JarvanIV,100,JUNGLE,False,4,10,4
NA1_5487934647,8,Vladimir,100,MIDDLE,False,0,7,2
NA1_5487934647,523,Aphelios,100,BOTTOM,False,3,10,3
NA1_5487934647,267,Nami,100,UTILITY,False,3,7,4
NA1_5487934647,36,DrMundo,200,TOP,True,3,5,4
NA1_5487934647,254,Vi,200,JUNGLE,True,12,1,9
NA1_5487934647,38,Kassadin,200,MIDDLE,True,14,4,6
NA1_5487934647,147,Seraphine,200,BOTTOM,True,4,2,14
NA1_5487934647,518,Neeko,200,UTILITY,True,7,1,19
NA1_5511458833,150,Gnar,100,TOP,False,2,7,5
NA1_5511458833,76,Nidalee,100,JUNGLE,False,16,4,4
NA1_5511458833,238,Zed,100,MIDDLE,False,4,10,8
NA1_5511458833,42,Corki,100,BOTTOM,False,1,8,7
NA1_5511458833,267,Nami,100,UTILITY,False,1,8,11
NA1_5511458833,80,Pantheon,200,TOP,True,11,7,5
NA1_5511458833,59,JarvanIV,200,JUNGLE,True,9,4,18
NA1_5511458833,112,Viktor,200,MIDDLE,True,8,3,11
NA1_5511458833,221,Zeri,200,BOTTOM,True,6,6,13
NA1_5511458833,117,Lulu,200,UTILITY,True,3,4,22
NA1_5501438615,799,Ambessa,100,TOP,True,4,2,6
NA1_5501438615,141,Kayn,100,JUNGLE,True,10,1,4
NA1_5501438615,910,Hwei,100,MIDDLE,True,5,1,5
NA1_5501438615,18,Tristana,100,BOTTOM,True,7,2,5
NA1_5501438615,555,Pyke,100,UTILITY,True,4,1,14
NA1_5501438615,904,Zaahen,200,TOP,False,1,7,1
NA1_5501438615,887,Gwen,200,JUNGLE,False,3,5,2
NA1_5501438615,157,Yasuo,200,MIDDLE,False,1,6,0
NA1_5501438615,222,Jinx,200,BOTTOM,False,1,7,1
NA1_5501438615,117,Lulu,200,UTILITY,False,1,5,3
NA1_5500610781,58,Renekton,100,TOP,True,1,2,10
NA1_5500610781,76,Nidalee,100,JUNGLE,True,3,2,15
NA1_5500610781,238,Zed,100,MIDDLE,True,8,4,6
NA1_5500610781,523,Aphelios,100,BOTTOM,True,14,2,5
NA1_5500610781,902,Milio,100,UTILITY,True,0,1,23
NA1_5500610781,126,Jayce,200,TOP,False,0,6,1
NA1_5500610781,254,Vi,200,JUNGLE,False,0,7,6
NA1_5500610781,55,Katarina,200,MIDDLE,False,8,4,1
NA1_5500610781,29,Twitch,200,BOTTOM,False,2,7,3
NA1_5500610781,26,Zilean,200,UTILITY,False,1,2,5
NA1_5511730131,223,TahmKench,100,TOP,False,8,3,2
NA1_5511730131,238,Zed,100,JUNGLE,False,2,9,4
NA1_5511730131,98,Shen,100,MIDDLE,False,4,6,4
NA1_5511730131,81,Ezreal,100,BOTTOM,False,4,7,0
NA1_5511730131,37,Sona,100,UTILITY,False,0,6,7
NA1_5511730131,34,Anivia,200,TOP,True,3,7,3
NA1_5511730131,517,Sylas,200,JUNGLE,True,10,2,7
NA1_5511730131,777,Yone,200,MIDDLE,True,10,3,4
NA1_5511730131,498,Xayah,200,BOTTOM,True,7,3,8
NA1_5511730131,50,Swain,200,UTILITY,True,1,3,14
NA1_5506473257,83,Yorick,100,TOP,False,0,5,0
NA1_5506473257,893,Aurora,100,JUNGLE,False,4,5,0
NA1_5506473257,84,Akali,100,MIDDLE,False,0,3,2
NA1_5506473257,222,Jinx,100,BOTTOM,False,2,6,0
NA1_5506473257,412,Thresh,100,UTILITY,False,0,5,3
NA1_5506473257,950,Naafiri,200,TOP,True,6,1,1
NA1_5506473257,421,RekSai,200,JUNGLE,True,6,0,8
NA1_5506473257,157,Yasuo,200,MIDDLE,True,4,2,5
NA1_5506473257,42,Corki,200,BOTTOM,True,7,3,1
NA1_5506473257,26,Zilean,200,UTILITY,True,1,0,11
NA1_5514187267,887,Gwen,100,TOP,True,4,5,5
NA1_5514187267,98,Shen,100,JUNGLE,True,2,4,10
NA1_5514187267,777,Yone,100,MIDDLE,True,11,6,5
NA1_5514187267,51,Caitlyn,100,BOTTOM,True,17,10,7
NA1_5514187267,25,Morgana,100,UTILITY,True,7,5,19
NA1_5514187267,86,Garen,200,TOP,False,11,9,6
NA1_5514187267,163,Taliyah,200,JUNGLE,False,0,7,3
NA1_5514187267,950,Naafiri,200,MIDDLE,False,8,6,8
NA1_5514187267,136,AurelionSol,200,BOTTOM,False,11,8,9
NA1_5514187267,526,Rell,200,UTILITY,False,0,11,22
NA1_5511408313,897,KSante,100,TOP,False,2,9,4
NA1_5511408313,254,Vi,100,JUNGLE,False,6,9,5
NA1_5511408313,268,Azir,100,MIDDLE,False,1,5,2
NA1_5511408313,875,Sett,100,BOTTOM,False,8,11,5
NA1_5511408313,555,Pyke,100,UTILITY,False,4,9,8
NA1_5511408313,799,Ambessa,200,TOP,True,9,5,9
NA1_5511408313,19,Warwick,200,JUNGLE,True,10,2,9
NA1_5511408313,112,Viktor,200,MIDDLE,True,9,0,10
NA1_5511408313,498,Xayah,200,BOTTOM,True,14,11,7
NA1_5511408313,412,Thresh,200,UTILITY,True,1,3,24
NA1_5493017147,80,Pantheon,100,TOP,False,8,10,12
NA1_5493017147,163,Taliyah,100,JUNGLE,False,12,6,17
NA1_5493017147,91,Talon,100,MIDDLE,False,14,9,12
NA1_5493017147,42,Corki,100,BOTTOM,False,10,6,14
NA1_5493017147,235,Senna,100,UTILITY,False,3,6,32
NA1_5493017147,13,Ryze,200,TOP,True,9,9,11
NA1_5493017147,121,Khazix,200,JUNGLE,True,10,8,9
NA1_5493017147,14,Sion,200,MIDDLE,True,12,9,12
NA1_5493017147,429,Kalista,200,BOTTOM,True,6,11,4
NA1_5493017147,267,Nami,200,UTILITY,True,0,11,18
NA1_5506259300,516,Ornn,100,TOP,True,2,4,11
NA1_5506259300,245,Ekko,100,JUNGLE,True,14,5,9
NA1_5506259300,126,Jayce,100,MIDDLE,True,16,4,11
NA1_5506259300,136,AurelionSol,100,BOTTOM,True,8,6,7
NA1_5506259300,111,Nautilus,100,UTILITY,True,0,6,28
NA1_5506259300,84,Akali,200,TOP,False,5,6,3
NA1_5506259300,35,Shaco,200,JUNGLE,False,12,10,5
NA1_5506259300,99,Lux,200,MIDDLE,False,2,8,9
NA1_5506259300,236,Lucian,200,BOTTOM,False,6,6,7
NA1_5506259300,43,Karma,200,UTILITY,False,0,10,14
NA1_5514059178,68,Rumble,100,TOP,True,11,3,5
NA1_5514059178,9,FiddleSticks,100,JUNGLE,True,3,2,8
NA1_5514059178,238,Zed,100,MIDDLE,True,4,3,9
NA1_5514059178,777,Yone,100,BOTTOM,True,12,8,5
NA1_5514059178,902,Milio,100,UTILITY,True,0,6,22
NA1_5514059178,98,Shen,200,TOP,False,4,5,4
NA1_5514059178,36,DrMundo,200,JUNGLE,False,2,6,9
NA1_5514059178,4,TwistedFate,200,MIDDLE,False,2,6,10
NA1_5514059178,81,Ezreal,200,BOTTOM,False,11,7,6
NA1_5514059178,43,Karma,200,UTILITY,False,3,6,14
NA1_5489357071,516,Ornn,100,TOP,False,2,6,7
NA1_5489357071,120,Hecarim,100,JUNGLE,False,4,6,3
NA1_5489357071,92,Riven,100,MIDDLE,False,5,8,0
NA1_5489357071,42,Corki,100,BOTTOM,False,3,9,4
NA1_5489357071,99,Lux,100,UTILITY,False,3,7,3
NA1_5489357071,84,Akali,200,TOP,True,3,7,5
NA1_5489357071,421,RekSai,200,JUNGLE,True,10,3,9
NA1_5489357071,82,Mordekaiser,200,MIDDLE,True,8,1,6
NA1_5489357071,236,Lucian,200,BOTTOM,True,15,3,4
NA1_5489357071,267,Nami,200,UTILITY,True,0,3,23
NA1_5517751358,238,Zed,100,TOP,False,6,8,2
NA1_5517751358,427,Ivern,100,JUNGLE,False,4,9,4
NA1_5517751358,3,Galio,100,MIDDLE,False,2,10,6
NA1_5517751358,21,MissFortune,100,BOTTOM,False,1,5,3
NA1_5517751358,37,Sona,100,UTILITY,False,1,1,3
NA1_5517751358,240,Kled,200,TOP,True,3,5,7
NA1_5517751358,143,Zyra,200,JUNGLE,True,7,3,7
NA1_5517751358,246,Qiyana,200,MIDDLE,True,13,3,6
NA1_5517751358,81,Ezreal,200,BOTTOM,True,8,2,3
NA1_5517751358,9,FiddleSticks,200,UTILITY,True,1,1,12
NA1_5518101234,86,Garen,100,TOP,True,2,8,7
NA1_5518101234,5,XinZhao,100,JUNGLE,True,12,4,12
NA1_5518101234,84,Akali,100,MIDDLE,True,1,5,8
NA1_5518101234,236,Lucian,100,BOTTOM,True,15,2,7
NA1_5518101234,350,Yuumi,100,UTILITY,True,0,2,22
NA1_5518101234,233,Briar,200,TOP,False,6,7,5
NA1_5518101234,102,Shyvana,200,JUNGLE,False,6,6,4
NA1_5518101234,75,Nasus,200,MIDDLE,False,2,3,8
NA1_5518101234,67,Vayne,200,BOTTOM,False,5,5,1
NA1_5518101234,412,Thresh,200,UTILITY,False,2,9,10
NA1_5499525524,875,Sett,100,TOP,True,6,9,9
NA1_5499525524,35,Shaco,100,JUNGLE,True,14,3,16
NA1_5499525524,34,Anivia,100,MIDDLE,True,6,5,8
NA1_5499525524,804,Yunara,100,BOTTOM,True,11,5,15
NA1_5499525524,12,Alistar,100,UTILITY,True,3,7,21
NA1_5499525524,142,Zoe,200,TOP,False,8,9,5
NA1_5499525524,56,Nocturne,200,JUNGLE,False,4,9,8
NA1_5499525524,4,TwistedFate,200,MIDDLE,False,5,8,7
NA1_5499525524,22,Ashe,200,BOTTOM,False,10,9,10
NA1_5499525524,902,Milio,200,UTILITY,False,1,5,14
NA1_5488290737,82,Mordekaiser,100,TOP,True,12,3,5
NA1_5488290737,104,Graves,100,JUNGLE,True,13,6,10
NA1_5488290737,38,Kassadin,100,MIDDLE,True,9,6,8
NA1_5488290737,51,Caitlyn,100,BOTTOM,True,10,11,5
NA1_5488290737,25,Morgana,100,UTILITY,True,1,9,21
NA1_5488290737,110,Varus,200,TOP,False,6,10,5
NA1_5488290737,421,RekSai,200,JUNGLE,False,8,9,7
NA1_5488290737,517,Sylas,200,MIDDLE,False,7,9,9
NA1_5488290737,22,Ashe,200,BOTTOM,False,9,9,10
NA1_5488290737,89,Leona,200,UTILITY,False,5,8,19
NA1_5506703816,98,Shen,100,TOP,True,2,2,5
NA1_5506703816,56,Nocturne,100,JUNGLE,True,7,3,3
NA1_5506703816,777,Yone,100,MIDDLE,True,12,2,1
NA1_5506703816,202,Jhin,100,BOTTOM,True,4,1,4
NA1_5506703816,143,Zyra,100,UTILITY,True,3,2,7
NA1_5506703816,31,Chogath,200,TOP,False,3,5,1
NA1_5506703816,238,Zed,200,JUNGLE,False,0,5,0
NA1_5506703816,55,Katarina,200,MIDDLE,False,2,7,0
NA1_5506703816,81,Ezreal,200,BOTTOM,False,0,5,1
NA1_5506703816,53,Blitzcrank,200,UTILITY,False,4,6,2
NA1_5519360504,14,Sion,100,TOP,False,2,4,0
NA1_5519360504,59,JarvanIV,100,JUNGLE,False,4,8,4
NA1_5519360504,238,Zed,100,MIDDLE,False,1,4,1
NA1_5519360504,498,Xayah,100,BOTTOM,False,1,6,5
NA1_5519360504,800,Mel,100,UTILITY,False,6,7,3
NA1_5519360504,266,Aatrox,200,TOP,True,4,2,1
NA1_5519360504,56,Nocturne,200,JUNGLE,True,12,1,7
NA1_5519360504,126,Jayce,200,MIDDLE,True,7,2,2
NA1_5519360504,63,Brand,200,BOTTOM,True,4,3,7
NA1_5519360504,115,Ziggs,200,UTILITY,True,2,6,11
NA1_5514433353,875,Sett,100,TOP,False,0,5,4
NA1_5514433353,35,Shaco,100,JUNGLE,False,3,5,1
NA1_5514433353,777,Yone,100,MIDDLE,False,2,10,2
NA1_5514433353,110,Varus,100,BOTTOM,False,3,9,5
NA1_5514433353,432,Bard,100,UTILITY,False,3,7,5
NA1_5514433353,34,Anivia,200,TOP,True,4,1,4
NA1_5514433353,14,Sion,200,JUNGLE,True,8,0,8
NA1_5514433353,103,Ahri,200,MIDDLE,True,14,1,2
NA1_5514433353,29,Twitch,200,BOTTOM,True,9,5,7
NA1_5514433353,201,Braum,200,UTILITY,True,1,4,18
NA1_5501014450,85,Kennen,100,TOP,False,7,7,5
NA1_5501014450,32,Amumu,100,JUNGLE,False,6,7,10
NA1_5501014450,518,Neeko,100,MIDDLE,False,10,5,7
NA1_5501014450,51,Caitlyn,100,BOTTOM,False,8,8,7
NA1_5501014450,201,Braum,100,UTILITY,False,2,6,12
NA1_5501014450,799,Ambessa,200,TOP,True,4,7,7
NA1_5501014450,141,Kayn,200,JUNGLE,True,6,6,14
NA1_5501014450,246,Qiyana,200,MIDDLE,True,10,9,5
NA1_5501014450,800,Mel,200,BOTTOM,True,11,6,7
NA1_5501014450,12,Alistar,200,UTILITY,True,2,6,16
NA1_5506337246,58,Renekton,100,TOP,False,6,5,2
NA1_5506337246,254,Vi,100,JUNGLE,False,3,6,6
NA1_5506337246,157,Yasuo,100,MIDDLE,False,5,12,0
NA1_5506337246,29,Twitch,100,BOTTOM,False,3,7,2
NA1_5506337246,518,Neeko,100,UTILITY,False,1,5,6
NA1_5506337246,266,Aatrox,200,TOP,True,4,7,4
NA1_5506337246,234,Viego,200,JUNGLE,True,12,2,6
NA1_5506337246,105,Fizz,200,MIDDLE,True,6,3,7
NA1_5506337246,800,Mel,200,BOTTOM,True,11,4,9
NA1_5506337246,43,Karma,200,UTILITY,True,2,2,20
NA1_5519420447,98,Shen,100,TOP,True,9,0,14
NA1_5519420447,121,Khazix,100,JUNGLE,True,6,7,7
NA1_5519420447,90,Malzahar,100,MIDDLE,True,4,6,11
NA1_5519420447,119,Draven,100,BOTTOM,True,18,4,13
NA1_5519420447,497,Rakan,100,UTILITY,True,2,8,25
NA1_5519420447,31,Chogath,200,TOP,False,0,6,2
NA1_5519420447,104,Graves,200,JUNGLE,False,8,6,9
NA1_5519420447,142,Zoe,200,MIDDLE,False,13,5,4
NA1_5519420447,157,Yasuo,200,BOTTOM,False,3,15,6
NA1_5519420447,267,Nami,200,UTILITY,False,1,7,20
NA1_5484920304,904,Zaahen,100,TOP,True,1,1,4
NA1_5484920304,950,Naafiri,100,JUNGLE,True,11,0,4
NA1_5484920304,142,Zoe,100,MIDDLE,True,5,2,1
NA1_5484920304,50,Swain,100,BOTTOM,True,5,3,7
NA1_5484920304,164,Camille,100,UTILITY,True,5,3,10
NA1_5484920304,126,Jayce,200,TOP,False,2,6,0
NA1_5484920304,121,Khazix,200,JUNGLE,False,1,10,2
NA1_5484920304,8,Vladimir,200,MIDDLE,False,2,1,1
NA1_5484920304,26,Zilean,200,BOTTOM,False,3,4,2
NA1_5484920304,267,Nami,200,UTILITY,False,0,6,6
NA1_5487804550,799,Ambessa,100,TOP,True,13,4,8
NA1_5487804550,59,JarvanIV,100,JUNGLE,True,10,8,21
NA1_5487804550,38,Kassadin,100,MIDDLE,True,11,7,5
NA1_5487804550,901,Smolder,100,BOTTOM,True,5,11,9
NA1_5487804550,412,Thresh,100,UTILITY,True,1,7,17
NA1_5487804550,875,Sett,200,TOP,False,4,10,3
NA1_5487804550,143,Zyra,200,JUNGLE,False,8,9,9
NA1_5487804550,157,Yasuo,200,MIDDLE,False,11,5,3
NA1_5487804550,51,Caitlyn,200,BOTTOM,False,6,8,9
NA1_5487804550,432,Bard,200,UTILITY,False,7,8,20
NA1_5492661623,14,Sion,100,TOP,True,9,4,7
NA1_5492661623,20,Nunu,100,JUNGLE,True,4,2,14
NA1_5492661623,238,Zed,100,MIDDLE,True,8,5,0
NA1_5492661623,136,AurelionSol,100,BOTTOM,True,11,3,6
NA1_5492661623,26,Zilean,100,UTILITY,True,1,7,14
NA1_5492661623,13,Ryze,200,TOP,False,4,10,4
NA1_5492661623,126,Jayce,200,JUNGLE,False,6,5,6
NA1_5492661623,91,Talon,200,MIDDLE,False,5,5,2
NA1_5492661623,235,Senna,200,BOTTOM,False,1,8,4
NA1_5492661623,12,Alistar,200,UTILITY,False,5,5,9
NA1_5485660853,126,Jayce,100,TOP,False,2,13,3
NA1_5485660853,35,Shaco,100,JUNGLE,False,2,8,6
NA1_5485660853,84,Akali,100,MIDDLE,False,2,9,1
NA1_5485660853,119,Draven,100,BOTTOM,False,10,6,3
NA1_5485660853,267,Nami,100,UTILITY,False,0,5,10
NA1_5485660853,799,Ambessa,200,TOP,True,15,4,9
NA1_5485660853,5,XinZhao,200,JUNGLE,True,5,4,12
NA1_5485660853,112,Viktor,200,MIDDLE,True,10,4,8
NA1_5485660853,800,Mel,200,BOTTOM,True,11,2,5
NA1_5485660853,40,Janna,200,UTILITY,True,0,2,19
NA1_5491922950,164,Camille,100,TOP,False,6,10,5
NA1_5491922950,517,Sylas,100,JUNGLE,False,6,10,9
NA1_5491922950,777,Yone,100,MIDDLE,False,8,8,7
NA1_5491922950,235,Senna,100,BOTTOM,False,2,8,18
NA1_5491922950,50,Swain,100,UTILITY,False,6,12,10
NA1_5491922950,74,Heimerdinger,200,TOP,True,16,6,6
NA1_5491922950,20,Nunu,200,JUNGLE,True,9,2,17
NA1_5491922950,238,Zed,200,MIDDLE,True,7,9,9
NA1_5491922950,157,Yasuo,200,BOTTOM,True,14,6,11
NA1_5491922950,497,Rakan,200,UTILITY,True,2,5,24
NA1_5493591168,6,Urgot,100,TOP,False,12,4,5
NA1_5493591168,24,Jax,100,JUNGLE,False,8,6,8
NA1_5493591168,38,Kassadin,100,MIDDLE,False,4,9,7
NA1_5493591168,901,Smolder,100,BOTTOM,False,4,6,5
NA1_5493591168,12,Alistar,100,UTILITY,False,2,9,12
NA1_5493591168,58,Renekton,200,TOP,True,2,10,11
NA1_5493591168,121,Khazix,200,JUNGLE,True,8,4,9
NA1_5493591168,10,Kayle,200,MIDDLE,True,17,4,4
NA1_5493591168,119,Draven,200,BOTTOM,True,5,5,6
NA1_5493591168,147,Seraphine,200,UTILITY,True,1,7,17
NA1_5489774351,122,Darius,100,TOP,True,9,7,12
NA1_5489774351,19,Warwick,100,JUNGLE,True,20,4,12
NA1_5489774351,61,Orianna,100,MIDDLE,True,5,5,15
NA1_5489774351,22,Ashe,100,BOTTOM,True,8,10,19
NA1_5489774351,201,Braum,100,UTILITY,True,3,4,28
NA1_5489774351,875,Sett,200,TOP,False,5,12,6
NA1_5489774351,234,Viego,200,JUNGLE,False,13,7,5
NA1_5489774351,103,Ahri,200,MIDDLE,False,4,7,8
NA1_5489774351,523,Aphelios,200,BOTTOM,False,5,8,9
NA1_5489774351,40,Janna,200,UTILITY,False,3,11,16
NA1_5488014133,75,Nasus,100,TOP,True,4,6,10
NA1_5488014133,427,Ivern,100,JUNGLE,True,8,0,20
NA1_5488014133,238,Zed,100,MIDDLE,True,17,4,3
NA1_5488014133,221,Zeri,100,BOTTOM,True,12,9,11
NA1_5488014133,63,Brand,100,UTILITY,True,4,5,23
NA1_5488014133,799,Ambessa,200,TOP,False,7,10,5
NA1_5488014133,76,Nidalee,200,JUNGLE,False,5,4,7
NA1_5488014133,91,Talon,200,MIDDLE,False,7,11,6
NA1_5488014133,222,Jinx,200,BOTTOM,False,5,6,6
NA1_5488014133,412,Thresh,200,UTILITY,False,0,15,6
NA1_5500155380,79,Gragas,100,TOP,True,9,7,10
NA1_5500155380,517,Sylas,100,JUNGLE,True,9,7,16
NA1_5500155380,238,Zed,100,MIDDLE,True,14,7,10
NA1_5500155380,901,Smolder,100,BOTTOM,True,10,8,8
NA1_5500155380,432,Bard,100,UTILITY,True,2,10,17
NA1_5500155380,126,Jayce,200,TOP,False,6,10,10
NA1_5500155380,81,Ezreal,200,JUNGLE,False,22,9,8
NA1_5500155380,8,Vladimir,200,MIDDLE,False,5,8,8
NA1_5500155380,147,Seraphine,200,BOTTOM,False,6,8,23
NA1_5500155380,111,Nautilus,200,UTILITY,False,0,9,25
NA1_5496828375,14,Sion,100,TOP,True,3,6,21
NA1_5496828375,68,Rumble,100,JUNGLE,True,14,7,18
NA1_5496828375,103,Ahri,100,MIDDLE,True,11,9,17
NA1_5496828375,29,Twitch,100,BOTTOM,True,22,11,9
NA1_5496828375,12,Alistar,100,UTILITY,True,1,7,36
NA1_5496828375,23,Tryndamere,200,TOP,False,5,9,9
NA1_5496828375,64,LeeSin,200,JUNGLE,False,7,8,12
NA1_5496828375,517,Sylas,200,MIDDLE,False,20,7,5
NA1_5496828375,119,Draven,200,BOTTOM,False,6,15,7
NA1_5496828375,412,Thresh,200,UTILITY,False,2,12,13
NA1_5470339860,17,Teemo,100,TOP,True,7,7,4
NA1_5470339860,36,DrMundo,100,JUNGLE,True,9,4,7
NA1_5470339860,39,Irelia,100,MIDDLE,True,11,7,5
NA1_5470339860,901,Smolder,100,BOTTOM,True,6,6,7
NA1_5470339860,432,Bard,100,UTILITY,True,1,5,10
NA1_5470339860,92,Riven,200,TOP,False,7,6,1
NA1_5470339860,141,Kayn,200,JUNGLE,False,8,6,9
NA1_5470339860,42,Corki,200,MIDDLE,False,8,10,7
NA1_5470339860,910,Hwei,200,BOTTOM,False,3,7,15
NA1_5470339860,143,Zyra,200,UTILITY,False,3,5,14
NA1_5487085285,897,KSante,100,TOP,True,11,8,19
NA1_5487085285,35,Shaco,100,JUNGLE,True,16,9,21
NA1_5487085285,157,Yasuo,100,MIDDLE,True,9,16,11
NA1_5487085285,804,Yunara,100,BOTTOM,True,13,12,15
NA1_5487085285,555,Pyke,100,UTILITY,True,8,21,15
NA1_5487085285,68,Rumble,200,TOP,False,8,10,11
NA1_5487085285,91,Talon,200,JUNGLE,False,17,12,8
NA1_5487085285,84,Akali,200,MIDDLE,False,15,8,5
NA1_5487085285,145,Kaisa,200,BOTTOM,False,22,12,9
NA1_5487085285,89,Leona,200,UTILITY,False,4,15,26
NA1_5511179712,19,Warwick,100,TOP,False,15,12,2
NA1_5511179712,9,FiddleSticks,100,JUNGLE,False,12,7,13
NA1_5511179712,55,Katarina,100,MIDDLE,False,3,9,8
NA1_5511179712,222,Jinx,100,BOTTOM,False,11,9,13
NA1_5511179712,78,Poppy,100,UTILITY,False,3,10,14
NA1_5511179712,420,Illaoi,200,TOP,True,8,9,5
NA1_5511179712,799,Ambessa,200,JUNGLE,True,6,10,14
NA1_5511179712,112,Viktor,200,MIDDLE,True,13,4,8
NA1_5511179712,51,Caitlyn,200,BOTTOM,True,20,10,8
NA1_5511179712,888,Renata,200,UTILITY,True,0,11,28
NA1_5495175494,897,KSante,100,TOP,False,1,4,0
NA1_5495175494,234,Viego,100,JUNGLE,False,0,5,1
NA1_5495175494,517,Sylas,100,MIDDLE,False,2,7,0
NA1_5495175494,222,Jinx,100,BOTTOM,False,1,4,1
NA1_5495175494,412,Thresh,100,UTILITY,False,0,1,2
NA1_5495175494,799,Ambessa,200,TOP,True,5,0,4
NA1_5495175494,77,Udyr,200,JUNGLE,True,1,1,5
NA1_5495175494,246,Qiyana,200,MIDDLE,True,10,1,1
NA1_5495175494,523,Aphelios,200,BOTTOM,True,4,0,4
NA1_5495175494,44,Taric,200,UTILITY,True,1,2,7
NA1_5497023305,164,Camille,100,TOP,True,17,6,4
NA1_5497023305,102,Shyvana,100,JUNGLE,True,2,6,12
NA1_5497023305,55,Katarina,100,MIDDLE,True,4,9,8
NA1_5497023305,222,Jinx,100,BOTTOM,True,4,6,13
NA1_5497023305,48,Trundle,100,UTILITY,True,5,10,13
NA1_5497023305,2,Olaf,200,TOP,False,8,10,2
NA1_5497023305,233,Briar,200,JUNGLE,False,6,4,13
NA1_5497023305,69,Cassiopeia,200,MIDDLE,False,14,4,5
NA1_5497023305,119,Draven,200,BOTTOM,False,7,8,10
NA1_5497023305,111,Nautilus,200,UTILITY,False,2,8,16
NA1_5502484208,36,DrMundo,100,TOP,True,7,5,10
NA1_5502484208,143,Zyra,100,JUNGLE,True,9,6,11
NA1_5502484208,238,Zed,100,MIDDLE,True,10,6,8
NA1_5502484208,51,Caitlyn,100,BOTTOM,True,12,5,8
NA1_5502484208,25,Morgana,100,UTILITY,True,3,12,18
NA1_5502484208,114,Fiora,200,TOP,False,2,10,4
NA1_5502484208,75,Nasus,200,JUNGLE,False,15,6,5
NA1_5502484208,127,Lissandra,200,MIDDLE,False,7,11,8
NA1_5502484208,161,Velkoz,200,BOTTOM,False,9,6,7
NA1_5502484208,412,Thresh,200,UTILITY,False,1,8,18
NA1_5512348129,92,Riven,100,TOP,True,8,6,7
NA1_5512348129,64,LeeSin,100,JUNGLE,True,7,8,11
NA1_5512348129,34,Anivia,100,MIDDLE,True,5,3,9
NA1_5512348129,222,Jinx,100,BOTTOM,True,26,7,12
NA1_5512348129,25,Morgana,100,UTILITY,True,2,7,27
NA1_5512348129,516,Ornn,200,TOP,False,3,7,6
NA1_5512348129,20,Nunu,200,JUNGLE,False,5,13,12
NA1_5512348129,13,Ryze,200,MIDDLE,False,8,7,9
NA1_5512348129,498,Xayah,200,BOTTOM,False,12,9,10
NA1_5512348129,111,Nautilus,200,UTILITY,False,3,12,15
NA1_5510248333,897,KSante,100,TOP,True,4,7,13
NA1_5510248333,104,Graves,100,JUNGLE,True,19,5,8
NA1_5510248333,61,Orianna,100,MIDDLE,True,5,6,13
NA1_5510248333,119,Draven,100,BOTTOM,True,12,9,10
NA1_5510248333,50,Swain,100,UTILITY,True,7,4,18
NA1_5510248333,266,Aatrox,200,TOP,False,6,8,4
NA1_5510248333,11,MasterYi,200,JUNGLE,False,11,9,6
NA1_5510248333,134,Syndra,200,MIDDLE,False,5,6,5
NA1_5510248333,42,Corki,200,BOTTOM,False,3,12,7
NA1_5510248333,78,Poppy,200,UTILITY,False,6,12,10
NA1_5499281570,516,Ornn,100,TOP,True,5,7,13
NA1_5499281570,11,MasterYi,100,JUNGLE,True,13,8,6
NA1_5499281570,1,Annie,100,MIDDLE,True,8,8,9
NA1_5499281570,202,Jhin,100,BOTTOM,True,7,4,9
NA1_5499281570,432,Bard,100,UTILITY,True,2,5,20
NA1_5499281570,114,Fiora,200,TOP,False,8,9,2
NA1_5499281570,904,Zaahen,200,JUNGLE,False,8,8,10
NA1_5499281570,161,Velkoz,200,MIDDLE,False,12,3,10
NA1_5499281570,222,Jinx,200,BOTTOM,False,2,7,11
NA1_5499281570,412,Thresh,200,UTILITY,False,2,8,17
NA1_5509110471,58,Renekton,100,TOP,False,3,9,1
NA1_5509110471,799,Ambessa,100,JUNGLE,False,6,8,1
NA1_5509110471,103,Ahri,100,MIDDLE,False,2,3,1
NA1_5509110471,51,Caitlyn,100,BOTTOM,False,0,9,2
NA1_5509110471,98,Shen,100,UTILITY,False,1,9,7
NA1_5509110471,23,Tryndamere,200,TOP,True,11,4,6
NA1_5509110471,77,Udyr,200,JUNGLE,True,11,1,14
NA1_5509110471,161,Velkoz,200,MIDDLE,True,5,3,6
NA1_5509110471,157,Yasuo,200,BOTTOM,True,8,3,11
NA1_5509110471,43,Karma,200,UTILITY,True,3,1,23
NA1_5507782614,26,Zilean,100,TOP,True,2,0,2
NA1_5507782614,887,Gwen,100,JUNGLE,True,7,1,4
NA1_5507782614,777,Yone,100,MIDDLE,True,6,2,3
NA1_5507782614,119,Draven,100,BOTTOM,True,10,2,6
NA1_5507782614,555,Pyke,100,UTILITY,True,4,3,12
NA1_5507782614,80,Pantheon,200,TOP,False,1,2,0
NA1_5507782614,234,Viego,200,JUNGLE,False,1,8,0
NA1_5507782614,134,Syndra,200,MIDDLE,False,2,5,1
NA1_5507782614,29,Twitch,200,BOTTOM,False,4,7,1
NA1_5507782614,37,Sona,200,UTILITY,False,0,7,3
NA1_5485575108,266,Aatrox,100,TOP,False,2,8,3
NA1_5485575108,104,Graves,100,JUNGLE,False,5,10,2
NA1_5485575108,887,Gwen,100,MIDDLE,False,3,7,1
NA1_5485575108,15,Sivir,100,BOTTOM,False,3,3,5
NA1_5485575108,117,Lulu,100,UTILITY,False,0,2,8
NA1_5485575108,126,Jayce,200,TOP,True,10,5,8
NA1_5485575108,799,Ambessa,200,JUNGLE,True,4,2,10
NA1_5485575108,238,Zed,200,MIDDLE,True,12,1,9
NA1_5485575108,134,Syndra,200,BOTTOM,True,4,3,7
NA1_5485575108,497,Rakan,200,UTILITY,True,0,2,15
NA1_5488677582,27,Singed,100,TOP,True,4,5,14
NA1_5488677582,62,MonkeyKing,100,JUNGLE,True,13,3,17
NA1_5488677582,38,Kassadin,100,MIDDLE,True,13,3,9
NA1_5488677582,110,Varus,100,BOTTOM,True,2,11,11
NA1_5488677582,26,Zilean,100,UTILITY,True,3,7,24
NA1_5488677582,58,Renekton,200,TOP,False,4,7,7
NA1_5488677582,120,Hecarim,200,JUNGLE,False,7,7,4
NA1_5488677582,54,Malphite,200,MIDDLE,False,7,5,7
NA1_5488677582,81,Ezreal,200,BOTTOM,False,9,8,5
NA1_5488677582,235,Senna,200,UTILITY,False,2,8,15
NA1_5470319584,897,KSante,100,TOP,True,4,2,2
NA1_5470319584,24,Jax,100,JUNGLE,True,3,0,6
NA1_5470319584,55,Katarina,100,MIDDLE,True,5,3,1
NA1_5470319584,42,Corki,100,BOTTOM,True,7,1,5
NA1_5470319584,89,Leona,100,UTILITY,True,2,2,6
NA1_5470319584,86,Garen,200,TOP,False,2,5,0
NA1_5470319584,234,Viego,200,JUNGLE,False,2,5,2
NA1_5470319584,80,Pantheon,200,MIDDLE,False,2,1,0
NA1_5470319584,69,Cassiopeia,200,BOTTOM,False,0,6,2
NA1_5470319584,235,Senna,200,UTILITY,False,2,4,1
NA1_5489279123,39,Irelia,100,TOP,False,5,8,1
NA1_5489279123,246,Qiyana,100,JUNGLE,False,6,6,9
NA1_5489279123,45,Veigar,100,MIDDLE,False,8,6,3
NA1_5489279123,22,Ashe,100,BOTTOM,False,4,8,11
NA1_5489279123,526,Rell,100,UTILITY,False,3,7,13
NA1_5489279123,114,Fiora,200,TOP,True,8,5,4
NA1_5489279123,104,Graves,200,JUNGLE,True,7,5,9
NA1_5489279123,7,Leblanc,200,MIDDLE,True,9,4,7
NA1_5489279123,63,Brand,200,BOTTOM,True,6,8,10
NA1_5489279123,43,Karma,200,UTILITY,True,5,4,11
NA1_5502512289,897,KSante,100,TOP,False,0,6,2
NA1_5502512289,234,Viego,100,JUNGLE,False,8,6,5
NA1_5502512289,800,Mel,100,MIDDLE,False,1,9,6
NA1_5502512289,51,Caitlyn,100,BOTTOM,False,8,4,2
NA1_5502512289,25,Morgana,100,UTILITY,False,2,4,6
NA1_5502512289,67,Vayne,200,TOP,True,4,2,2
NA1_5502512289,20,Nunu,200,JUNGLE,True,3,4,17
NA1_5502512289,238,Zed,200,MIDDLE,True,16,3,4
NA1_5502512289,110,Varus,200,BOTTOM,True,6,5,4
NA1_5502512289,267,Nami,200,UTILITY,True,0,5,13
NA1_5502995277,67,Vayne,100,TOP,True,14,2,0
NA1_5502995277,121,Khazix,100,JUNGLE,True,2,3,7
NA1_5502995277,134,Syndra,100,MIDDLE,True,10,2,1
NA1_5502995277,110,Varus,100,BOTTOM,True,6,2,7
NA1_5502995277,523,Aphelios,100,UTILITY,True,1,1,7
NA1_5502995277,897,KSante,200,TOP,False,0,13,1
NA1_5502995277,35,Shaco,200,JUNGLE,False,8,4,0
NA1_5502995277,112,Viktor,200,MIDDLE,False,1,5,4
NA1_5502995277,99,Lux,200,BOTTOM,False,1,6,5
NA1_5502995277,37,Sona,200,UTILITY,False,0,5,7
NA1_5517152518,266,Aatrox,100,TOP,False,2,7,5
NA1_5517152518,91,Talon,100,JUNGLE,False,4,9,8
NA1_5517152518,99,Lux,100,MIDDLE,False,3,8,3
NA1_5517152518,221,Zeri,100,BOTTOM,False,7,6,3
NA1_5517152518,25,Morgana,100,UTILITY,False,2,10,11
NA1_5517152518,92,Riven,200,TOP,True,6,3,6
NA1_5517152518,234,Viego,200,JUNGLE,True,4,5,9
NA1_5517152518,127,Lissandra,200,MIDDLE,True,12,2,8
NA1_5517152518,202,Jhin,200,BOTTOM,True,16,4,10
NA1_5517152518,111,Nautilus,200,UTILITY,True,2,4,20
NA1_5486538379,86,Garen,100,TOP,True,7,5,9
NA1_5486538379,62,MonkeyKing,100,JUNGLE,True,11,0,11
NA1_5486538379,38,Kassadin,100,MIDDLE,True,11,4,8
NA1_5486538379,147,Seraphine,100,BOTTOM,True,7,3,23
NA1_5486538379,235,Senna,100,UTILITY,True,0,5,29
NA1_5486538379,82,Mordekaiser,200,TOP,False,4,7,4
NA1_5486538379,427,Ivern,200,JUNGLE,False,1,5,9
NA1_5486538379,18,Tristana,200,MIDDLE,False,4,4,3
NA1_5486538379,63,Brand,200,BOTTOM,False,4,10,4
NA1_5486538379,555,Pyke,200,UTILITY,False,4,10,3
NA1_5473686281,68,Rumble,100,TOP,True,14,3,10
NA1_5473686281,91,Talon,100,JUNGLE,True,12,10,12
NA1_5473686281,163,Taliyah,100,MIDDLE,True,9,9,10
NA1_5473686281,804,Yunara,100,BOTTOM,True,8,9,20
NA1_5473686281,40,Janna,100,UTILITY,True,0,1,35
NA1_5473686281,799,Ambessa,200,TOP,False,3,5,5
NA1_5473686281,154,Zac,200,JUNGLE,False,6,9,8
NA1_5473686281,127,Lissandra,200,MIDDLE,False,6,9,12
NA1_5473686281,96,KogMaw,200,BOTTOM,False,12,13,5
NA1_5473686281,235,Senna,200,UTILITY,False,5,7,15
NA1_5506238074,86,Garen,100,TOP,False,7,9,1
NA1_5506238074,59,JarvanIV,100,JUNGLE,False,5,11,10
NA1_5506238074,875,Sett,100,MIDDLE,False,6,12,1
NA1_5506238074,115,Ziggs,100,BOTTOM,False,5,11,6
NA1_5506238074,43,Karma,100,UTILITY,False,5,7,8
NA1_5506238074,13,Ryze,200,TOP,True,4,8,10
NA1_5506238074,35,Shaco,200,JUNGLE,True,26,3,13
NA1_5506238074,103,Ahri,200,MIDDLE,True,11,4,13
NA1_5506238074,800,Mel,200,BOTTOM,True,7,8,11
NA1_5506238074,350,Yuumi,200,UTILITY,True,1,6,26
NA1_5504745677,904,Zaahen,100,TOP,True,9,0,10
NA1_5504745677,5,XinZhao,100,JUNGLE,True,3,2,10
NA1_5504745677,800,Mel,100,MIDDLE,True,14,3,12
NA1_5504745677,145,Kaisa,100,BOTTOM,True,10,4,13
NA1_5504745677,111,Nautilus,100,UTILITY,True,2,5,16
NA1_5504745677,164,Camille,200,TOP,False,2,8,2
NA1_5504745677,121,Khazix,200,JUNGLE,False,3,4,2
NA1_5504745677,142,Zoe,200,MIDDLE,False,3,9,2
NA1_5504745677,81,Ezreal,200,BOTTOM,False,5,6,4
NA1_5504745677,44,Taric,200,UTILITY,False,1,11,11
NA1_5498455354,157,Yasuo,100,TOP,False,1,5,2
NA1_5498455354,950,Naafiri,100,JUNGLE,False,2,5,4
NA1_5498455354,61,Orianna,100,MIDDLE,False,1,3,4
NA1_5498455354,39,Irelia,100,BOTTOM,False,6,7,1
NA1_5498455354,267,Nami,100,UTILITY,False,1,5,9
NA1_5498455354,54,Malphite,200,TOP,True,3,1,4
NA1_5498455354,75,Nasus,200,JUNGLE,True,3,2,5
NA1_5498455354,136,AurelionSol,200,MIDDLE,True,3,1,4
NA1_5498455354,360,Samira,200,BOTTOM,True,15,4,1
NA1_5498455354,111,Nautilus,200,UTILITY,True,1,3,14
NA1_5506412181,67,Vayne,100,TOP,False,5,12,7
NA1_5506412181,56,Nocturne,100,JUNGLE,False,8,7,10
NA1_5506412181,112,Viktor,100,MIDDLE,False,10,14,1
NA1_5506412181,15,Sivir,100,BOTTOM,False,5,5,11
NA1_5506412181,902,Milio,100,UTILITY,False,2,4,14
NA1_5506412181,127,Lissandra,200,TOP,True,11,4,8
NA1_5506412181,91,Talon,200,JUNGLE,True,13,3,9
NA1_5506412181,39,Irelia,200,MIDDLE,True,8,10,8
NA1_5506412181,30,Karthus,200,BOTTOM,True,8,8,6
NA1_5506412181,497,Rakan,200,UTILITY,True,2,5,19
NA1_5498284679,58,Renekton,100,TOP,False,4,9,1
NA1_5498284679,36,DrMundo,100,JUNGLE,False,1,7,7
NA1_5498284679,50,Swain,100,MIDDLE,False,6,5,3
NA1_5498284679,804,Yunara,100,BOTTOM,False,2,8,2
NA1_5498284679,117,Lulu,100,UTILITY,False,0,9,5
NA1_5498284679,777,Yone,200,TOP,True,5,3,9
NA1_5498284679,28,Evelynn,200,JUNGLE,True,9,3,5
NA1_5498284679,245,Ekko,200,MIDDLE,True,14,3,6
NA1_5498284679,81,Ezreal,200,BOTTOM,True,9,3,12
NA1_5498284679,9,FiddleSticks,200,UTILITY,True,1,1,20
NA1_5504051338,133,Quinn,100,TOP,True,19,7,6
NA1_5504051338,104,Graves,100,JUNGLE,True,7,5,3
NA1_5504051338,61,Orianna,100,MIDDLE,True,7,7,13
NA1_5504051338,81,Ezreal,100,BOTTOM,True,3,4,10
NA1_5504051338,43,Karma,100,UTILITY,True,1,5,21
NA1_5504051338,164,Camille,200,TOP,False,8,8,2
NA1_5504051338,63,Brand,200,JUNGLE,False,4,5,7
NA1_5504051338,893,Aurora,200,MIDDLE,False,6,10,6
NA1_5504051338,804,Yunara,200,BOTTOM,False,5,8,5
NA1_5504051338,432,Bard,200,UTILITY,False,5,6,14
NA1_5483689827,799,Ambessa,100,TOP,False,6,6,5
NA1_5483689827,876,Lillia,100,JUNGLE,False,3,8,3
NA1_5483689827,112,Viktor,100,MIDDLE,False,6,10,6
NA1_5483689827,147,Seraphine,100,BOTTOM,False,5,5,8
NA1_5483689827,432,Bard,100,UTILITY,False,0,12,14
NA1_5483689827,23,Tryndamere,200,TOP,True,15,6,8
NA1_5483689827,59,JarvanIV,200,JUNGLE,True,8,3,16
NA1_5483689827,517,Sylas,200,MIDDLE,True,5,6,12
NA1_5483689827,804,Yunara,200,BOTTOM,True,9,4,6
NA1_5483689827,117,Lulu,200,UTILITY,True,3,1,23
NA1_5482309770,17,Teemo,100,TOP,False,2,8,8
NA1_5482309770,234,Viego,100,JUNGLE,False,16,8,6
NA1_5482309770,246,Qiyana,100,MIDDLE,False,2,7,8
NA1_5482309770,222,Jinx,100,BOTTOM,False,3,8,9
NA1_5482309770,53,Blitzcrank,100,UTILITY,False,2,12,16
NA1_5482309770,6,Urgot,200,TOP,True,11,7,8
NA1_5482309770,141,Kayn,200,JUNGLE,True,20,4,15
NA1_5482309770,897,KSante,200,MIDDLE,True,3,6,15
NA1_5482309770,147,Seraphine,200,BOTTOM,True,8,6,19
NA1_5482309770,350,Yuumi,200,UTILITY,True,1,3,33
NA1_5495461238,36,DrMundo,100,TOP,True,4,8,8
NA1_5495461238,5,XinZhao,100,JUNGLE,True,8,7,15
NA1_5495461238,50,Swain,100,MIDDLE,True,10,2,14
NA1_5495461238,804,Yunara,100,BOTTOM,True,21,4,10
NA1_5495461238,902,Milio,100,UTILITY,True,0,3,37
NA1_5495461238,266,Aatrox,200,TOP,False,7,7,5
NA1_5495461238,904,Zaahen,200,JUNGLE,False,2,11,5
NA1_5495461238,163,Taliyah,200,MIDDLE,False,4,7,9
NA1_5495461238,42,Corki,200,BOTTOM,False,9,9,4
NA1_5495461238,223,TahmKench,200,UTILITY,False,0,9,4
NA1_5487952366,875,Sett,100,TOP,False,2,14,2
NA1_5487952366,59,JarvanIV,100,JUNGLE,False,3,8,4
NA1_5487952366,38,Kassadin,100,MIDDLE,False,5,5,0
NA1_5487952366,22,Ashe,100,BOTTOM,False,2,8,4
NA1_5487952366,161,Velkoz,100,UTILITY,False,5,9,5
NA1_5487952366,164,Camille,200,TOP,True,11,3,6
NA1_5487952366,238,Zed,200,JUNGLE,True,10,2,8
NA1_5487952366,134,Syndra,200,MIDDLE,True,3,5,7
NA1_5487952366,202,Jhin,200,BOTTOM,True,13,2,11
NA1_5487952366,143,Zyra,200,UTILITY,True,7,5,19
NA1_5480385503,777,Yone,100,TOP,True,4,2,0
NA1_5480385503,59,JarvanIV,100,JUNGLE,True,13,1,1
NA1_5480385503,4,TwistedFate,100,MIDDLE,True,0,1,6
NA1_5480385503,67,Vayne,100,BOTTOM,True,1,3,3
NA1_5480385503,111,Nautilus,100,UTILITY,True,1,2,6
NA1_5480385503,164,Camille,200,TOP,False,2,3,0
NA1_5480385503,121,Khazix,200,JUNGLE,False,4,4,2
NA1_5480385503,163,Taliyah,200,MIDDLE,False,0,4,3
NA1_5480385503,81,Ezreal,200,BOTTOM,False,3,4,2
NA1_5480385503,37,Sona,200,UTILITY,False,0,4,3
NA1_5517030413,266,Aatrox,100,TOP,True,6,4,18
NA1_5517030413,113,Sejuani,100,JUNGLE,True,5,3,20
NA1_5517030413,777,Yone,100,MIDDLE,True,5,7,11
NA1_5517030413,800,Mel,100,BOTTOM,True,20,7,7
NA1_5517030413,432,Bard,100,UTILITY,True,7,7,24
NA1_5517030413,69,Cassiopeia,200,TOP,False,6,10,4
NA1_5517030413,421,RekSai,200,JUNGLE,False,7,9,13
NA1_5517030413,14,Sion,200,MIDDLE,False,4,4,9
NA1_5517030413,145,Kaisa,200,BOTTOM,False,6,11,10
NA1_5517030413,117,Lulu,200,UTILITY,False,5,9,14
NA1_5483335398,799,Ambessa,100,TOP,False,11,4,7
NA1_5483335398,203,Kindred,100,JUNGLE,False,10,10,12
NA1_5483335398,157,Yasuo,100,MIDDLE,False,8,10,7
NA1_5483335398,147,Seraphine,100,BOTTOM,False,4,11,15
NA1_5483335398,16,Soraka,100,UTILITY,False,0,8,19
NA1_5483335398,27,Singed,200,TOP,True,1,12,7
NA1_5483335398,28,Evelynn,200,JUNGLE,True,8,8,17
NA1_5483335398,55,Katarina,200,MIDDLE,True,16,7,14
NA1_5483335398,67,Vayne,200,BOTTOM,True,12,5,8
NA1_5483335398,518,Neeko,200,UTILITY,True,6,5,20
NA1_5489212719,98,Shen,100,TOP,False,5,8,7
NA1_5489212719,20,Nunu,100,JUNGLE,False,6,13,8
NA1_5489212719,58,Renekton,100,MIDDLE,False,3,12,2
NA1_5489212719,202,Jhin,100,BOTTOM,False,6,7,10
NA1_5489212719,101,Xerath,100,UTILITY,False,10,8,9
NA1_5489212719,86,Garen,200,TOP,True,4,8,7
NA1_5489212719,517,Sylas,200,JUNGLE,True,8,8,16
NA1_5489212719,55,Katarina,200,MIDDLE,True,21,3,5
NA1_5489212719,21,MissFortune,200,BOTTOM,True,12,9,11
NA1_5489212719,111,Nautilus,200,UTILITY,True,3,3,15
NA1_5486284992,777,Yone,100,TOP,False,9,9,7
NA1_5486284992,59,JarvanIV,100,JUNGLE,False,11,10,11
NA1_5486284992,238,Zed,100,MIDDLE,False,4,5,11
NA1_5486284992,110,Varus,100,BOTTOM,False,10,10,8
NA1_5486284992,223,TahmKench,100,UTILITY,False,2,5,19
NA1_5486284992,126,Jayce,200,TOP,True,9,11,3
NA1_5486284992,517,Sylas,200,JUNGLE,True,11,5,7
NA1_5486284992,64,LeeSin,200,MIDDLE,True,6,7,14
NA1_5486284992,29,Twitch,200,BOTTOM,True,12,7,12
NA1_5486284992,117,Lulu,200,UTILITY,True,1,6,20
NA1_5507961451,122,Darius,100,TOP,True,7,5,3
NA1_5507961451,104,Graves,100,JUNGLE,True,11,3,8
NA1_5507961451,901,Smolder,100,MIDDLE,True,6,4,6
NA1_5507961451,81,Ezreal,100,BOTTOM,True,4,5,5
NA1_5507961451,161,Velkoz,100,UTILITY,True,6,7,16
NA1_5507961451,68,Rumble,200,TOP,False,8,5,3
NA1_5507961451,421,RekSai,200,JUNGLE,False,7,6,7
NA1_5507961451,90,Malzahar,200,MIDDLE,False,3,8,0
NA1_5507961451,523,Aphelios,200,BOTTOM,False,2,8,4
NA1_5507961451,412,Thresh,200,UTILITY,False,3,7,7
NA1_5503370377,164,Camille,100,TOP,False,19,14,7
NA1_5503370377,254,Vi,100,JUNGLE,False,6,13,12
NA1_5503370377,3,Galio,100,MIDDLE,False,3,6,18
NA1_5503370377,235,Senna,100,BOTTOM,False,9,12,19
NA1_5503370377,60,Elise,100,UTILITY,False,6,12,11
NA1_5503370377,105,Fizz,200,TOP,True,14,9,13
NA1_5503370377,245,Ekko,200,JUNGLE,True,20,7,19
NA1_5503370377,901,Smolder,200,MIDDLE,True,10,8,12
NA1_5503370377,145,Kaisa,200,BOTTOM,True,13,11,16
NA1_5503370377,53,Blitzcrank,200,UTILITY,True,0,8,31
NA1_5498519941,13,Ryze,100,TOP,False,5,8,14
NA1_5498519941,76,Nidalee,100,JUNGLE,False,9,7,9
NA1_5498519941,86,Garen,100,MIDDLE,False,9,6,6
NA1_5498519941,145,Kaisa,100,BOTTOM,False,5,6,11
NA1_5498519941,201,Braum,100,UTILITY,False,2,9,17
NA1_5498519941,126,Jayce,200,TOP,True,11,5,17
NA1_5498519941,421,RekSai,200,JUNGLE,True,9,5,18
NA1_5498519941,268,Azir,200,MIDDLE,True,3,8,12
NA1_5498519941,42,Corki,200,BOTTOM,True,12,5,13
NA1_5498519941,12,Alistar,200,UTILITY,True,1,7,23
NA1_5504841820,777,Yone,100,TOP,False,0,5,0
NA1_5504841820,5,XinZhao,100,JUNGLE,False,3,6,0
NA1_5504841820,84,Akali,100,MIDDLE,False,0,2,2
NA1_5504841820,34,Anivia,100,BOTTOM,False,0,4,1
NA1_5504841820,43,Karma,100,UTILITY,False,0,1,1
NA1_5504841820,24,Jax,200,TOP,True,4,0,3
NA1_5504841820,154,Zac,200,JUNGLE,True,6,0,4
NA1_5504841820,112,Viktor,200,MIDDLE,True,4,2,3
NA1_5504841820,235,Senna,200,BOTTOM,True,3,0,2
NA1_5504841820,267,Nami,200,UTILITY,True,1,1,4
NA1_5492937933,126,Jayce,100,TOP,False,4,11,6
NA1_5492937933,234,Viego,100,JUNGLE,False,13,3,7
NA1_5492937933,8,Vladimir,100,MIDDLE,False,7,8,1
NA1_5492937933,222,Jinx,100,BOTTOM,False,2,6,13
NA1_5492937933,412,Thresh,100,UTILITY,False,2,9,14
NA1_5492937933,13,Ryze,200,TOP,True,9,8,6
NA1_5492937933,54,Malphite,200,JUNGLE,True,6,5,14
NA1_5492937933,166,Akshan,200,MIDDLE,True,4,4,9
NA1_5492937933,21,MissFortune,200,BOTTOM,True,18,6,3
NA1_5492937933,235,Senna,200,UTILITY,True,0,6,20
NA1_5486383231,142,Zoe,100,TOP,True,6,2,9
NA1_5486383231,28,Evelynn,100,JUNGLE,True,9,3,14
NA1_5486383231,777,Yone,100,MIDDLE,True,8,9,10
NA1_5486383231,81,Ezreal,100,BOTTOM,True,17,5,3
NA1_5486383231,432,Bard,100,UTILITY,True,0,5,15
NA1_5486383231,84,Akali,200,TOP,False,7,9,1
NA1_5486383231,887,Gwen,200,JUNGLE,False,6,5,9
NA1_5486383231,157,Yasuo,200,MIDDLE,False,4,12,5
NA1_5486383231,161,Velkoz,200,BOTTOM,False,7,9,3
NA1_5486383231,26,Zilean,200,UTILITY,False,0,5,15
NA1_5499489838,897,KSante,100,TOP,False,5,5,6
NA1_5499489838,105,Fizz,100,JUNGLE,False,9,9,10
NA1_5499489838,238,Zed,100,MIDDLE,False,4,9,7
NA1_5499489838,42,Corki,100,BOTTOM,False,12,10,6
NA1_5499489838,201,Braum,100,UTILITY,False,0,10,16
NA1_5499489838,904,Zaahen,200,TOP,True,5,4,7
NA1_5499489838,11,MasterYi,200,JUNGLE,True,15,8,9
NA1_5499489838,55,Katarina,200,MIDDLE,True,13,5,15
NA1_5499489838,800,Mel,200,BOTTOM,True,5,7,16
NA1_5499489838,117,Lulu,200,UTILITY,True,4,6,25
NA1_5513253364,875,Sett,100,TOP,True,7,3,6
NA1_5513253364,517,Sylas,100,JUNGLE,True,14,4,7
NA1_5513253364,157,Yasuo,100,MIDDLE,True,5,4,7
NA1_5513253364,110,Varus,100,BOTTOM,True,5,4,4
NA1_5513253364,432,Bard,100,UTILITY,True,5,4,22
NA1_5513253364,246,Qiyana,200,TOP,False,1,9,3
NA1_5513253364,104,Graves,200,JUNGLE,False,9,6,3
NA1_5513253364,777,Yone,200,MIDDLE,False,4,6,5
NA1_5513253364,202,Jhin,200,BOTTOM,False,2,5,7
NA1_5513253364,111,Nautilus,200,UTILITY,False,3,10,13
NA1_5493124889,31,Chogath,100,TOP,True,13,8,3
NA1_5493124889,887,Gwen,100,JUNGLE,True,9,7,8
NA1_5493124889,777,Yone,100,MIDDLE,True,6,8,13
NA1_5493124889,498,Xayah,100,BOTTOM,True,11,11,14
NA1_5493124889,26,Zilean,100,UTILITY,True,3,8,24
NA1_5493124889,904,Zaahen,200,TOP,False,13,10,4
NA1_5493124889,427,Ivern,200,JUNGLE,False,8,6,19
NA1_5493124889,27,Singed,200,MIDDLE,False,9,8,7
NA1_5493124889,236,Lucian,200,BOTTOM,False,10,12,6
NA1_5493124889,432,Bard,200,UTILITY,False,2,6,24
NA1_5502888712,904,Zaahen,100,TOP,False,21,8,7
NA1_5502888712,36,DrMundo,100,JUNGLE,False,5,2,17
NA1_5502888712,127,Lissandra,100,MIDDLE,False,3,6,12
NA1_5502888712,145,Kaisa,100,BOTTOM,False,14,9,6
NA1_5502888712,26,Zilean,100,UTILITY,False,3,8,20
NA1_5502888712,114,Fiora,200,TOP,True,4,18,4
NA1_5502888712,131,Diana,200,JUNGLE,True,8,6,9
NA1_5502888712,55,Katarina,200,MIDDLE,True,12,8,4
NA1_5502888712,81,Ezreal,200,BOTTOM,True,8,7,5
NA1_5502888712,43,Karma,200,UTILITY,True,1,7,15
NA1_5484635160,58,Renekton,100,TOP,False,2,4,2
NA1_5484635160,120,Hecarim,100,JUNGLE,False,1,6,3
NA1_5484635160,103,Ahri,100,MIDDLE,False,2,6,1
NA1_5484635160,18,Tristana,100,BOTTOM,False,4,4,0
NA1_5484635160,432,Bard,100,UTILITY,False,0,7,2
NA1_5484635160,233,Briar,200,TOP,True,4,2,3
NA1_5484635160,80,Pantheon,200,JUNGLE,True,6,2,7
NA1_5484635160,55,Katarina,200,MIDDLE,True,15,2,1
NA1_5484635160,145,Kaisa,200,BOTTOM,True,2,2,1
NA1_5484635160,12,Alistar,200,UTILITY,True,0,1,13
NA1_5512300979,82,Mordekaiser,100,TOP,False,3,7,1
NA1_5512300979,56,Nocturne,100,JUNGLE,False,5,7,8
NA1_5512300979,800,Mel,100,MIDDLE,False,9,8,5
NA1_5512300979,523,Aphelios,100,BOTTOM,False,16,9,8
NA1_5512300979,35,Shaco,100,UTILITY,False,4,13,17
NA1_5512300979,83,Yorick,200,TOP,True,5,5,7
NA1_5512300979,113,Sejuani,200,JUNGLE,True,8,4,17
NA1_5512300979,103,Ahri,200,MIDDLE,True,12,5,8
NA1_5512300979,498,Xayah,200,BOTTOM,True,12,11,8
NA1_5512300979,555,Pyke,200,UTILITY,True,7,12,14
NA1_5503931055,777,Yone,100,TOP,True,2,9,5
NA1_5503931055,104,Graves,100,JUNGLE,True,6,4,9
NA1_5503931055,102,Shyvana,100,MIDDLE,True,8,6,5
NA1_5503931055,21,MissFortune,100,BOTTOM,True,8,2,9
NA1_5503931055,267,Nami,100,UTILITY,True,3,4,15
NA1_5503931055,164,Camille,200,TOP,False,6,6,5
NA1_5503931055,91,Talon,200,JUNGLE,False,9,7,7
NA1_5503931055,101,Xerath,200,MIDDLE,False,4,4,8
NA1_5503931055,202,Jhin,200,BOTTOM,False,3,4,0
NA1_5503931055,432,Bard,200,UTILITY,False,3,6,11
NA1_5507064427,82,Mordekaiser,100,TOP,False,5,7,0
NA1_5507064427,517,Sylas,100,JUNGLE,False,1,7,4
NA1_5507064427,166,Akshan,100,MIDDLE,False,4,7,3
NA1_5507064427,51,Caitlyn,100,BOTTOM,False,5,6,2
NA1_5507064427,235,Senna,100,UTILITY,False,1,11,6
NA1_5507064427,84,Akali,200,TOP,True,6,3,2
NA1_5507064427,421,RekSai,200,JUNGLE,True,8,2,10
NA1_5507064427,157,Yasuo,200,MIDDLE,True,11,6,6
NA1_5507064427,145,Kaisa,200,BOTTOM,True,6,1,11
NA1_5507064427,555,Pyke,200,UTILITY,True,7,4,15
NA1_5493564032,31,Chogath,100,TOP,True,2,12,3
NA1_5493564032,245,Ekko,100,JUNGLE,True,3,2,9
NA1_5493564032,38,Kassadin,100,MIDDLE,True,7,3,5
NA1_5493564032,145,Kaisa,100,BOTTOM,True,7,4,11
NA1_5493564032,555,Pyke,100,UTILITY,True,11,4,9
NA1_5493564032,150,Gnar,200,TOP,False,8,6,5
NA1_5493564032,80,Pantheon,200,JUNGLE,False,4,6,8
NA1_5493564032,13,Ryze,200,MIDDLE,False,3,6,5
NA1_5493564032,42,Corki,200,BOTTOM,False,7,8,6
NA1_5493564032,412,Thresh,200,UTILITY,False,3,4,4
NA1_5519387576,6,Urgot,100,TOP,True,12,7,10
NA1_5519387576,91,Talon,100,JUNGLE,True,13,10,14
NA1_5519387576,103,Ahri,100,MIDDLE,True,8,10,10
NA1_5519387576,800,Mel,100,BOTTOM,True,14,6,7
NA1_5519387576,350,Yuumi,100,UTILITY,True,1,4,31
NA1_5519387576,82,Mordekaiser,200,TOP,False,12,12,4
NA1_5519387576,234,Viego,200,JUNGLE,False,3,8,4
NA1_5519387576,240,Kled,200,MIDDLE,False,9,13,12
NA1_5519387576,42,Corki,200,BOTTOM,False,10,6,3
NA1_5519387576,81,Ezreal,200,UTILITY,False,3,9,8
NA1_5492925655,85,Kennen,100,TOP,False,4,8,6
NA1_5492925655,59,JarvanIV,100,JUNGLE,False,4,7,7
NA1_5492925655,112,Viktor,100,MIDDLE,False,6,2,5
NA1_5492925655,202,Jhin,100,BOTTOM,False,2,3,5
NA1_5492925655,16,Soraka,100,UTILITY,False,2,5,13
NA1_5492925655,75,Nasus,200,TOP,True,5,2,5
NA1_5492925655,154,Zac,200,JUNGLE,True,5,1,13
NA1_5492925655,157,Yasuo,200,MIDDLE,True,7,6,6
NA1_5492925655,15,Sivir,200,BOTTOM,True,8,4,8
NA1_5492925655,43,Karma,200,UTILITY,True,0,5,16
NA1_5490961547,429,Kalista,100,TOP,True,3,3,10
NA1_5490961547,950,Naafiri,100,JUNGLE,True,15,5,7
NA1_5490961547,55,Katarina,100,MIDDLE,True,23,2,5
NA1_5490961547,145,Kaisa,100,BOTTOM,True,7,7,14
NA1_5490961547,201,Braum,100,UTILITY,True,1,4,25
NA1_5490961547,8,Vladimir,200,TOP,False,5,8,3
NA1_5490961547,904,Zaahen,200,JUNGLE,False,7,10,4
NA1_5490961547,777,Yone,200,MIDDLE,False,2,10,6
NA1_5490961547,22,Ashe,200,BOTTOM,False,5,10,6
NA1_5490961547,154,Zac,200,UTILITY,False,2,11,13
NA1_5506366349,154,Zac,100,TOP,True,8,2,13
NA1_5506366349,91,Talon,100,JUNGLE,True,12,7,3
NA1_5506366349,161,Velkoz,100,MIDDLE,True,12,3,16
NA1_5506366349,157,Yasuo,100,BOTTOM,True,14,11,5
NA1_5506366349,40,Janna,100,UTILITY,True,3,5,26
NA1_5506366349,904,Zaahen,200,TOP,False,2,11,5
NA1_5506366349,77,Udyr,200,JUNGLE,False,11,5,9
NA1_5506366349,120,Hecarim,200,MIDDLE,False,4,13,4
NA1_5506366349,222,Jinx,200,BOTTOM,False,8,9,6
NA1_5506366349,117,Lulu,200,UTILITY,False,3,11,14
NA1_5490886649,72,Skarner,100,TOP,False,0,7,5
NA1_5490886649,107,Rengar,100,JUNGLE,False,8,7,1
NA1_5490886649,92,Riven,100,MIDDLE,False,6,6,2
NA1_5490886649,523,Aphelios,100,BOTTOM,False,4,5,6
NA1_5490886649,412,Thresh,100,UTILITY,False,1,5,12
NA1_5490886649,8,Vladimir,200,TOP,True,8,2,6
NA1_5490886649,106,Volibear,200,JUNGLE,True,6,3,10
NA1_5490886649,58,Renekton,200,MIDDLE,True,7,3,7
NA1_5490886649,235,Senna,200,BOTTOM,True,9,6,10
NA1_5490886649,43,Karma,200,UTILITY,True,0,5,15
NA1_5494066158,904,Zaahen,100,TOP,False,1,12,0
NA1_5494066158,517,Sylas,100,JUNGLE,False,3,5,16
NA1_5494066158,18,Tristana,100,MIDDLE,False,14,6,1
NA1_5494066158,147,Seraphine,100,BOTTOM,False,14,3,4
NA1_5494066158,89,Leona,100,UTILITY,False,1,3,19
NA1_5494066158,24,Jax,200,TOP,True,13,5,3
NA1_5494066158,35,Shaco,200,JUNGLE,True,2,6,7
NA1_5494066158,246,Qiyana,200,MIDDLE,True,6,7,4
NA1_5494066158,51,Caitlyn,200,BOTTOM,True,5,6,3
NA1_5494066158,518,Neeko,200,UTILITY,True,2,9,5
NA1_5496006269,19,Warwick,100,TOP,True,6,9,5
NA1_5496006269,104,Graves,100,JUNGLE,True,5,2,5
NA1_5496006269,517,Sylas,100,MIDDLE,True,4,7,6
NA1_5496006269,523,Aphelios,100,BOTTOM,True,5,5,5
NA1_5496006269,235,Senna,100,UTILITY,True,1,3,10
NA1_5496006269,126,Jayce,200,TOP,False,8,9,2
NA1_5496006269,516,Ornn,200,JUNGLE,False,8,4,9
NA1_5496006269,112,Viktor,200,MIDDLE,False,6,6,12
NA1_5496006269,115,Ziggs,200,BOTTOM,False,3,1,13
NA1_5496006269,16,Soraka,200,UTILITY,False,1,1,18
NA1_5509123232,126,Jayce,100,TOP,True,8,9,8
NA1_5509123232,91,Talon,100,JUNGLE,True,7,9,12
NA1_5509123232,90,Malzahar,100,MIDDLE,True,4,5,12
NA1_5509123232,81,Ezreal,100,BOTTOM,True,11,8,12
NA1_5509123232,43,Karma,100,UTILITY,True,5,7,24
NA1_5509123232,58,Renekton,200,TOP,False,2,9,11
NA1_5509123232,104,Graves,200,JUNGLE,False,17,6,9
NA1_5509123232,804,Yunara,200,MIDDLE,False,13,10,7
NA1_5509123232,147,Seraphine,200,BOTTOM,False,4,3,18
NA1_5509123232,111,Nautilus,200,UTILITY,False,2,7,21
NA1_5506133249,266,Aatrox,100,TOP,False,8,8,5
NA1_5506133249,9,FiddleSticks,100,JUNGLE,False,2,8,13
NA1_5506133249,14,Sion,100,MIDDLE,False,2,5,5
NA1_5506133249,15,Sivir,100,BOTTOM,False,11,4,7
NA1_5506133249,117,Lulu,100,UTILITY,False,1,6,17
NA1_5506133249,420,Illaoi,200,TOP,True,3,5,3
NA1_5506133249,421,RekSai,200,JUNGLE,True,6,6,14
NA1_5506133249,157,Yasuo,200,MIDDLE,True,10,2,10
NA1_5506133249,800,Mel,200,BOTTOM,True,10,4,6
NA1_5506133249,412,Thresh,200,UTILITY,True,2,7,20
NA1_5484933925,150,Gnar,100,TOP,False,1,2,0
NA1_5484933925,887,Gwen,100,JUNGLE,False,0,6,1
NA1_5484933925,246,Qiyana,100,MIDDLE,False,6,8,1
NA1_5484933925,523,Aphelios,100,BOTTOM,False,2,3,1
NA1_5484933925,412,Thresh,100,UTILITY,False,2,1,2
NA1_5484933925,893,Aurora,200,TOP,True,3,1,1
NA1_5484933925,163,Taliyah,200,JUNGLE,True,6,1,6
NA1_5484933925,777,Yone,200,MIDDLE,True,5,6,2
NA1_5484933925,112,Viktor,200,BOTTOM,True,3,1,3
NA1_5484933925,117,Lulu,200,UTILITY,True,3,2,3
NA1_5490234715,36,DrMundo,100,TOP,False,2,10,1
NA1_5490234715,104,Graves,100,JUNGLE,False,2,4,2
NA1_5490234715,91,Talon,100,MIDDLE,False,9,7,2
NA1_5490234715,81,Ezreal,100,BOTTOM,False,4,10,2
NA1_5490234715,78,Poppy,100,UTILITY,False,4,5,6
NA1_5490234715,799,Ambessa,200,TOP,True,11,2,6
NA1_5490234715,59,JarvanIV,200,JUNGLE,True,5,2,14
NA1_5490234715,55,Katarina,200,MIDDLE,True,5,6,4
NA1_5490234715,804,Yunara,200,BOTTOM,True,3,1,3
NA1_5490234715,234,Viego,200,UTILITY,True,12,10,3
NA1_5488228357,164,Camille,100,TOP,False,9,6,6
NA1_5488228357,36,DrMundo,100,JUNGLE,False,6,4,4
NA1_5488228357,68,Rumble,100,MIDDLE,False,2,8,7
NA1_5488228357,804,Yunara,100,BOTTOM,False,1,8,5
NA1_5488228357,43,Karma,100,UTILITY,False,1,7,8
NA1_5488228357,110,Varus,200,TOP,True,12,9,5
NA1_5488228357,91,Talon,200,JUNGLE,True,11,3,5
NA1_5488228357,904,Zaahen,200,MIDDLE,True,6,2,7
NA1_5488228357,222,Jinx,200,BOTTOM,True,4,3,10
NA1_5488228357,16,Soraka,200,UTILITY,True,0,3,19
NA1_5488287039,126,Jayce,100,TOP,False,5,6,4
NA1_5488287039,234,Viego,100,JUNGLE,False,5,3,6
NA1_5488287039,134,Syndra,100,MIDDLE,False,1,3,2
NA1_5488287039,119,Draven,100,BOTTOM,False,3,4,3
NA1_5488287039,40,Janna,100,UTILITY,False,0,6,6
NA1_5488287039,36,DrMundo,200,TOP,True,3,5,6
NA1_5488287039,245,Ekko,200,JUNGLE,True,5,3,5
NA1_5488287039,950,Naafiri,200,MIDDLE,True,2,3,7
NA1_5488287039,523,Aphelios,200,BOTTOM,True,9,2,7
NA1_5488287039,412,Thresh,200,UTILITY,True,3,1,14
NA1_5495645416,133,Quinn,100,TOP,False,10,10,10
NA1_5495645416,104,Graves,100,JUNGLE,False,4,4,3
NA1_5495645416,518,Neeko,100,MIDDLE,False,6,7,10
NA1_5495645416,81,Ezreal,100,BOTTOM,False,8,3,4
NA1_5495645416,497,Rakan,100,UTILITY,False,0,7,10
NA1_5495645416,19,Warwick,200,TOP,True,1,9,5
NA1_5495645416,245,Ekko,200,JUNGLE,True,4,3,4
NA1_5495645416,517,Sylas,200,MIDDLE,True,7,6,6
NA1_5495645416,804,Yunara,200,BOTTOM,True,19,5,3
NA1_5495645416,267,Nami,200,UTILITY,True,0,5,24
NA1_5500982397,164,Camille,100,TOP,True,11,5,5
NA1_5500982397,33,Rammus,100,JUNGLE,True,1,8,12
NA1_5500982397,105,Fizz,100,MIDDLE,True,4,8,2
NA1_5500982397,800,Mel,100,BOTTOM,True,8,4,2
NA1_5500982397,37,Sona,100,UTILITY,True,4,4,13
NA1_5500982397,106,Volibear,200,TOP,False,6,11,4
NA1_5500982397,5,XinZhao,200,JUNGLE,False,4,3,13
NA1_5500982397,166,Akshan,200,MIDDLE,False,12,4,4
NA1_5500982397,29,Twitch,200,BOTTOM,False,6,10,5
NA1_5500982397,235,Senna,200,UTILITY,False,1,2,17
NA1_5511207482,98,Shen,100,TOP,True,8,2,6
NA1_5511207482,59,JarvanIV,100,JUNGLE,True,3,1,22
NA1_5511207482,112,Viktor,100,MIDDLE,True,5,3,10
NA1_5511207482,222,Jinx,100,BOTTOM,True,17,3,7
NA1_5511207482,117,Lulu,100,UTILITY,True,1,3,22
NA1_5511207482,86,Garen,200,TOP,False,1,5,2
NA1_5511207482,141,Kayn,200,JUNGLE,False,4,5,5
NA1_5511207482,131,Diana,200,MIDDLE,False,6,6,3
NA1_5511207482,202,Jhin,200,BOTTOM,False,1,7,6
NA1_5511207482,161,Velkoz,200,UTILITY,False,0,11,8
NA1_5491863291,223,TahmKench,100,TOP,True,2,4,5
NA1_5491863291,5,XinZhao,100,JUNGLE,True,9,6,15
NA1_5491863291,893,Aurora,100,MIDDLE,True,6,8,10
NA1_5491863291,15,Sivir,100,BOTTOM,True,16,3,15
NA1_5491863291,432,Bard,100,UTILITY,True,7,1,23
NA1_5491863291,897,KSante,200,TOP,False,3,7,6
NA1_5491863291,121,Khazix,200,JUNGLE,False,8,10,6
NA1_5491863291,45,Veigar,200,MIDDLE,False,3,6,11
NA1_5491863291,110,Varus,200,BOTTOM,False,6,6,7
NA1_5491863291,37,Sona,200,UTILITY,False,2,11,15
NA1_5498298827,150,Gnar,100,TOP,False,8,7,6
NA1_5498298827,24,Jax,100,JUNGLE,False,14,2,4
NA1_5498298827,61,Orianna,100,MIDDLE,False,0,4,9
NA1_5498298827,99,Lux,100,BOTTOM,False,8,6,8
NA1_5498298827,63,Brand,100,UTILITY,False,5,7,11
NA1_5498298827,887,Gwen,200,TOP,True,6,9,2
NA1_5498298827,121,Khazix,200,JUNGLE,True,9,7,6
NA1_5498298827,38,Kassadin,200,MIDDLE,True,1,4,1
NA1_5498298827,804,Yunara,200,BOTTOM,True,9,4,6
NA1_5498298827,26,Zilean,200,UTILITY,True,1,11,14
NA1_5505720681,79,Gragas,100,TOP,True,11,4,7
NA1_5505720681,36,DrMundo,100,JUNGLE,True,6,2,14
NA1_5505720681,91,Talon,100,MIDDLE,True,6,6,8
NA1_5505720681,67,Vayne,100,BOTTOM,True,10,6,3
NA1_5505720681,267,Nami,100,UTILITY,True,3,3,18
NA1_5505720681,223,TahmKench,200,TOP,False,1,13,8
NA1_5505720681,30,Karthus,200,JUNGLE,False,7,6,7
NA1_5505720681,238,Zed,200,MIDDLE,False,4,8,0
NA1_5505720681,81,Ezreal,200,BOTTOM,False,7,6,4
NA1_5505720681,43,Karma,200,UTILITY,False,2,3,15
NA1_5492971145,126,Jayce,100,TOP,True,10,4,10
NA1_5492971145,9,FiddleSticks,100,JUNGLE,True,6,8,21
NA1_5492971145,145,Kaisa,100,MIDDLE,True,11,5,10
NA1_5492971145,136,AurelionSol,100,BOTTOM,True,10,5,10
NA1_5492971145,147,Seraphine,100,UTILITY,True,3,5,26
NA1_5492971145,86,Garen,200,TOP,False,2,8,5
NA1_5492971145,64,LeeSin,200,JUNGLE,False,9,9,10
NA1_5492971145,103,Ahri,200,MIDDLE,False,7,9,10
NA1_5492971145,202,Jhin,200,BOTTOM,False,9,8,6
NA1_5492971145,37,Sona,200,UTILITY,False,0,6,22
NA1_5506322443,157,Yasuo,100,TOP,False,2,14,9
NA1_5506322443,427,Ivern,100,JUNGLE,False,7,2,13
NA1_5506322443,136,AurelionSol,100,MIDDLE,False,4,1,6
NA1_5506322443,51,Caitlyn,100,BOTTOM,False,19,6,2
NA1_5506322443,43,Karma,100,UTILITY,False,1,7,20
NA1_5506322443,86,Garen,200,TOP,True,14,7,3
NA1_5506322443,904,Zaahen,200,JUNGLE,True,5,4,6
NA1_5506322443,75,Nasus,200,MIDDLE,True,3,7,5
NA1_5506322443,63,Brand,200,BOTTOM,True,3,8,7
NA1_5506322443,202,Jhin,200,UTILITY,True,5,7,14
NA1_5500298297,58,Renekton,100,TOP,True,1,2,4
NA1_5500298297,421,RekSai,100,JUNGLE,True,6,0,2
NA1_5500298297,517,Sylas,100,MIDDLE,True,8,1,1
NA1_5500298297,15,Sivir,100,BOTTOM,True,3,2,2
NA1_5500298297,43,Karma,100,UTILITY,True,1,1,4
NA1_5500298297,799,Ambessa,200,TOP,False,1,3,1
NA1_5500298297,79,Gragas,200,JUNGLE,False,1,6,0
NA1_5500298297,238,Zed,200,MIDDLE,False,2,7,1
NA1_5500298297,81,Ezreal,200,BOTTOM,False,0,3,3
NA1_5500298297,267,Nami,200,UTILITY,False,2,0,2
NA1_5513785004,24,Jax,100,TOP,True,21,5,7
NA1_5513785004,876,Lillia,100,JUNGLE,True,9,4,8
NA1_5513785004,45,Veigar,100,MIDDLE,True,11,4,10
NA1_5513785004,119,Draven,100,BOTTOM,True,7,8,5
NA1_5513785004,53,Blitzcrank,100,UTILITY,True,2,4,21
NA1_5513785004,98,Shen,200,TOP,False,3,11,7
NA1_5513785004,82,Mordekaiser,200,JUNGLE,False,4,12,7
NA1_5513785004,777,Yone,200,MIDDLE,False,8,11,2
NA1_5513785004,202,Jhin,200,BOTTOM,False,6,7,10
NA1_5513785004,99,Lux,200,UTILITY,False,4,9,13
NA1_5502453870,82,Mordekaiser,100,TOP,False,5,6,3
NA1_5502453870,904,Zaahen,100,JUNGLE,False,1,8,9
NA1_5502453870,238,Zed,100,MIDDLE,False,17,9,1
NA1_5502453870,22,Ashe,100,BOTTOM,False,5,7,8
NA1_5502453870,99,Lux,100,UTILITY,False,4,12,8
NA1_5502453870,36,DrMundo,200,TOP,True,14,4,6
NA1_5502453870,131,Diana,200,JUNGLE,True,8,7,14
NA1_5502453870,115,Ziggs,200,MIDDLE,True,6,8,15
NA1_5502453870,202,Jhin,200,BOTTOM,True,10,6,11
NA1_5502453870,800,Mel,200,UTILITY,True,4,7,12
NA1_5496002916,904,Zaahen,100,TOP,True,4,1,2
NA1_5496002916,876,Lillia,100,JUNGLE,True,3,1,4
NA1_5496002916,517,Sylas,100,MIDDLE,True,7,3,5
NA1_5496002916,202,Jhin,100,BOTTOM,True,2,1,1
NA1_5496002916,40,Janna,100,UTILITY,True,2,0,4
NA1_5496002916,777,Yone,200,TOP,False,0,5,1
NA1_5496002916,200,Belveth,200,JUNGLE,False,2,3,1
NA1_5496002916,103,Ahri,200,MIDDLE,False,3,5,0
NA1_5496002916,360,Samira,200,BOTTOM,False,1,1,1
NA1_5496002916,44,Taric,200,UTILITY,False,0,4,2
NA1_5490253787,36,DrMundo,100,TOP,False,1,8,1
NA1_5490253787,254,Vi,100,JUNGLE,False,3,8,8
NA1_5490253787,893,Aurora,100,MIDDLE,False,10,6,1
NA1_5490253787,236,Lucian,100,BOTTOM,False,5,9,8
NA1_5490253787,267,Nami,100,UTILITY,False,1,5,12
NA1_5490253787,92,Riven,200,TOP,True,11,4,3
NA1_5490253787,234,Viego,200,JUNGLE,True,17,1,4
NA1_5490253787,50,Swain,200,MIDDLE,True,2,4,9
NA1_5490253787,523,Aphelios,200,BOTTOM,True,2,8,18
NA1_5490253787,526,Rell,200,UTILITY,True,2,3,19
NA1_5498003008,69,Cassiopeia,100,TOP,True,6,6,5
NA1_5498003008,120,Hecarim,100,JUNGLE,True,10,8,14
NA1_5498003008,777,Yone,100,MIDDLE,True,11,10,7
NA1_5498003008,904,Zaahen,100,BOTTOM,True,11,2,11
NA1_5498003008,902,Milio,100,UTILITY,True,1,3,21
NA1_5498003008,266,Aatrox,200,TOP,False,9,8,6
NA1_5498003008,19,Warwick,200,JUNGLE,False,10,8,10
NA1_5498003008,268,Azir,200,MIDDLE,False,8,7,8
NA1_5498003008,804,Yunara,200,BOTTOM,False,2,10,6
NA1_5498003008,526,Rell,200,UTILITY,False,0,6,16
NA1_5501417661,904,Zaahen,100,TOP,True,4,9,15
NA1_5501417661,245,Ekko,100,JUNGLE,True,10,6,16
NA1_5501417661,45,Veigar,100,MIDDLE,True,10,8,7
NA1_5501417661,360,Samira,100,BOTTOM,True,13,8,11
NA1_5501417661,25,Morgana,100,UTILITY,True,4,5,23
NA1_5501417661,19,Warwick,200,TOP,False,9,13,5
NA1_5501417661,120,Hecarim,200,JUNGLE,False,3,10,17
NA1_5501417661,136,AurelionSol,200,MIDDLE,False,17,3,7
NA1_5501417661,235,Senna,200,BOTTOM,False,6,8,14
NA1_5501417661,40,Janna,200,UTILITY,False,1,7,21
NA1_5513003279,82,Mordekaiser,100,TOP,True,16,5,5
NA1_5513003279,35,Shaco,100,JUNGLE,True,5,3,13
NA1_5513003279,112,Viktor,100,MIDDLE,True,2,9,8
NA1_5513003279,360,Samira,100,BOTTOM,True,16,3,6
NA1_5513003279,57,Maokai,100,UTILITY,True,2,7,13
NA1_5513003279,75,Nasus,200,TOP,False,2,15,5
NA1_5513003279,154,Zac,200,JUNGLE,False,6,5,12
NA1_5513003279,238,Zed,200,MIDDLE,False,10,8,7
NA1_5513003279,800,Mel,200,BOTTOM,False,8,8,4
NA1_5513003279,350,Yuumi,200,UTILITY,False,1,5,21
NA1_5501455571,122,Darius,100,TOP,True,9,4,3
NA1_5501455571,121,Khazix,100,JUNGLE,True,13,2,5
NA1_5501455571,245,Ekko,100,MIDDLE,True,3,2,4
NA1_5501455571,221,Zeri,100,BOTTOM,True,4,1,5
NA1_5501455571,267,Nami,100,UTILITY,True,1,0,12
NA1_5501455571,10,Kayle,200,TOP,False,1,9,2
NA1_5501455571,131,Diana,200,JUNGLE,False,2,10,2
NA1_5501455571,157,Yasuo,200,MIDDLE,False,5,3,0
NA1_5501455571,147,Seraphine,200,BOTTOM,False,1,3,2
NA1_5501455571,111,Nautilus,200,UTILITY,False,0,5,3
NA1_5512441321,266,Aatrox,100,TOP,False,1,11,6
NA1_5512441321,60,Elise,100,JUNGLE,False,19,10,8
NA1_5512441321,45,Veigar,100,MIDDLE,False,4,6,14
NA1_5512441321,498,Xayah,100,BOTTOM,False,12,11,7
NA1_5512441321,235,Senna,100,UTILITY,False,1,9,20
NA1_5512441321,517,Sylas,200,TOP,True,10,8,5
NA1_5512441321,32,Amumu,200,JUNGLE,True,8,4,22
NA1_5512441321,30,Karthus,200,MIDDLE,True,9,10,13
NA1_5512441321,901,Smolder,200,BOTTOM,True,18,8,10
NA1_5512441321,267,Nami,200,UTILITY,True,2,7,32
NA1_5513936939,875,Sett,100,TOP,False,3,7,5
NA1_5513936939,5,XinZhao,100,JUNGLE,False,9,6,3
NA1_5513936939,777,Yone,100,MIDDLE,False,2,8,1
NA1_5513936939,22,Ashe,100,BOTTOM,False,3,9,4
NA1_5513936939,111,Nautilus,100,UTILITY,False,1,12,11
NA1_5513936939,78,Poppy,200,TOP,True,4,6,14
NA1_5513936939,131,Diana,200,JUNGLE,True,8,1,6
NA1_5513936939,166,Akshan,200,MIDDLE,True,19,3,5
NA1_5513936939,96,KogMaw,200,BOTTOM,True,10,5,9
NA1_5513936939,89,Leona,200,UTILITY,True,1,3,26
NA1_5512845258,887,Gwen,100,TOP,False,3,6,1
NA1_5512845258,59,JarvanIV,100,JUNGLE,False,3,5,3
NA1_5512845258,3,Galio,100,MIDDLE,False,0,3,1
NA1_5512845258,145,Kaisa,100,BOTTOM,False,2,2,2
NA1_5512845258,350,Yuumi,100,UTILITY,False,0,3,4
NA1_5512845258,516,Ornn,200,TOP,True,4,2,4
NA1_5512845258,98,Shen,200,JUNGLE,True,3,2,10
NA1_5512845258,777,Yone,200,MIDDLE,True,6,1,5
NA1_5512845258,45,Veigar,200,BOTTOM,True,6,1,2
NA1_5512845258,32,Amumu,200,UTILITY,True,0,2,8
NA1_5511977393,777,Yone,100,TOP,True,8,4,7
NA1_5511977393,950,Naafiri,100,JUNGLE,True,8,4,7
NA1_5511977393,142,Zoe,100,MIDDLE,True,7,3,8
NA1_5511977393,498,Xayah,100,BOTTOM,True,8,3,9
NA1_5511977393,350,Yuumi,100,UTILITY,True,1,1,20
NA1_5511977393,904,Zaahen,200,TOP,False,1,10,6
NA1_5511977393,121,Khazix,200,JUNGLE,False,4,5,10
NA1_5511977393,517,Sylas,200,MIDDLE,False,4,6,3
NA1_5511977393,81,Ezreal,200,BOTTOM,False,4,6,5
NA1_5511977393,43,Karma,200,UTILITY,False,2,5,10
NA1_5499692283,897,KSante,100,TOP,False,2,7,4
NA1_5499692283,904,Zaahen,100,JUNGLE,False,3,8,17
NA1_5499692283,103,Ahri,100,MIDDLE,False,15,7,12
NA1_5499692283,804,Yunara,100,BOTTOM,False,13,6,9
NA1_5499692283,267,Nami,100,UTILITY,False,0,10,22
NA1_5499692283,67,Vayne,200,TOP,True,12,7,8
NA1_5499692283,131,Diana,200,JUNGLE,True,9,9,12
NA1_5499692283,517,Sylas,200,MIDDLE,True,7,9,9
NA1_5499692283,222,Jinx,200,BOTTOM,True,8,6,15
NA1_5499692283,902,Milio,200,UTILITY,True,1,3,31
NA1_5470373726,17,Teemo,100,TOP,False,6,13,3
NA1_5470373726,887,Gwen,100,JUNGLE,False,2,11,7
NA1_5470373726,86,Garen,100,MIDDLE,False,5,5,3
NA1_5470373726,22,Ashe,100,BOTTOM,False,1,8,4
NA1_5470373726,111,Nautilus,100,UTILITY,False,3,3,2
NA1_5470373726,164,Camille,200,TOP,True,10,7,8
NA1_5470373726,121,Khazix,200,JUNGLE,True,9,3,6
NA1_5470373726,85,Kennen,200,MIDDLE,True,12,4,9
NA1_5470373726,523,Aphelios,200,BOTTOM,True,9,2,4
NA1_5470373726,902,Milio,200,UTILITY,True,0,1,20
NA1_5498755353,164,Camille,100,TOP,False,9,6,9
NA1_5498755353,104,Graves,100,JUNGLE,False,3,9,10
NA1_5498755353,147,Seraphine,100,MIDDLE,False,3,8,9
NA1_5498755353,110,Varus,100,BOTTOM,False,5,10,9
NA1_5498755353,9,FiddleSticks,100,UTILITY,False,7,11,11
NA1_5498755353,54,Malphite,200,TOP,True,5,6,6
NA1_5498755353,234,Viego,200,JUNGLE,True,18,2,9
NA1_5498755353,112,Viktor,200,MIDDLE,True,7,6,9
NA1_5498755353,15,Sivir,200,BOTTOM,True,12,7,16
NA1_5498755353,89,Leona,200,UTILITY,True,1,6,22
NA1_5502942556,75,Nasus,100,TOP,True,8,2,5
NA1_5502942556,799,Ambessa,100,JUNGLE,True,9,5,6
NA1_5502942556,238,Zed,100,MIDDLE,True,3,8,3
NA1_5502942556,136,AurelionSol,100,BOTTOM,True,10,6,8
NA1_5502942556,267,Nami,100,UTILITY,True,2,7,17
NA1_5502942556,875,Sett,200,TOP,False,3,10,3
NA1_5502942556,72,Skarner,200,JUNGLE,False,8,4,15
NA1_5502942556,103,Ahri,200,MIDDLE,False,6,4,10
NA1_5502942556,22,Ashe,200,BOTTOM,False,7,8,10
NA1_5502942556,43,Karma,200,UTILITY,False,4,6,20
NA1_5487849215,164,Camille,100,TOP,True,1,4,5
NA1_5487849215,154,Zac,100,JUNGLE,True,8,4,24
NA1_5487849215,157,Yasuo,100,MIDDLE,True,16,7,8
NA1_5487849215,51,Caitlyn,100,BOTTOM,True,16,6,6
NA1_5487849215,57,Maokai,100,UTILITY,True,4,6,22
NA1_5487849215,516,Ornn,200,TOP,False,5,4,7
NA1_5487849215,32,Amumu,200,JUNGLE,False,8,11,5
NA1_5487849215,38,Kassadin,200,MIDDLE,False,5,7,9
NA1_5487849215,804,Yunara,200,BOTTOM,False,4,11,8
NA1_5487849215,143,Zyra,200,UTILITY,False,4,12,13
NA1_5499909510,164,Camille,100,TOP,True,6,3,8
NA1_5499909510,35,Shaco,100,JUNGLE,True,4,0,9
NA1_5499909510,233,Briar,100,MIDDLE,True,13,5,4
NA1_5499909510,81,Ezreal,100,BOTTOM,True,7,3,7
NA1_5499909510,111,Nautilus,100,UTILITY,True,4,2,10
NA1_5499909510,27,Singed,200,TOP,False,1,4,5
NA1_5499909510,203,Kindred,200,JUNGLE,False,7,10,2
NA1_5499909510,112,Viktor,200,MIDDLE,False,1,11,6
NA1_5499909510,161,Velkoz,200,BOTTOM,False,3,5,2
NA1_5499909510,267,Nami,200,UTILITY,False,1,4,3
NA1_5491294696,8,Vladimir,100,TOP,True,7,3,6
NA1_5491294696,48,Trundle,100,JUNGLE,True,10,3,14
NA1_5491294696,799,Ambessa,100,MIDDLE,True,9,5,7
NA1_5491294696,147,Seraphine,100,BOTTOM,True,6,6,19
NA1_5491294696,40,Janna,100,UTILITY,True,2,4,23
NA1_5491294696,98,Shen,200,TOP,False,3,6,4
NA1_5491294696,111,Nautilus,200,JUNGLE,False,2,3,8
NA1_5491294696,69,Cassiopeia,200,MIDDLE,False,6,8,3
NA1_5491294696,67,Vayne,200,BOTTOM,False,4,8,5
NA1_5491294696,53,Blitzcrank,200,UTILITY,False,6,9,6
NA1_5483158522,126,Jayce,100,TOP,True,5,2,6
NA1_5483158522,131,Diana,100,JUNGLE,True,6,1,10
NA1_5483158522,84,Akali,100,MIDDLE,True,11,7,7
NA1_5483158522,804,Yunara,100,BOTTOM,True,5,4,2
NA1_5483158522,888,Renata,100,UTILITY,True,0,2,6
NA1_5483158522,68,Rumble,200,TOP,False,6,5,2
NA1_5483158522,64,LeeSin,200,JUNGLE,False,7,6,5
NA1_5483158522,51,Caitlyn,200,MIDDLE,False,1,8,6
NA1_5483158522,222,Jinx,200,BOTTOM,False,1,6,5
NA1_5483158522,902,Milio,200,UTILITY,False,1,2,8
NA1_5501448408,10,Kayle,100,TOP,True,2,4,4
NA1_5501448408,62,MonkeyKing,100,JUNGLE,True,8,6,8
NA1_5501448408,50,Swain,100,MIDDLE,True,5,8,12
NA1_5501448408,133,Quinn,100,BOTTOM,True,10,4,5
NA1_5501448408,555,Pyke,100,UTILITY,True,8,5,11
NA1_5501448408,897,KSante,200,TOP,False,6,5,5
NA1_5501448408,421,RekSai,200,JUNGLE,False,8,6,14
NA1_5501448408,45,Veigar,200,MIDDLE,False,4,6,7
NA1_5501448408,360,Samira,200,BOTTOM,False,7,8,9
NA1_5501448408,518,Neeko,200,UTILITY,False,2,8,16
NA1_5493536379,67,Vayne,100,TOP,True,2,5,1
NA1_5493536379,82,Mordekaiser,100,JUNGLE,True,7,4,2
NA1_5493536379,157,Yasuo,100,MIDDLE,True,9,4,2
NA1_5493536379,45,Veigar,100,BOTTOM,True,6,3,3
NA1_5493536379,526,Rell,100,UTILITY,True,1,4,11
NA1_5493536379,14,Sion,200,TOP,False,2,5,5
NA1_5493536379,887,Gwen,200,JUNGLE,False,10,6,3
NA1_5493536379,4,TwistedFate,200,MIDDLE,False,4,6,7
NA1_5493536379,901,Smolder,200,BOTTOM,False,4,7,7
NA1_5493536379,40,Janna,200,UTILITY,False,0,1,13
NA1_5491843693,13,Ryze,100,TOP,True,12,6,6
NA1_5491843693,11,MasterYi,100,JUNGLE,True,5,4,11
NA1_5491843693,92,Riven,100,MIDDLE,True,9,2,7
NA1_5491843693,145,Kaisa,100,BOTTOM,True,7,3,11
NA1_5491843693,235,Senna,100,UTILITY,True,4,4,15
NA1_5491843693,24,Jax,200,TOP,False,6,10,2
NA1_5491843693,154,Zac,200,JUNGLE,False,7,7,5
NA1_5491843693,157,Yasuo,200,MIDDLE,False,1,8,2
NA1_5491843693,236,Lucian,200,BOTTOM,False,3,7,6
NA1_5491843693,201,Braum,200,UTILITY,False,2,5,7
NA1_5512788676,240,Kled,100,TOP,False,9,9,3
NA1_5512788676,233,Briar,100,JUNGLE,False,5,11,9
NA1_5512788676,112,Viktor,100,MIDDLE,False,7,8,6
NA1_5512788676,21,MissFortune,100,BOTTOM,False,6,10,7
NA1_5512788676,147,Seraphine,100,UTILITY,False,3,4,15
NA1_5512788676,17,Teemo,200,TOP,True,7,3,7
NA1_5512788676,104,Graves,200,JUNGLE,True,5,9,7
NA1_5512788676,777,Yone,200,MIDDLE,True,10,5,12
NA1_5512788676,235,Senna,200,BOTTOM,True,13,8,18
NA1_5512788676,223,TahmKench,200,UTILITY,True,7,6,13
NA1_5493592617,266,Aatrox,100,TOP,True,10,2,2
NA1_5493592617,203,Kindred,100,JUNGLE,True,9,6,9
NA1_5493592617,154,Zac,100,MIDDLE,True,2,2,14
NA1_5493592617,235,Senna,100,BOTTOM,True,7,1,16
NA1_5493592617,43,Karma,100,UTILITY,True,1,2,19
NA1_5493592617,50,Swain,200,TOP,False,1,6,4
NA1_5493592617,950,Naafiri,200,JUNGLE,False,2,7,4
NA1_5493592617,166,Akshan,200,MIDDLE,False,7,6,2
NA1_5493592617,63,Brand,200,BOTTOM,False,2,5,8
NA1_5493592617,267,Nami,200,UTILITY,False,1,5,10
NA1_5493509487,39,Irelia,100,TOP,True,10,7,9
NA1_5493509487,17,Teemo,100,JUNGLE,True,4,6,12
NA1_5493509487,157,Yasuo,100,MIDDLE,True,11,9,4
NA1_5493509487,222,Jinx,100,BOTTOM,True,11,8,7
NA1_5493509487,115,Ziggs,100,UTILITY,True,1,7,14
NA1_5493509487,41,Gangplank,200,TOP,False,10,11,8
NA1_5493509487,57,Maokai,200,JUNGLE,False,6,4,22
NA1_5493509487,103,Ahri,200,MIDDLE,False,5,6,14
NA1_5493509487,804,Yunara,200,BOTTOM,False,13,8,10
NA1_5493509487,526,Rell,200,UTILITY,False,3,8,21
NA1_5489374546,58,Renekton,100,TOP,True,5,6,6
NA1_5489374546,59,JarvanIV,100,JUNGLE,True,11,5,16
NA1_5489374546,103,Ahri,100,MIDDLE,True,10,3,12
NA1_5489374546,147,Seraphine,100,BOTTOM,True,6,6,11
NA1_5489374546,161,Velkoz,100,UTILITY,True,5,5,10
NA1_5489374546,8,Vladimir,200,TOP,False,7,5,3
NA1_5489374546,950,Naafiri,200,JUNGLE,False,9,10,6
NA1_5489374546,18,Tristana,200,MIDDLE,False,4,5,2
NA1_5489374546,45,Veigar,200,BOTTOM,False,3,11,4
NA1_5489374546,432,Bard,200,UTILITY,False,2,6,8
NA1_5487613726,79,Gragas,100,TOP,False,3,5,4
NA1_5487613726,78,Poppy,100,JUNGLE,False,4,5,5
NA1_5487613726,157,Yasuo,100,MIDDLE,False,3,10,1
NA1_5487613726,221,Zeri,100,BOTTOM,False,1,6,1
NA1_5487613726,117,Lulu,100,UTILITY,False,1,3,5
NA1_5487613726,777,Yone,200,TOP,True,2,6,5
NA1_5487613726,104,Graves,200,JUNGLE,True,8,1,8
NA1_5487613726,92,Riven,200,MIDDLE,True,7,3,2
NA1_5487613726,99,Lux,200,BOTTOM,True,8,0,11
NA1_5487613726,35,Shaco,200,UTILITY,True,4,2,14
NA1_5517855562,164,Camille,100,TOP,True,5,1,2
NA1_5517855562,234,Viego,100,JUNGLE,True,9,2,6
NA1_5517855562,161,Velkoz,100,MIDDLE,True,5,3,2
NA1_5517855562,901,Smolder,100,BOTTOM,True,2,3,6
NA1_5517855562,43,Karma,100,UTILITY,True,2,4,6
NA1_5517855562,9,FiddleSticks,200,TOP,False,0,5,2
NA1_5517855562,64,LeeSin,200,JUNGLE,False,8,7,2
NA1_5517855562,777,Yone,200,MIDDLE,False,2,4,4
NA1_5517855562,523,Aphelios,200,BOTTOM,False,2,5,3
NA1_5517855562,147,Seraphine,200,UTILITY,False,0,2,5
NA1_5492213432,41,Gangplank,100,TOP,True,6,9,2
NA1_5492213432,131,Diana,100,JUNGLE,True,9,6,15
NA1_5492213432,61,Orianna,100,MIDDLE,True,7,6,13
NA1_5492213432,81,Ezreal,100,BOTTOM,True,15,6,18
NA1_5492213432,16,Soraka,100,UTILITY,True,0,7,26
NA1_5492213432,420,Illaoi,200,TOP,False,11,5,9
NA1_5492213432,234,Viego,200,JUNGLE,False,10,7,3
NA1_5492213432,4,TwistedFate,200,MIDDLE,False,7,5,13
NA1_5492213432,51,Caitlyn,200,BOTTOM,False,4,11,7
NA1_5492213432,111,Nautilus,200,UTILITY,False,1,9,10
NA1_5498309270,897,KSante,100,TOP,True,3,4,6
NA1_5498309270,59,JarvanIV,100,JUNGLE,True,11,7,22
NA1_5498309270,84,Akali,100,MIDDLE,True,15,1,5
NA1_5498309270,110,Varus,100,BOTTOM,True,11,4,14
NA1_5498309270,432,Bard,100,UTILITY,True,3,4,24
NA1_5498309270,98,Shen,200,TOP,False,6,6,2
NA1_5498309270,126,Jayce,200,JUNGLE,False,5,11,8
NA1_5498309270,34,Anivia,200,MIDDLE,False,0,9,3
NA1_5498309270,202,Jhin,200,BOTTOM,False,8,8,3
NA1_5498309270,43,Karma,200,UTILITY,False,0,9,15
NA1_5485672575,114,Fiora,100,TOP,True,8,4,5
NA1_5485672575,104,Graves,100,JUNGLE,True,8,4,5
NA1_5485672575,85,Kennen,100,MIDDLE,True,7,4,0
NA1_5485672575,147,Seraphine,100,BOTTOM,True,4,5,17
NA1_5485672575,35,Shaco,100,UTILITY,True,5,5,15
NA1_5485672575,904,Zaahen,200,TOP,False,2,7,1
NA1_5485672575,121,Khazix,200,JUNGLE,False,7,6,5
NA1_5485672575,887,Gwen,200,MIDDLE,False,6,3,0
NA1_5485672575,360,Samira,200,BOTTOM,False,6,8,1
NA1_5485672575,555,Pyke,200,UTILITY,False,1,8,9
NA1_5503459414,420,Illaoi,100,TOP,False,3,9,3
NA1_5503459414,5,XinZhao,100,JUNGLE,False,4,11,9
NA1_5503459414,777,Yone,100,MIDDLE,False,13,5,5
NA1_5503459414,81,Ezreal,100,BOTTOM,False,6,8,4
NA1_5503459414,43,Karma,100,UTILITY,False,0,8,15
NA1_5503459414,126,Jayce,200,TOP,True,14,7,5
NA1_5503459414,98,Shen,200,JUNGLE,True,6,3,24
NA1_5503459414,13,Ryze,200,MIDDLE,True,9,4,19
NA1_5503459414,50,Swain,200,BOTTOM,True,9,7,16
NA1_5503459414,412,Thresh,200,UTILITY,True,3,5,30
NA1_5518714621,41,Gangplank,100,TOP,False,4,9,6
NA1_5518714621,107,Rengar,100,JUNGLE,False,9,13,5
NA1_5518714621,245,Ekko,100,MIDDLE,False,7,8,0
NA1_5518714621,145,Kaisa,100,BOTTOM,False,3,8,4
NA1_5518714621,432,Bard,100,UTILITY,False,0,8,14
NA1_5518714621,266,Aatrox,200,TOP,True,5,5,15
NA1_5518714621,234,Viego,200,JUNGLE,True,14,5,13
NA1_5518714621,127,Lissandra,200,MIDDLE,True,9,3,11
NA1_5518714621,202,Jhin,200,BOTTOM,True,14,5,10
NA1_5518714621,161,Velkoz,200,UTILITY,True,4,5,17
NA1_5493621833,85,Kennen,100,TOP,True,1,9,1
NA1_5493621833,62,MonkeyKing,100,JUNGLE,True,7,1,5
NA1_5493621833,50,Swain,100,MIDDLE,True,7,1,9
NA1_5493621833,901,Smolder,100,BOTTOM,True,6,6,7
NA1_5493621833,16,Soraka,100,UTILITY,True,0,3,16
NA1_5493621833,6,Urgot,200,TOP,False,2,3,3
NA1_5493621833,59,JarvanIV,200,JUNGLE,False,3,5,7
NA1_5493621833,38,Kassadin,200,MIDDLE,False,5,4,2
NA1_5493621833,202,Jhin,200,BOTTOM,False,5,3,8
NA1_5493621833,555,Pyke,200,UTILITY,False,5,6,4
NA1_5504474077,48,Trundle,100,TOP,True,5,6,2
NA1_5504474077,24,Jax,100,JUNGLE,True,7,3,5
NA1_5504474077,777,Yone,100,MIDDLE,True,4,6,3
NA1_5504474077,804,Yunara,100,BOTTOM,True,4,6,2
NA1_5504474077,902,Milio,100,UTILITY,True,1,2,11
NA1_5504474077,86,Garen,200,TOP,False,5,4,2
NA1_5504474077,104,Graves,200,JUNGLE,False,6,4,9
NA1_5504474077,910,Hwei,200,MIDDLE,False,4,5,5
NA1_5504474077,81,Ezreal,200,BOTTOM,False,8,3,2
NA1_5504474077,16,Soraka,200,UTILITY,False,0,5,17
NA1_5519511642,48,Trundle,100,TOP,False,1,8,2
NA1_5519511642,56,Nocturne,100,JUNGLE,False,4,7,2
NA1_5519511642,63,Brand,100,MIDDLE,False,4,5,4
NA1_5519511642,523,Aphelios,100,BOTTOM,False,2,11,3
NA1_5519511642,432,Bard,100,UTILITY,False,2,4,6
NA1_5519511642,58,Renekton,200,TOP,True,7,1,6
NA1_5519511642,121,Khazix,200,JUNGLE,True,14,3,7
NA1_5519511642,893,Aurora,200,MIDDLE,True,5,2,6
NA1_5519511642,81,Ezreal,200,BOTTOM,True,9,2,6
NA1_5519511642,37,Sona,200,UTILITY,True,0,5,24
NA1_5495052867,68,Rumble,100,TOP,True,4,7,6
NA1_5495052867,11,MasterYi,100,JUNGLE,True,15,6,5
NA1_5495052867,127,Lissandra,100,MIDDLE,True,10,9,13
NA1_5495052867,67,Vayne,100,BOTTOM,True,11,4,11
NA1_5495052867,44,Taric,100,UTILITY,True,5,4,21
NA1_5495052867,23,Tryndamere,200,TOP,False,8,6,5
NA1_5495052867,887,Gwen,200,JUNGLE,False,9,6,5
NA1_5495052867,246,Qiyana,200,MIDDLE,False,3,12,10
NA1_5495052867,145,Kaisa,200,BOTTOM,False,3,10,5
NA1_5495052867,80,Pantheon,200,UTILITY,False,6,12,5
NA1_5486710924,150,Gnar,100,TOP,False,7,7,9
NA1_5486710924,107,Rengar,100,JUNGLE,False,7,10,10
NA1_5486710924,950,Naafiri,100,MIDDLE,False,5,12,10
NA1_5486710924,523,Aphelios,100,BOTTOM,False,10,8,8
NA1_5486710924,267,Nami,100,UTILITY,False,1,9,17
NA1_5486710924,106,Volibear,200,TOP,True,3,9,10
NA1_5486710924,141,Kayn,200,JUNGLE,True,13,7,14
NA1_5486710924,38,Kassadin,200,MIDDLE,True,19,3,14
NA1_5486710924,222,Jinx,200,BOTTOM,True,11,6,13
NA1_5486710924,201,Braum,200,UTILITY,True,0,5,30
NA1_5499716073,107,Rengar,100,TOP,False,8,10,2
NA1_5499716073,35,Shaco,100,JUNGLE,False,8,4,12
NA1_5499716073,246,Qiyana,100,MIDDLE,False,9,8,6
NA1_5499716073,222,Jinx,100,BOTTOM,False,1,6,11
NA1_5499716073,147,Seraphine,100,UTILITY,False,1,6,12
NA1_5499716073,23,Tryndamere,200,TOP,True,14,6,4
NA1_5499716073,104,Graves,200,JUNGLE,True,12,6,6
NA1_5499716073,112,Viktor,200,MIDDLE,True,4,7,6
NA1_5499716073,800,Mel,200,BOTTOM,True,4,3,11
NA1_5499716073,43,Karma,200,UTILITY,True,0,5,13
NA1_5481142009,58,Renekton,100,TOP,True,7,5,7
NA1_5481142009,107,Rengar,100,JUNGLE,True,12,8,14
NA1_5481142009,61,Orianna,100,MIDDLE,True,11,9,19
NA1_5481142009,221,Zeri,100,BOTTOM,True,11,7,6
NA1_5481142009,43,Karma,100,UTILITY,True,1,6,23
NA1_5481142009,799,Ambessa,200,TOP,False,9,7,5
NA1_5481142009,62,MonkeyKing,200,JUNGLE,False,11,8,10
NA1_5481142009,84,Akali,200,MIDDLE,False,9,13,9
NA1_5481142009,51,Caitlyn,200,BOTTOM,False,6,6,7
NA1_5481142009,26,Zilean,200,UTILITY,False,0,8,20
NA1_5487644608,887,Gwen,100,TOP,True,5,5,5
NA1_5487644608,104,Graves,100,JUNGLE,True,4,2,6
NA1_5487644608,92,Riven,100,MIDDLE,True,9,4,4
NA1_5487644608,523,Aphelios,100,BOTTOM,True,5,7,2
NA1_5487644608,16,Soraka,100,UTILITY,True,0,3,13
NA1_5487644608,799,Ambessa,200,TOP,False,4,4,4
NA1_5487644608,234,Viego,200,JUNGLE,False,5,6,5
NA1_5487644608,55,Katarina,200,MIDDLE,False,7,4,5
NA1_5487644608,42,Corki,200,BOTTOM,False,5,5,1
NA1_5487644608,111,Nautilus,200,UTILITY,False,0,4,9
NA1_5507990761,266,Aatrox,100,TOP,True,15,2,5
NA1_5507990761,203,Kindred,100,JUNGLE,True,9,4,6
NA1_5507990761,4,TwistedFate,100,MIDDLE,True,4,3,11
NA1_5507990761,21,MissFortune,100,BOTTOM,True,6,6,7
NA1_5507990761,43,Karma,100,UTILITY,True,1,6,16
NA1_5507990761,107,Rengar,200,TOP,False,5,9,2
NA1_5507990761,427,Ivern,200,JUNGLE,False,1,7,5
NA1_5507990761,8,Vladimir,200,MIDDLE,False,9,4,4
NA1_5507990761,804,Yunara,200,BOTTOM,False,5,9,6
NA1_5507990761,201,Braum,200,UTILITY,False,0,6,15
NA1_5507011376,2,Olaf,100,TOP,False,4,10,3
NA1_5507011376,91,Talon,100,JUNGLE,False,3,9,3
NA1_5507011376,90,Malzahar,100,MIDDLE,False,0,7,4
NA1_5507011376,22,Ashe,100,BOTTOM,False,5,12,2
NA1_5507011376,267,Nami,100,UTILITY,False,0,9,8
NA1_5507011376,36,DrMundo,200,TOP,True,6,1,9
NA1_5507011376,143,Zyra,200,JUNGLE,True,11,1,7
NA1_5507011376,157,Yasuo,200,MIDDLE,True,14,5,4
NA1_5507011376,145,Kaisa,200,BOTTOM,True,13,2,10
NA1_5507011376,412,Thresh,200,UTILITY,True,3,3,23
NA1_5470430878,904,Zaahen,100,TOP,False,0,13,9
NA1_5470430878,126,Jayce,100,JUNGLE,False,9,11,14
NA1_5470430878,131,Diana,100,MIDDLE,False,14,9,13
NA1_5470430878,119,Draven,100,BOTTOM,False,13,7,10
NA1_5470430878,267,Nami,100,UTILITY,False,4,7,25
NA1_5470430878,8,Vladimir,200,TOP,True,13,4,12
NA1_5470430878,107,Rengar,200,JUNGLE,True,13,10,9
NA1_5470430878,39,Irelia,200,MIDDLE,True,9,15,13
NA1_5470430878,901,Smolder,200,BOTTOM,True,11,7,12
NA1_5470430878,43,Karma,200,UTILITY,True,1,5,25
NA1_5503799682,114,Fiora,100,TOP,True,9,2,4
NA1_5503799682,200,Belveth,100,JUNGLE,True,8,4,2
NA1_5503799682,134,Syndra,100,MIDDLE,True,6,7,4
NA1_5503799682,498,Xayah,100,BOTTOM,True,2,3,6
NA1_5503799682,117,Lulu,100,UTILITY,True,1,4,10
NA1_5503799682,799,Ambessa,200,TOP,False,1,10,1
NA1_5503799682,234,Viego,200,JUNGLE,False,4,4,6
NA1_5503799682,34,Anivia,200,MIDDLE,False,7,2,0
NA1_5503799682,221,Zeri,200,BOTTOM,False,5,6,5
NA1_5503799682,526,Rell,200,UTILITY,False,3,4,9
NA1_5470284583,86,Garen,100,TOP,True,10,3,10
NA1_5470284583,121,Khazix,100,JUNGLE,True,17,2,2
NA1_5470284583,26,Zilean,100,MIDDLE,True,0,1,14
NA1_5470284583,222,Jinx,100,BOTTOM,True,3,1,9
NA1_5470284583,902,Milio,100,UTILITY,True,0,1,19
NA1_5470284583,41,Gangplank,200,TOP,False,4,8,1
NA1_5470284583,131,Diana,200,JUNGLE,False,1,6,1
NA1_5470284583,157,Yasuo,200,MIDDLE,False,1,6,0
NA1_5470284583,51,Caitlyn,200,BOTTOM,False,2,5,2
NA1_5470284583,147,Seraphine,200,UTILITY,False,0,5,3
NA1_5490344877,54,Malphite,100,TOP,True,5,6,11
NA1_5490344877,91,Talon,100,JUNGLE,True,25,10,17
NA1_5490344877,103,Ahri,100,MIDDLE,True,12,5,11
NA1_5490344877,901,Smolder,100,BOTTOM,True,17,10,14
NA1_5490344877,902,Milio,100,UTILITY,True,3,9,31
NA1_5490344877,82,Mordekaiser,200,TOP,False,7,9,7
NA1_5490344877,950,Naafiri,200,JUNGLE,False,8,15,8
NA1_5490344877,166,Akshan,200,MIDDLE,False,14,11,11
NA1_5490344877,110,Varus,200,BOTTOM,False,11,12,9
NA1_5490344877,63,Brand,200,UTILITY,False,0,15,18
NA1_5494384630,904,Zaahen,100,TOP,True,12,5,12
NA1_5494384630,11,MasterYi,100,JUNGLE,True,9,8,9
NA1_5494384630,99,Lux,100,MIDDLE,True,4,5,15
NA1_5494384630,202,Jhin,100,BOTTOM,True,13,2,12
NA1_5494384630,518,Neeko,100,UTILITY,True,3,3,16
NA1_5494384630,777,Yone,200,TOP,False,7,11,4
NA1_5494384630,120,Hecarim,200,JUNGLE,False,11,8,4
NA1_5494384630,112,Viktor,200,MIDDLE,False,2,7,4
NA1_5494384630,119,Draven,200,BOTTOM,False,1,10,5
NA1_5494384630,497,Rakan,200,UTILITY,False,2,5,7
NA1_5503734039,79,Gragas,100,TOP,True,5,10,7
NA1_5503734039,799,Ambessa,100,JUNGLE,True,8,8,13
NA1_5503734039,103,Ahri,100,MIDDLE,True,6,3,10
NA1_5503734039,360,Samira,100,BOTTOM,True,14,6,4
NA1_5503734039,888,Renata,100,UTILITY,True,0,5,23
NA1_5503734039,114,Fiora,200,TOP,False,8,10,6
NA1_5503734039,104,Graves,200,JUNGLE,False,10,7,3
NA1_5503734039,105,Fizz,200,MIDDLE,False,8,3,4
NA1_5503734039,901,Smolder,200,BOTTOM,False,4,6,9
NA1_5503734039,89,Leona,200,UTILITY,False,1,7,11
NA1_5493498203,98,Shen,100,TOP,True,2,3,13
NA1_5493498203,60,Elise,100,JUNGLE,True,11,4,8
NA1_5493498203,42,Corki,100,MIDDLE,True,9,8,8
NA1_5493498203,222,Jinx,100,BOTTOM,True,11,3,7
NA1_5493498203,32,Amumu,100,UTILITY,True,0,4,16
NA1_5493498203,67,Vayne,200,TOP,False,1,7,4
NA1_5493498203,120,Hecarim,200,JUNGLE,False,7,8,10
NA1_5493498203,887,Gwen,200,MIDDLE,False,9,7,4
NA1_5493498203,236,Lucian,200,BOTTOM,False,4,5,3
NA1_5493498203,267,Nami,200,UTILITY,False,1,6,13
NA1_5485786770,92,Riven,100,TOP,False,4,5,2
NA1_5485786770,799,Ambessa,100,JUNGLE,False,2,5,7
NA1_5485786770,142,Zoe,100,MIDDLE,False,3,9,1
NA1_5485786770,804,Yunara,100,BOTTOM,False,3,6,3
NA1_5485786770,37,Sona,100,UTILITY,False,2,7,6
NA1_5485786770,17,Teemo,200,TOP,True,2,3,9
NA1_5485786770,80,Pantheon,200,JUNGLE,True,12,1,10
NA1_5485786770,112,Viktor,200,MIDDLE,True,4,3,11
NA1_5485786770,222,Jinx,200,BOTTOM,True,12,5,8
NA1_5485786770,16,Soraka,200,UTILITY,True,2,2,16
NA1_5495073116,106,Volibear,100,TOP,False,1,10,0
NA1_5495073116,36,DrMundo,100,JUNGLE,False,0,4,1
NA1_5495073116,34,Anivia,100,MIDDLE,False,1,4,0
NA1_5495073116,360,Samira,100,BOTTOM,False,1,1,0
NA1_5495073116,223,TahmKench,100,UTILITY,False,0,6,2
NA1_5495073116,82,Mordekaiser,200,TOP,True,6,1,4
NA1_5495073116,107,Rengar,200,JUNGLE,True,13,0,3
NA1_5495073116,157,Yasuo,200,MIDDLE,True,3,1,4
NA1_5495073116,119,Draven,200,BOTTOM,True,3,0,5
NA1_5495073116,89,Leona,200,UTILITY,True,0,1,10
NA1_5514156752,9,FiddleSticks,100,TOP,False,9,5,9
NA1_5514156752,104,Graves,100,JUNGLE,False,7,6,8
NA1_5514156752,777,Yone,100,MIDDLE,False,7,7,6
NA1_5514156752,22,Ashe,100,BOTTOM,False,4,6,7
NA1_5514156752,235,Senna,100,UTILITY,False,0,8,15
NA1_5514156752,75,Nasus,200,TOP,True,4,8,2
NA1_5514156752,131,Diana,200,JUNGLE,True,10,6,10
NA1_5514156752,246,Qiyana,200,MIDDLE,True,11,5,10
NA1_5514156752,51,Caitlyn,200,BOTTOM,True,7,6,6
NA1_5514156752,43,Karma,200,UTILITY,True,0,3,24
NA1_5502837553,238,Zed,100,TOP,False,1,7,4
NA1_5502837553,950,Naafiri,100,JUNGLE,False,3,5,5
NA1_5502837553,161,Velkoz,100,MIDDLE,False,5,7,3
NA1_5502837553,523,Aphelios,100,BOTTOM,False,3,3,1
NA1_5502837553,412,Thresh,100,UTILITY,False,0,7,7
NA1_5502837553,897,KSante,200,TOP,True,5,1,5
NA1_5502837553,9,FiddleSticks,200,JUNGLE,True,4,1,15
NA1_5502837553,777,Yone,200,MIDDLE,True,12,7,2
NA1_5502837553,45,Veigar,200,BOTTOM,True,7,0,4
NA1_5502837553,518,Neeko,200,UTILITY,True,1,4,12
NA1_5505827116,36,DrMundo,100,TOP,True,3,6,1
NA1_5505827116,120,Hecarim,100,JUNGLE,True,13,0,8
NA1_5505827116,7,Leblanc,100,MIDDLE,True,6,3,10
NA1_5505827116,523,Aphelios,100,BOTTOM,True,8,3,7
NA1_5505827116,89,Leona,100,UTILITY,True,2,2,19
NA1_5505827116,9,FiddleSticks,200,TOP,False,5,5,2
NA1_5505827116,105,Fizz,200,JUNGLE,False,4,5,1
NA1_5505827116,238,Zed,200,MIDDLE,False,2,8,4
NA1_5505827116,202,Jhin,200,BOTTOM,False,2,7,3
NA1_5505827116,412,Thresh,200,UTILITY,False,1,7,5
NA1_5510252995,875,Sett,100,TOP,False,3,7,2
NA1_5510252995,799,Ambessa,100,JUNGLE,False,5,6,1
NA1_5510252995,3,Galio,100,MIDDLE,False,2,6,3
NA1_5510252995,202,Jhin,100,BOTTOM,False,1,3,3
NA1_5510252995,432,Bard,100,UTILITY,False,0,7,8
NA1_5510252995,84,Akali,200,TOP,True,7,3,0
NA1_5510252995,254,Vi,200,JUNGLE,True,5,0,7
NA1_5510252995,34,Anivia,200,MIDDLE,True,7,4,4
NA1_5510252995,804,Yunara,200,BOTTOM,True,9,0,5
NA1_5510252995,412,Thresh,200,UTILITY,True,1,4,16
NA1_5482161114,62,MonkeyKing,100,TOP,True,2,2,2
NA1_5482161114,234,Viego,100,JUNGLE,True,7,0,9
NA1_5482161114,13,Ryze,100,MIDDLE,True,2,6,8
NA1_5482161114,147,Seraphine,100,BOTTOM,True,15,0,12
NA1_5482161114,497,Rakan,100,UTILITY,True,1,0,24
NA1_5482161114,804,Yunara,200,TOP,False,1,2,1
NA1_5482161114,78,Poppy,200,JUNGLE,False,0,2,4
NA1_5482161114,39,Irelia,200,MIDDLE,False,6,3,1
NA1_5482161114,136,AurelionSol,200,BOTTOM,False,0,13,1
NA1_5482161114,201,Braum,200,UTILITY,False,1,7,0
NA1_5507762172,266,Aatrox,100,TOP,True,6,4,8
NA1_5507762172,120,Hecarim,100,JUNGLE,True,13,3,10
NA1_5507762172,45,Veigar,100,MIDDLE,True,8,0,11
NA1_5507762172,67,Vayne,100,BOTTOM,True,3,6,6
NA1_5507762172,57,Maokai,100,UTILITY,True,3,2,15
NA1_5507762172,27,Singed,200,TOP,False,2,9,1
NA1_5507762172,104,Graves,200,JUNGLE,False,2,8,8
NA1_5507762172,157,Yasuo,200,MIDDLE,False,6,6,2
NA1_5507762172,50,Swain,200,BOTTOM,False,3,6,7
NA1_5507762172,26,Zilean,200,UTILITY,False,2,4,7
NA1_5498908284,58,Renekton,100,TOP,True,7,4,6
NA1_5498908284,104,Graves,100,JUNGLE,True,11,5,10
NA1_5498908284,55,Katarina,100,MIDDLE,True,9,9,7
NA1_5498908284,145,Kaisa,100,BOTTOM,True,12,5,7
NA1_5498908284,111,Nautilus,100,UTILITY,True,2,5,18
NA1_5498908284,897,KSante,200,TOP,False,3,6,3
NA1_5498908284,121,Khazix,200,JUNGLE,False,7,10,5
NA1_5498908284,800,Mel,200,MIDDLE,False,8,8,4
NA1_5498908284,22,Ashe,200,BOTTOM,False,5,8,8
NA1_5498908284,497,Rakan,200,UTILITY,False,5,9,11
NA1_5505436918,41,Gangplank,100,TOP,True,3,7,12
NA1_5505436918,245,Ekko,100,JUNGLE,True,16,2,6
NA1_5505436918,105,Fizz,100,MIDDLE,True,9,5,7
NA1_5505436918,29,Twitch,100,BOTTOM,True,7,4,9
NA1_5505436918,267,Nami,100,UTILITY,True,0,2,22
NA1_5505436918,79,Gragas,200,TOP,False,4,6,7
NA1_5505436918,36,DrMundo,200,JUNGLE,False,9,7,5
NA1_5505436918,4,TwistedFate,200,MIDDLE,False,1,6,8
NA1_5505436918,134,Syndra,200,BOTTOM,False,4,10,2
NA1_5505436918,412,Thresh,200,UTILITY,False,2,7,7
NA1_5502386171,904,Zaahen,100,TOP,True,1,4,1
NA1_5502386171,517,Sylas,100,JUNGLE,True,6,3,4
NA1_5502386171,238,Zed,100,MIDDLE,True,8,6,5
NA1_5502386171,51,Caitlyn,100,BOTTOM,True,9,2,5
NA1_5502386171,412,Thresh,100,UTILITY,True,1,1,14
NA1_5502386171,41,Gangplank,200,TOP,False,4,2,7
NA1_5502386171,234,Viego,200,JUNGLE,False,8,7,2
NA1_5502386171,112,Viktor,200,MIDDLE,False,1,6,3
NA1_5502386171,110,Varus,200,BOTTOM,False,3,6,4
NA1_5502386171,40,Janna,200,UTILITY,False,0,4,8
NA1_5471238845,122,Darius,100,TOP,True,16,2,5
NA1_5471238845,59,JarvanIV,100,JUNGLE,True,1,7,16
NA1_5471238845,101,Xerath,100,MIDDLE,True,9,3,9
NA1_5471238845,901,Smolder,100,BOTTOM,True,5,7,5
NA1_5471238845,267,Nami,100,UTILITY,True,0,4,20
NA1_5471238845,31,Chogath,200,TOP,False,3,10,0
NA1_5471238845,35,Shaco,200,JUNGLE,False,9,8,6
NA1_5471238845,800,Mel,200,MIDDLE,False,10,3,6
NA1_5471238845,15,Sivir,200,BOTTOM,False,1,4,9
NA1_5471238845,40,Janna,200,UTILITY,False,0,6,14
NA1_5486629829,19,Warwick,100,TOP,False,1,3,5
NA1_5486629829,64,LeeSin,100,JUNGLE,False,6,6,6
NA1_5486629829,142,Zoe,100,MIDDLE,False,5,6,4
NA1_5486629829,81,Ezreal,100,BOTTOM,False,2,9,5
NA1_5486629829,78,Poppy,100,UTILITY,False,4,5,4
NA1_5486629829,518,Neeko,200,TOP,True,2,2,5
NA1_5486629829,234,Viego,200,JUNGLE,True,14,3,4
NA1_5486629829,4,TwistedFate,200,MIDDLE,True,3,4,9
NA1_5486629829,145,Kaisa,200,BOTTOM,True,7,5,10
NA1_5486629829,43,Karma,200,UTILITY,True,3,4,21
NA1_5486315391,777,Yone,100,TOP,True,0,6,6
NA1_5486315391,121,Khazix,100,JUNGLE,True,18,3,3
NA1_5486315391,112,Viktor,100,MIDDLE,True,5,2,2
NA1_5486315391,42,Corki,100,BOTTOM,True,5,4,9
NA1_5486315391,526,Rell,100,UTILITY,True,0,4,13
NA1_5486315391,39,Irelia,200,TOP,False,5,5,4
NA1_5486315391,131,Diana,200,JUNGLE,False,1,9,7
NA1_5486315391,61,Orianna,200,MIDDLE,False,3,2,6
NA1_5486315391,804,Yunara,200,BOTTOM,False,8,6,2
NA1_5486315391,117,Lulu,200,UTILITY,False,2,6,9
NA1_5503688547,126,Jayce,100,TOP,False,2,7,5
NA1_5503688547,91,Talon,100,JUNGLE,False,6,5,3
NA1_5503688547,45,Veigar,100,MIDDLE,False,3,9,0
NA1_5503688547,222,Jinx,100,BOTTOM,False,0,5,3
NA1_5503688547,497,Rakan,100,UTILITY,False,1,3,4
NA1_5503688547,122,Darius,200,TOP,True,4,6,1
NA1_5503688547,104,Graves,200,JUNGLE,True,11,2,5
NA1_5503688547,142,Zoe,200,MIDDLE,True,6,1,4
NA1_5503688547,81,Ezreal,200,BOTTOM,True,5,1,3
NA1_5503688547,101,Xerath,200,UTILITY,True,3,2,14
NA1_5496580898,41,Gangplank,100,TOP,True,20,7,11
NA1_5496580898,427,Ivern,100,JUNGLE,True,5,4,31
NA1_5496580898,84,Akali,100,MIDDLE,True,8,4,12
NA1_5496580898,360,Samira,100,BOTTOM,True,17,4,8
NA1_5496580898,43,Karma,100,UTILITY,True,2,6,29
NA1_5496580898,79,Gragas,200,TOP,False,1,12,4
NA1_5496580898,799,Ambessa,200,JUNGLE,False,11,8,10
NA1_5496580898,61,Orianna,200,MIDDLE,False,2,7,14
NA1_5496580898,30,Karthus,200,BOTTOM,False,8,14,12
NA1_5496580898,526,Rell,200,UTILITY,False,3,11,16
NA1_5501275095,6,Urgot,100,TOP,True,10,1,6
NA1_5501275095,887,Gwen,100,JUNGLE,True,4,7,14
NA1_5501275095,711,Vex,100,MIDDLE,True,9,5,13
NA1_5501275095,910,Hwei,100,BOTTOM,True,10,4,9
NA1_5501275095,432,Bard,100,UTILITY,True,4,5,26
NA1_5501275095,777,Yone,200,TOP,False,2,7,3
NA1_5501275095,91,Talon,200,JUNGLE,False,6,9,11
NA1_5501275095,134,Syndra,200,MIDDLE,False,7,6,5
NA1_5501275095,103,Ahri,200,BOTTOM,False,5,7,4
NA1_5501275095,44,Taric,200,UTILITY,False,2,8,14
NA1_5498536694,266,Aatrox,100,TOP,False,7,9,10
NA1_5498536694,68,Rumble,100,JUNGLE,False,8,6,15
NA1_5498536694,238,Zed,100,MIDDLE,False,13,10,4
NA1_5498536694,81,Ezreal,100,BOTTOM,False,9,8,6
NA1_5498536694,427,Ivern,100,UTILITY,False,1,10,17
NA1_5498536694,777,Yone,200,TOP,True,12,9,7
NA1_5498536694,143,Zyra,200,JUNGLE,True,3,5,20
NA1_5498536694,157,Yasuo,200,MIDDLE,True,13,8,9
NA1_5498536694,22,Ashe,200,BOTTOM,True,11,9,13
NA1_5498536694,37,Sona,200,UTILITY,True,4,7,24
NA1_5499892572,8,Vladimir,100,TOP,False,3,9,5
NA1_5499892572,35,Shaco,100,JUNGLE,False,2,3,5
NA1_5499892572,96,KogMaw,100,MIDDLE,False,8,4,2
NA1_5499892572,202,Jhin,100,BOTTOM,False,2,8,7
NA1_5499892572,267,Nami,100,UTILITY,False,3,6,6
NA1_5499892572,92,Riven,200,TOP,True,7,7,4
NA1_5499892572,246,Qiyana,200,JUNGLE,True,8,1,3
NA1_5499892572,103,Ahri,200,MIDDLE,True,9,1,3
NA1_5499892572,50,Swain,200,BOTTOM,True,2,8,12
NA1_5499892572,43,Karma,200,UTILITY,True,4,2,15
NA1_5512818469,113,Sejuani,100,TOP,True,6,1,11
NA1_5512818469,76,Nidalee,100,JUNGLE,True,18,5,13
NA1_5512818469,91,Talon,100,MIDDLE,True,8,3,9
NA1_5512818469,81,Ezreal,100,BOTTOM,True,6,4,10
NA1_5512818469,57,Maokai,100,UTILITY,True,1,3,24
NA1_5512818469,516,Ornn,200,TOP,False,0,5,2
NA1_5512818469,517,Sylas,200,JUNGLE,False,4,8,5
NA1_5512818469,777,Yone,200,MIDDLE,False,4,8,5
NA1_5512818469,360,Samira,200,BOTTOM,False,5,9,3
NA1_5512818469,412,Thresh,200,UTILITY,False,3,9,9
NA1_5506342843,266,Aatrox,100,TOP,True,6,3,5
NA1_5506342843,904,Zaahen,100,JUNGLE,True,11,4,11
NA1_5506342843,91,Talon,100,MIDDLE,True,7,4,8
NA1_5506342843,81,Ezreal,100,BOTTOM,True,7,3,8
NA1_5506342843,26,Zilean,100,UTILITY,True,1,6,14
NA1_5506342843,897,KSante,200,TOP,False,0,5,4
NA1_5506342843,64,LeeSin,200,JUNGLE,False,7,8,4
NA1_5506342843,517,Sylas,200,MIDDLE,False,6,7,3
NA1_5506342843,221,Zeri,200,BOTTOM,False,3,3,3
NA1_5506342843,127,Lissandra,200,UTILITY,False,4,9,12
NA1_5500738846,58,Renekton,100,TOP,False,4,6,3
NA1_5500738846,143,Zyra,100,JUNGLE,False,3,8,8
NA1_5500738846,3,Galio,100,MIDDLE,False,3,3,5
NA1_5500738846,221,Zeri,100,BOTTOM,False,12,9,1
NA1_5500738846,350,Yuumi,100,UTILITY,False,0,8,15
NA1_5500738846,150,Gnar,200,TOP,True,4,6,7
NA1_5500738846,60,Elise,200,JUNGLE,True,8,2,7
NA1_5500738846,777,Yone,200,MIDDLE,True,9,4,4
NA1_5500738846,29,Twitch,200,BOTTOM,True,11,4,13
NA1_5500738846,111,Nautilus,200,UTILITY,True,2,6,20
NA1_5498124338,54,Malphite,100,TOP,True,2,4,9
NA1_5498124338,9,FiddleSticks,100,JUNGLE,True,4,1,9
NA1_5498124338,84,Akali,100,MIDDLE,True,10,2,1
NA1_5498124338,360,Samira,100,BOTTOM,True,8,0,3
NA1_5498124338,25,Morgana,100,UTILITY,True,0,1,16
NA1_5498124338,36,DrMundo,200,TOP,False,3,3,2
NA1_5498124338,126,Jayce,200,JUNGLE,False,0,5,3
NA1_5498124338,101,Xerath,200,MIDDLE,False,2,2,2
NA1_5498124338,804,Yunara,200,BOTTOM,False,2,7,2
NA1_5498124338,26,Zilean,200,UTILITY,False,1,7,4
NA1_5488539607,23,Tryndamere,100,TOP,True,1,0,2
NA1_5488539607,121,Khazix,100,JUNGLE,True,1,1,6
NA1_5488539607,92,Riven,100,MIDDLE,True,12,0,4
NA1_5488539607,157,Yasuo,100,BOTTOM,True,5,4,2
NA1_5488539607,526,Rell,100,UTILITY,True,2,2,10
NA1_5488539607,79,Gragas,200,TOP,False,0,0,0
NA1_5488539607,77,Udyr,200,JUNGLE,False,1,6,3
NA1_5488539607,238,Zed,200,MIDDLE,False,0,8,0
NA1_5488539607,29,Twitch,200,BOTTOM,False,3,4,4
NA1_5488539607,350,Yuumi,200,UTILITY,False,3,3,4
NA1_5495970938,240,Kled,100,TOP,True,7,9,14
NA1_5495970938,17,Teemo,100,JUNGLE,True,9,3,12
NA1_5495970938,103,Ahri,100,MIDDLE,True,3,5,10
NA1_5495970938,42,Corki,100,BOTTOM,True,10,3,9
NA1_5495970938,902,Milio,100,UTILITY,True,0,5,19
NA1_5495970938,150,Gnar,200,TOP,False,6,7,7
NA1_5495970938,104,Graves,200,JUNGLE,False,3,8,11
NA1_5495970938,163,Taliyah,200,MIDDLE,False,10,5,10
NA1_5495970938,22,Ashe,200,BOTTOM,False,5,2,11
NA1_5495970938,89,Leona,200,UTILITY,False,1,7,12
NA1_5506379672,98,Shen,100,TOP,False,9,9,14
NA1_5506379672,35,Shaco,100,JUNGLE,False,13,4,14
NA1_5506379672,238,Zed,100,MIDDLE,False,12,7,13
NA1_5506379672,145,Kaisa,100,BOTTOM,False,11,7,13
NA1_5506379672,111,Nautilus,100,UTILITY,False,0,8,29
NA1_5506379672,82,Mordekaiser,200,TOP,True,18,6,7
NA1_5506379672,92,Riven,200,JUNGLE,True,6,9,13
NA1_5506379672,134,Syndra,200,MIDDLE,True,3,5,14
NA1_5506379672,804,Yunara,200,BOTTOM,True,8,13,14
NA1_5506379672,201,Braum,200,UTILITY,True,0,12,25
NA1_5490945600,85,Kennen,100,TOP,True,5,1,11
NA1_5490945600,799,Ambessa,100,JUNGLE,True,10,2,16
NA1_5490945600,92,Riven,100,MIDDLE,True,13,6,5
NA1_5490945600,901,Smolder,100,BOTTOM,True,18,4,11
NA1_5490945600,412,Thresh,100,UTILITY,True,2,10,20
NA1_5490945600,800,Mel,200,TOP,False,6,7,1
NA1_5490945600,234,Viego,200,JUNGLE,False,2,8,10
NA1_5490945600,31,Chogath,200,MIDDLE,False,2,9,5
NA1_5490945600,143,Zyra,200,BOTTOM,False,10,11,9
NA1_5490945600,235,Senna,200,UTILITY,False,3,13,13
NA1_5501043298,897,KSante,100,TOP,True,6,7,14
NA1_5501043298,887,Gwen,100,JUNGLE,True,16,9,8
NA1_5501043298,799,Ambessa,100,MIDDLE,True,7,14,7
NA1_5501043298,800,Mel,100,BOTTOM,True,13,9,3
NA1_5501043298,37,Sona,100,UTILITY,True,2,6,24
NA1_5501043298,2,Olaf,200,TOP,False,11,9,4
NA1_5501043298,126,Jayce,200,JUNGLE,False,8,8,9
NA1_5501043298,127,Lissandra,200,MIDDLE,False,14,8,12
NA1_5501043298,115,Ziggs,200,BOTTOM,False,10,4,10
NA1_5501043298,432,Bard,200,UTILITY,False,2,16,18
NA1_5502285110,27,Singed,100,TOP,True,3,4,18
NA1_5502285110,904,Zaahen,100,JUNGLE,True,6,9,16
NA1_5502285110,893,Aurora,100,MIDDLE,True,12,6,9
NA1_5502285110,498,Xayah,100,BOTTOM,True,15,2,9
NA1_5502285110,16,Soraka,100,UTILITY,True,1,3,25
NA1_5502285110,19,Warwick,200,TOP,False,1,9,5
NA1_5502285110,113,Sejuani,200,JUNGLE,False,7,6,10
NA1_5502285110,13,Ryze,200,MIDDLE,False,11,6,6
NA1_5502285110,42,Corki,200,BOTTOM,False,5,9,7
NA1_5502285110,53,Blitzcrank,200,UTILITY,False,0,7,12
NA1_5489179134,24,Jax,100,TOP,True,14,10,7
NA1_5489179134,121,Khazix,100,JUNGLE,True,7,9,10
NA1_5489179134,157,Yasuo,100,MIDDLE,True,11,7,12
NA1_5489179134,22,Ashe,100,BOTTOM,True,11,5,9
NA1_5489179134,40,Janna,100,UTILITY,True,1,11,21
NA1_5489179134,54,Malphite,200,TOP,False,10,9,14
NA1_5489179134,106,Volibear,200,JUNGLE,False,17,8,11
NA1_5489179134,39,Irelia,200,MIDDLE,False,5,13,7
NA1_5489179134,115,Ziggs,200,BOTTOM,False,8,7,10
NA1_5489179134,902,Milio,200,UTILITY,False,1,8,26
NA1_5514216616,106,Volibear,100,TOP,True,10,3,6
NA1_5514216616,30,Karthus,100,JUNGLE,True,7,5,8
NA1_5514216616,777,Yone,100,MIDDLE,True,8,4,3
NA1_5514216616,67,Vayne,100,BOTTOM,True,7,12,6
NA1_5514216616,25,Morgana,100,UTILITY,True,4,4,12
NA1_5514216616,904,Zaahen,200,TOP,False,3,7,5
NA1_5514216616,234,Viego,200,JUNGLE,False,9,7,3
NA1_5514216616,518,Neeko,200,MIDDLE,False,5,6,4
NA1_5514216616,42,Corki,200,BOTTOM,False,8,8,9
NA1_5514216616,43,Karma,200,UTILITY,False,3,8,13
NA1_5504132625,164,Camille,100,TOP,True,6,8,3
NA1_5504132625,120,Hecarim,100,JUNGLE,True,8,4,11
NA1_5504132625,4,TwistedFate,100,MIDDLE,True,2,5,13
NA1_5504132625,18,Tristana,100,BOTTOM,True,18,7,5
NA1_5504132625,117,Lulu,100,UTILITY,True,2,4,22
NA1_5504132625,887,Gwen,200,TOP,False,3,12,5
NA1_5504132625,59,JarvanIV,200,JUNGLE,False,6,6,13
NA1_5504132625,105,Fizz,200,MIDDLE,False,10,8,5
NA1_5504132625,202,Jhin,200,BOTTOM,False,4,6,9
NA1_5504132625,37,Sona,200,UTILITY,False,5,4,11
NA1_5512209936,27,Singed,100,TOP,True,6,3,13
NA1_5512209936,234,Viego,100,JUNGLE,True,7,3,3
NA1_5512209936,245,Ekko,100,MIDDLE,True,9,2,10
NA1_5512209936,67,Vayne,100,BOTTOM,True,16,3,9
NA1_5512209936,37,Sona,100,UTILITY,True,0,7,26
NA1_5512209936,127,Lissandra,200,TOP,False,3,7,4
NA1_5512209936,131,Diana,200,JUNGLE,False,7,8,6
NA1_5512209936,157,Yasuo,200,MIDDLE,False,4,5,4
NA1_5512209936,81,Ezreal,200,BOTTOM,False,2,12,6
NA1_5512209936,267,Nami,200,UTILITY,False,2,6,7
NA1_5499456374,164,Camille,100,TOP,False,5,4,2
NA1_5499456374,120,Hecarim,100,JUNGLE,False,4,4,3
NA1_5499456374,50,Swain,100,MIDDLE,False,0,6,5
NA1_5499456374,67,Vayne,100,BOTTOM,False,4,11,3
NA1_5499456374,267,Nami,100,UTILITY,False,1,9,5
NA1_5499456374,92,Riven,200,TOP,True,5,4,2
NA1_5499456374,799,Ambessa,200,JUNGLE,True,11,3,8
NA1_5499456374,4,TwistedFate,200,MIDDLE,True,3,2,11
NA1_5499456374,81,Ezreal,200,BOTTOM,True,15,2,8
NA1_5499456374,43,Karma,200,UTILITY,True,0,3,27
NA1_5482878595,164,Camille,100,TOP,False,1,6,3
NA1_5482878595,234,Viego,100,JUNGLE,False,7,8,2
NA1_5482878595,517,Sylas,100,MIDDLE,False,4,6,1
NA1_5482878595,147,Seraphine,100,BOTTOM,False,1,7,4
NA1_5482878595,16,Soraka,100,UTILITY,False,0,6,8
NA1_5482878595,122,Darius,200,TOP,True,12,4,2
NA1_5482878595,59,JarvanIV,200,JUNGLE,True,3,3,8
NA1_5482878595,84,Akali,200,MIDDLE,True,5,2,0
NA1_5482878595,15,Sivir,200,BOTTOM,True,11,1,10
NA1_5482878595,53,Blitzcrank,200,UTILITY,True,2,3,15
NA1_5501570486,54,Malphite,100,TOP,True,2,5,8
NA1_5501570486,421,RekSai,100,JUNGLE,True,12,3,15
NA1_5501570486,103,Ahri,100,MIDDLE,True,12,2,3
NA1_5501570486,202,Jhin,100,BOTTOM,True,7,3,11
NA1_5501570486,26,Zilean,100,UTILITY,True,1,4,20
NA1_5501570486,19,Warwick,200,TOP,False,5,10,1
NA1_5501570486,91,Talon,200,JUNGLE,False,1,5,3
NA1_5501570486,7,Leblanc,200,MIDDLE,False,2,7,1
NA1_5501570486,119,Draven,200,BOTTOM,False,8,7,2
NA1_5501570486,555,Pyke,200,UTILITY,False,1,5,8
NA1_5504025418,164,Camille,100,TOP,False,6,15,4
NA1_5504025418,5,XinZhao,100,JUNGLE,False,6,7,16
NA1_5504025418,3,Galio,100,MIDDLE,False,2,8,10
NA1_5504025418,222,Jinx,100,BOTTOM,False,20,8,5
NA1_5504025418,201,Braum,100,UTILITY,False,1,7,23
NA1_5504025418,133,Quinn,200,TOP,True,20,3,15
NA1_5504025418,200,Belveth,200,JUNGLE,True,9,7,8
NA1_5504025418,4,TwistedFate,200,MIDDLE,True,5,6,21
NA1_5504025418,804,Yunara,200,BOTTOM,True,11,9,15
NA1_5504025418,117,Lulu,200,UTILITY,True,0,10,26
NA1_5484620505,98,Shen,100,TOP,True,6,1,11
NA1_5484620505,245,Ekko,100,JUNGLE,True,15,2,4
NA1_5484620505,55,Katarina,100,MIDDLE,True,9,3,9
NA1_5484620505,202,Jhin,100,BOTTOM,True,7,4,17
NA1_5484620505,555,Pyke,100,UTILITY,True,7,3,21
NA1_5484620505,266,Aatrox,200,TOP,False,0,7,1
NA1_5484620505,517,Sylas,200,JUNGLE,False,2,13,3
NA1_5484620505,238,Zed,200,MIDDLE,False,4,9,0
NA1_5484620505,147,Seraphine,200,BOTTOM,False,3,7,8
NA1_5484620505,235,Senna,200,UTILITY,False,4,8,4
NA1_5506356077,57,Maokai,100,TOP,False,0,2,1
NA1_5506356077,104,Graves,100,JUNGLE,False,1,3,1
NA1_5506356077,777,Yone,100,MIDDLE,False,1,7,1
NA1_5506356077,81,Ezreal,100,BOTTOM,False,1,3,1
NA1_5506356077,101,Xerath,100,UTILITY,False,2,9,0
NA1_5506356077,904,Zaahen,200,TOP,True,2,0,0
NA1_5506356077,24,Jax,200,JUNGLE,True,6,0,4
NA1_5506356077,163,Taliyah,200,MIDDLE,True,5,3,6
NA1_5506356077,157,Yasuo,200,BOTTOM,True,9,2,2
NA1_5506356077,40,Janna,200,UTILITY,True,2,0,15
NA1_5499881365,875,Sett,100,TOP,True,6,1,6
NA1_5499881365,517,Sylas,100,JUNGLE,True,12,3,9
NA1_5499881365,777,Yone,100,MIDDLE,True,4,1,9
NA1_5499881365,145,Kaisa,100,BOTTOM,True,3,4,8
NA1_5499881365,267,Nami,100,UTILITY,True,0,1,17
NA1_5499881365,26,Zilean,200,TOP,False,2,3,1
NA1_5499881365,121,Khazix,200,JUNGLE,False,1,7,5
NA1_5499881365,39,Irelia,200,MIDDLE,False,1,7,1
NA1_5499881365,22,Ashe,200,BOTTOM,False,4,4,2
NA1_5499881365,902,Milio,200,UTILITY,False,2,4,6
NA1_5506300638,75,Nasus,100,TOP,True,7,7,7
NA1_5506300638,120,Hecarim,100,JUNGLE,True,20,7,9
NA1_5506300638,157,Yasuo,100,MIDDLE,True,14,7,5
NA1_5506300638,236,Lucian,100,BOTTOM,True,6,9,10
NA1_5506300638,412,Thresh,100,UTILITY,True,3,9,30
NA1_5506300638,81,Ezreal,200,TOP,False,9,8,5
NA1_5506300638,110,Varus,200,JUNGLE,False,13,12,10
NA1_5506300638,222,Jinx,200,MIDDLE,False,6,9,12
NA1_5506300638,15,Sivir,200,BOTTOM,False,8,9,12
NA1_5506300638,432,Bard,200,UTILITY,False,3,12,19
NA1_5511435078,83,Yorick,100,TOP,True,12,1,2
NA1_5511435078,35,Shaco,100,JUNGLE,True,7,1,6
NA1_5511435078,163,Taliyah,100,MIDDLE,True,9,8,6
NA1_5511435078,67,Vayne,100,BOTTOM,True,7,3,7
NA1_5511435078,117,Lulu,100,UTILITY,True,0,3,13
NA1_5511435078,110,Varus,200,TOP,False,2,11,0
NA1_5511435078,234,Viego,200,JUNGLE,False,2,6,6
NA1_5511435078,875,Sett,200,MIDDLE,False,6,8,2
NA1_5511435078,18,Tristana,200,BOTTOM,False,2,5,4
NA1_5511435078,143,Zyra,200,UTILITY,False,4,5,7
NA1_5482191705,41,Gangplank,100,TOP,False,6,11,8
NA1_5482191705,246,Qiyana,100,JUNGLE,False,12,11,7
NA1_5482191705,99,Lux,100,MIDDLE,False,6,10,9
NA1_5482191705,136,AurelionSol,100,BOTTOM,False,1,11,8
NA1_5482191705,16,Soraka,100,UTILITY,False,0,7,18
NA1_5482191705,516,Ornn,200,TOP,True,9,3,9
NA1_5482191705,203,Kindred,200,JUNGLE,True,22,7,8
NA1_5482191705,127,Lissandra,200,MIDDLE,True,4,4,12
NA1_5482191705,147,Seraphine,200,BOTTOM,True,11,4,18
NA1_5482191705,235,Senna,200,UTILITY,True,4,7,21
NA1_5510599590,110,Varus,100,TOP,False,5,1,0
NA1_5510599590,104,Graves,100,JUNGLE,False,2,5,3
NA1_5510599590,55,Katarina,100,MIDDLE,False,2,1,1
NA1_5510599590,63,Brand,100,BOTTOM,False,1,6,1
NA1_5510599590,12,Alistar,100,UTILITY,False,0,4,5
NA1_5510599590,799,Ambessa,200,TOP,True,2,3,3
NA1_5510599590,131,Diana,200,JUNGLE,True,7,2,4
NA1_5510599590,157,Yasuo,200,MIDDLE,True,2,1,5
NA1_5510599590,800,Mel,200,BOTTOM,True,5,4,1
NA1_5510599590,267,Nami,200,UTILITY,True,1,0,12
NA1_5498705276,164,Camille,100,TOP,True,6,7,6
NA1_5498705276,17,Teemo,100,JUNGLE,True,9,4,12
NA1_5498705276,103,Ahri,100,MIDDLE,True,15,6,8
NA1_5498705276,81,Ezreal,100,BOTTOM,True,5,4,12
NA1_5498705276,497,Rakan,100,UTILITY,True,0,5,20
NA1_5498705276,79,Gragas,200,TOP,False,3,5,5
NA1_5498705276,105,Fizz,200,JUNGLE,False,7,8,8
NA1_5498705276,157,Yasuo,200,MIDDLE,False,12,9,8
NA1_5498705276,235,Senna,200,BOTTOM,False,2,7,9
NA1_5498705276,26,Zilean,200,UTILITY,False,2,6,11
NA1_5517160800,14,Sion,100,TOP,False,1,12,2
NA1_5517160800,904,Zaahen,100,JUNGLE,False,1,10,5
NA1_5517160800,142,Zoe,100,MIDDLE,False,12,7,1
NA1_5517160800,42,Corki,100,BOTTOM,False,3,4,4
NA1_5517160800,267,Nami,100,UTILITY,False,1,6,3
NA1_5517160800,126,Jayce,200,TOP,True,13,4,5
NA1_5517160800,120,Hecarim,200,JUNGLE,True,12,2,11
NA1_5517160800,45,Veigar,200,MIDDLE,True,5,7,3
NA1_5517160800,222,Jinx,200,BOTTOM,True,7,1,4
NA1_5517160800,16,Soraka,200,UTILITY,True,2,4,18
NA1_5519445205,266,Aatrox,100,TOP,False,0,6,0
NA1_5519445205,126,Jayce,100,JUNGLE,False,4,5,3
NA1_5519445205,84,Akali,100,MIDDLE,False,4,6,1
NA1_5519445205,350,Yuumi,100,BOTTOM,False,1,1,6
NA1_5519445205,37,Sona,100,UTILITY,False,1,3,7
NA1_5519445205,23,Tryndamere,200,TOP,True,4,0,2
NA1_5519445205,91,Talon,200,JUNGLE,True,2,2,4
NA1_5519445205,246,Qiyana,200,MIDDLE,True,2,2,5
NA1_5519445205,429,Kalista,200,BOTTOM,True,12,3,1
NA1_5519445205,111,Nautilus,200,UTILITY,True,1,3,12
NA1_5488662821,69,Cassiopeia,100,TOP,False,7,10,6
NA1_5488662821,122,Darius,100,JUNGLE,False,6,6,5
NA1_5488662821,42,Corki,100,MIDDLE,False,2,7,7
NA1_5488662821,133,Quinn,100,BOTTOM,False,9,15,1
NA1_5488662821,63,Brand,100,UTILITY,False,4,17,11
NA1_5488662821,516,Ornn,200,TOP,True,2,7,9
NA1_5488662821,234,Viego,200,JUNGLE,True,15,4,6
NA1_5488662821,38,Kassadin,200,MIDDLE,True,14,6,4
NA1_5488662821,51,Caitlyn,200,BOTTOM,True,18,6,9
NA1_5488662821,432,Bard,200,UTILITY,True,4,5,26
NA1_5505583936,36,DrMundo,100,TOP,True,2,4,8
NA1_5505583936,266,Aatrox,100,JUNGLE,True,1,6,8
NA1_5505583936,893,Aurora,100,MIDDLE,True,15,1,6
NA1_5505583936,21,MissFortune,100,BOTTOM,True,8,3,4
NA1_5505583936,43,Karma,100,UTILITY,True,0,5,15
NA1_5505583936,110,Varus,200,TOP,False,4,7,6
NA1_5505583936,421,RekSai,200,JUNGLE,False,6,6,7
NA1_5505583936,31,Chogath,200,MIDDLE,False,1,10,2
NA1_5505583936,236,Lucian,200,BOTTOM,False,8,2,4
NA1_5505583936,350,Yuumi,200,UTILITY,False,0,1,12
NA1_5497862309,122,Darius,100,TOP,False,11,6,4
NA1_5497862309,64,LeeSin,100,JUNGLE,False,8,4,13
NA1_5497862309,78,Poppy,100,MIDDLE,False,7,7,11
NA1_5497862309,498,Xayah,100,BOTTOM,False,19,9,6
NA1_5497862309,267,Nami,100,UTILITY,False,1,5,21
NA1_5497862309,164,Camille,200,TOP,True,14,6,4
NA1_5497862309,14,Sion,200,JUNGLE,True,8,10,9
NA1_5497862309,115,Ziggs,200,MIDDLE,True,3,10,4
NA1_5497862309,145,Kaisa,200,BOTTOM,True,4,10,13
NA1_5497862309,526,Rell,200,UTILITY,True,2,10,22
NA1_5500959314,897,KSante,100,TOP,True,5,4,15
NA1_5500959314,104,Graves,100,JUNGLE,True,16,7,6
NA1_5500959314,90,Malzahar,100,MIDDLE,True,5,7,13
NA1_5500959314,221,Zeri,100,BOTTOM,True,12,6,10
NA1_5500959314,43,Karma,100,UTILITY,True,1,6,22
NA1_5500959314,164,Camille,200,TOP,False,6,7,1
NA1_5500959314,238,Zed,200,JUNGLE,False,12,7,7
NA1_5500959314,777,Yone,200,MIDDLE,False,9,10,3
NA1_5500959314,18,Tristana,200,BOTTOM,False,3,6,10
NA1_5500959314,117,Lulu,200,UTILITY,False,0,9,20
NA1_5504142919,92,Riven,100,TOP,True,0,0,2
NA1_5504142919,20,Nunu,100,JUNGLE,True,1,1,4
NA1_5504142919,777,Yone,100,MIDDLE,True,2,0,0
NA1_5504142919,18,Tristana,100,BOTTOM,True,4,0,0
NA1_5504142919,350,Yuumi,100,UTILITY,True,0,0,4
NA1_5504142919,126,Jayce,200,TOP,False,1,2,0
NA1_5504142919,62,MonkeyKing,200,JUNGLE,False,0,0,0
NA1_5504142919,63,Brand,200,MIDDLE,False,0,1,0
NA1_5504142919,901,Smolder,200,BOTTOM,False,0,1,0
NA1_5504142919,902,Milio,200,UTILITY,False,0,3,0
NA1_5490926135,67,Vayne,100,TOP,False,6,1,1
NA1_5490926135,254,Vi,100,JUNGLE,False,2,3,5
NA1_5490926135,105,Fizz,100,MIDDLE,False,4,8,0
NA1_5490926135,119,Draven,100,BOTTOM,False,0,7,0
NA1_5490926135,111,Nautilus,100,UTILITY,False,0,2,6
NA1_5490926135,150,Gnar,200,TOP,True,2,5,3
NA1_5490926135,56,Nocturne,200,JUNGLE,True,6,2,5
NA1_5490926135,127,Lissandra,200,MIDDLE,True,5,2,7
NA1_5490926135,63,Brand,200,BOTTOM,True,6,1,5
NA1_5490926135,25,Morgana,200,UTILITY,True,2,2,8
NA1_5517467789,92,Riven,100,TOP,True,7,10,5
NA1_5517467789,20,Nunu,100,JUNGLE,True,11,6,20
NA1_5517467789,45,Veigar,100,MIDDLE,True,21,6,7
NA1_5517467789,222,Jinx,100,BOTTOM,True,4,2,9
NA1_5517467789,888,Renata,100,UTILITY,True,1,9,21
NA1_5517467789,887,Gwen,200,TOP,False,7,9,9
NA1_5517467789,102,Shyvana,200,JUNGLE,False,9,7,13
NA1_5517467789,157,Yasuo,200,MIDDLE,False,6,14,9
NA1_5517467789,804,Yunara,200,BOTTOM,False,10,7,1
NA1_5517467789,518,Neeko,200,UTILITY,False,1,7,16
NA1_5496940721,164,Camille,100,TOP,True,5,0,5
NA1_5496940721,64,LeeSin,100,JUNGLE,True,8,2,5
NA1_5496940721,34,Anivia,100,MIDDLE,True,4,3,3
NA1_5496940721,804,Yunara,100,BOTTOM,True,1,2,5
NA1_5496940721,497,Rakan,100,UTILITY,True,2,3,10
NA1_5496940721,31,Chogath,200,TOP,False,2,4,2
NA1_5496940721,2,Olaf,200,JUNGLE,False,5,5,1
NA1_5496940721,55,Katarina,200,MIDDLE,False,1,3,2
NA1_5496940721,235,Senna,200,BOTTOM,False,2,3,3
NA1_5496940721,432,Bard,200,UTILITY,False,0,5,6
NA1_5499691535,75,Nasus,100,TOP,False,4,9,11
NA1_5499691535,9,FiddleSticks,100,JUNGLE,False,9,8,10
NA1_5499691535,84,Akali,100,MIDDLE,False,16,8,7
NA1_5499691535,81,Ezreal,100,BOTTOM,False,5,12,14
NA1_5499691535,37,Sona,100,UTILITY,False,5,12,19
NA1_5499691535,122,Darius,200,TOP,True,7,8,6
NA1_5499691535,64,LeeSin,200,JUNGLE,True,17,7,9
NA1_5499691535,268,Azir,200,MIDDLE,True,14,4,13
NA1_5499691535,22,Ashe,200,BOTTOM,True,5,12,24
NA1_5499691535,497,Rakan,200,UTILITY,True,5,8,28
NA1_5493089845,240,Kled,100,TOP,True,9,1,4
NA1_5493089845,121,Khazix,100,JUNGLE,True,5,0,0
NA1_5493089845,8,Vladimir,100,MIDDLE,True,13,0,3
NA1_5493089845,222,Jinx,100,BOTTOM,True,2,6,6
NA1_5493089845,26,Zilean,100,UTILITY,True,1,4,12
NA1_5493089845,10,Kayle,200,TOP,False,0,7,0
NA1_5493089845,234,Viego,200,JUNGLE,False,3,6,2
NA1_5493089845,38,Kassadin,200,MIDDLE,False,1,5,0
NA1_5493089845,51,Caitlyn,200,BOTTOM,False,5,8,3
NA1_5493089845,267,Nami,200,UTILITY,False,1,4,7
NA1_5517057284,82,Mordekaiser,100,TOP,True,6,9,7
NA1_5517057284,154,Zac,100,JUNGLE,True,9,3,14
NA1_5517057284,711,Vex,100,MIDDLE,True,14,2,5
NA1_5517057284,523,Aphelios,100,BOTTOM,True,6,10,16
NA1_5517057284,412,Thresh,100,UTILITY,True,2,5,23
NA1_5517057284,106,Volibear,200,TOP,False,7,8,5
NA1_5517057284,233,Briar,200,JUNGLE,False,9,5,6
NA1_5517057284,910,Hwei,200,MIDDLE,False,1,5,8
NA1_5517057284,222,Jinx,200,BOTTOM,False,12,10,5
NA1_5517057284,98,Shen,200,UTILITY,False,0,9,15
NA1_5486084713,41,Gangplank,100,TOP,False,6,8,8
NA1_5486084713,28,Evelynn,100,JUNGLE,False,6,12,8
NA1_5486084713,105,Fizz,100,MIDDLE,False,6,13,4
NA1_5486084713,221,Zeri,100,BOTTOM,False,4,11,4
NA1_5486084713,37,Sona,100,UTILITY,False,3,7,12
NA1_5486084713,6,Urgot,200,TOP,True,11,7,8
NA1_5486084713,64,LeeSin,200,JUNGLE,True,12,3,12
NA1_5486084713,131,Diana,200,MIDDLE,True,9,4,6
NA1_5486084713,119,Draven,200,BOTTOM,True,18,5,5
NA1_5486084713,89,Leona,200,UTILITY,True,1,7,21
NA1_5486614129,114,Fiora,100,TOP,True,4,4,6
NA1_5486614129,91,Talon,100,JUNGLE,True,11,3,12
NA1_5486614129,799,Ambessa,100,MIDDLE,True,6,6,12
NA1_5486614129,800,Mel,100,BOTTOM,True,13,4,9
NA1_5486614129,518,Neeko,100,UTILITY,True,3,6,21
NA1_5486614129,58,Renekton,200,TOP,False,6,6,1
NA1_5486614129,5,XinZhao,200,JUNGLE,False,5,8,10
NA1_5486614129,157,Yasuo,200,MIDDLE,False,5,6,7
NA1_5486614129,110,Varus,200,BOTTOM,False,6,9,4
NA1_5486614129,12,Alistar,200,UTILITY,False,1,8,12
NA1_5505747377,86,Garen,100,TOP,True,8,7,3
NA1_5505747377,799,Ambessa,100,JUNGLE,True,8,6,11
NA1_5505747377,84,Akali,100,MIDDLE,True,21,2,10
NA1_5505747377,202,Jhin,100,BOTTOM,True,4,5,10
NA1_5505747377,89,Leona,100,UTILITY,True,2,9,17
NA1_5505747377,122,Darius,200,TOP,False,11,10,1
NA1_5505747377,91,Talon,200,JUNGLE,False,4,8,4
NA1_5505747377,163,Taliyah,200,MIDDLE,False,2,10,12
NA1_5505747377,145,Kaisa,200,BOTTOM,False,12,8,6
NA1_5505747377,43,Karma,200,UTILITY,False,0,7,14
NA1_5487408411,98,Shen,100,TOP,True,3,4,10
NA1_5487408411,246,Qiyana,100,JUNGLE,True,5,1,13
NA1_5487408411,101,Xerath,100,MIDDLE,True,12,6,9
NA1_5487408411,800,Mel,100,BOTTOM,True,17,0,8
NA1_5487408411,267,Nami,100,UTILITY,True,0,1,25
NA1_5487408411,897,KSante,200,TOP,False,6,4,1
NA1_5487408411,203,Kindred,200,JUNGLE,False,3,6,1
NA1_5487408411,142,Zoe,200,MIDDLE,False,3,12,0
NA1_5487408411,112,Viktor,200,BOTTOM,False,0,6,1
NA1_5487408411,37,Sona,200,UTILITY,False,0,9,1
NA1_5499867126,893,Aurora,100,TOP,False,2,8,1
NA1_5499867126,427,Ivern,100,JUNGLE,False,1,5,7
NA1_5499867126,61,Orianna,100,MIDDLE,False,4,3,2
NA1_5499867126,222,Jinx,100,BOTTOM,False,3,6,3
NA1_5499867126,201,Braum,100,UTILITY,False,0,7,6
NA1_5499867126,50,Swain,200,TOP,True,3,0,8
NA1_5499867126,121,Khazix,200,JUNGLE,True,5,4,6
NA1_5499867126,55,Katarina,200,MIDDLE,True,10,2,4
NA1_5499867126,523,Aphelios,200,BOTTOM,True,10,0,9
NA1_5499867126,412,Thresh,200,UTILITY,True,1,4,15
NA1_5470464441,39,Irelia,100,TOP,True,12,6,1
NA1_5470464441,107,Rengar,100,JUNGLE,True,10,2,3
NA1_5470464441,69,Cassiopeia,100,MIDDLE,True,6,7,10
NA1_5470464441,236,Lucian,100,BOTTOM,True,10,5,8
NA1_5470464441,101,Xerath,100,UTILITY,True,9,5,12
NA1_5470464441,126,Jayce,200,TOP,False,4,12,2
NA1_5470464441,11,MasterYi,200,JUNGLE,False,10,10,1
NA1_5470464441,245,Ekko,200,MIDDLE,False,5,8,3
NA1_5470464441,901,Smolder,200,BOTTOM,False,5,11,3
NA1_5470464441,16,Soraka,200,UTILITY,False,0,6,9
NA1_5495109004,54,Malphite,100,TOP,True,3,3,5
NA1_5495109004,76,Nidalee,100,JUNGLE,True,10,2,8
NA1_5495109004,112,Viktor,100,MIDDLE,True,3,3,5
NA1_5495109004,42,Corki,100,BOTTOM,True,10,3,7
NA1_5495109004,267,Nami,100,UTILITY,True,1,4,18
NA1_5495109004,517,Sylas,200,TOP,False,5,4,3
NA1_5495109004,104,Graves,200,JUNGLE,False,6,4,2
NA1_5495109004,8,Vladimir,200,MIDDLE,False,0,4,4
NA1_5495109004,18,Tristana,200,BOTTOM,False,3,7,2
NA1_5495109004,89,Leona,200,UTILITY,False,1,9,3
NA1_5497323120,114,Fiora,100,TOP,True,4,9,7
NA1_5497323120,36,DrMundo,100,JUNGLE,True,10,6,9
NA1_5497323120,90,Malzahar,100,MIDDLE,True,3,4,10
NA1_5497323120,901,Smolder,100,BOTTOM,True,10,5,8
NA1_5497323120,350,Yuumi,100,UTILITY,True,1,3,17
NA1_5497323120,420,Illaoi,200,TOP,False,8,6,6
NA1_5497323120,104,Graves,200,JUNGLE,False,6,7,9
NA1_5497323120,92,Riven,200,MIDDLE,False,7,3,6
NA1_5497323120,163,Taliyah,200,BOTTOM,False,6,8,11
NA1_5497323120,267,Nami,200,UTILITY,False,0,4,21
